{
"type": "FeatureCollection",
"name": "forest_all",
"crs": { "type": "name", "properties": { "name": "urn:ogc:def:crs:OGC:1.3:CRS84" } },
"features": [
{ "type": "Feature", "properties": { "id": 20566008, "name": null, "forest_area_ha": 0.14212688805007853, "source_layer": "natural", "source": "OSM" }, "geometry": { "type": "Polygon", "coordinates": [ [ [ 103.7254261, 1.4145408 ], [ 103.7254663, 1.4145057 ], [ 103.7255185, 1.4144561 ], [ 103.7255826, 1.4144446 ], [ 103.7256465, 1.4143432 ], [ 103.7256667, 1.4142674 ], [ 103.725558, 1.4142519 ], [ 103.7255897, 1.4141896 ], [ 103.7255412, 1.4141518 ], [ 103.7253655, 1.4141858 ], [ 103.7253516, 1.4141178 ], [ 103.725277, 1.4140907 ], [ 103.725209, 1.4141315 ], [ 103.7251815, 1.4141707 ], [ 103.7252206, 1.4141845 ], [ 103.72527220000002, 1.4141619 ], [ 103.725318800000011, 1.414187 ], [ 103.7253125, 1.4142588 ], [ 103.7252496, 1.4142525 ], [ 103.725242, 1.4143017 ], [ 103.7252735, 1.4143508 ], [ 103.7253264, 1.4143508 ], [ 103.7253302, 1.4144289 ], [ 103.7252861, 1.4144452 ], [ 103.7252777, 1.4144861 ], [ 103.7253782, 1.4145524 ], [ 103.7254261, 1.4145408 ] ] ] } },
{ "type": "Feature", "properties": { "id": 20566028, "name": null, "forest_area_ha": 0.011938477940047978, "source_layer": "natural", "source": "OSM" }, "geometry": { "type": "Polygon", "coordinates": [ [ [ 103.7321253, 1.4126207 ], [ 103.7321491, 1.4125717 ], [ 103.7321147, 1.4125292 ], [ 103.7320482, 1.4125408 ], [ 103.7320277, 1.4125613 ], [ 103.7320579, 1.4126399 ], [ 103.7320941, 1.4126504 ], [ 103.7321253, 1.4126207 ] ] ] } },
{ "type": "Feature", "properties": { "id": 22896193, "name": "Pulau Seletar", "forest_area_ha": 37.781674589601572, "source_layer": "natural", "source": "OSM" }, "geometry": { "type": "Polygon", "coordinates": [ [ [ 103.8598654, 1.44523 ], [ 103.859855100000019, 1.4455609 ], [ 103.859822, 1.4458018 ], [ 103.8597336, 1.4460797 ], [ 103.8596535, 1.4462815 ], [ 103.859276, 1.44708 ], [ 103.8589426, 1.4476448 ], [ 103.858478, 1.4483935 ], [ 103.8582232, 1.448898 ], [ 103.8581263, 1.449069 ], [ 103.8580493, 1.4491704 ], [ 103.858044678218121, 1.44917441641939 ], [ 103.858022543087472, 1.449224016496585 ], [ 103.857839013340822, 1.449685032308466 ], [ 103.857758174781765, 1.449897151665306 ], [ 103.857753450345569, 1.449910151963539 ], [ 103.8577915, 1.449909 ], [ 103.8580022, 1.4498692 ], [ 103.858214300000014, 1.4498079 ], [ 103.8584453, 1.4496899 ], [ 103.8591926, 1.449185 ], [ 103.8593136, 1.4490789 ], [ 103.8604788, 1.4478344 ], [ 103.8612203, 1.4470889 ], [ 103.8613363, 1.4469557 ], [ 103.861484600000011, 1.4467437 ], [ 103.8619676, 1.4460495 ], [ 103.8622263, 1.4456375 ], [ 103.8627813, 1.4448378 ], [ 103.8629224, 1.4445626 ], [ 103.863044, 1.4442835 ], [ 103.8632089, 1.4439537 ], [ 103.8634634, 1.4435891 ], [ 103.8637891, 1.4432 ], [ 103.8644701, 1.4424556 ], [ 103.8646576, 1.442205 ], [ 103.8651305, 1.4414685 ], [ 103.8654892, 1.4408709 ], [ 103.8657497, 1.4401989 ], [ 103.8658558, 1.4397211 ], [ 103.8659738, 1.4390367 ], [ 103.8659887, 1.438758 ], [ 103.865942, 1.4385538 ], [ 103.8658082, 1.4383278 ], [ 103.8657402, 1.4381642 ], [ 103.8654948, 1.4378111 ], [ 103.8651331, 1.4374101 ], [ 103.8650567, 1.4373767 ], [ 103.8649857, 1.4373926 ], [ 103.8649062, 1.4374487 ], [ 103.8645716, 1.4377994 ], [ 103.8642211, 1.4380627 ], [ 103.8640026, 1.43826 ], [ 103.8638027, 1.4384711 ], [ 103.8637128, 1.4386158 ], [ 103.863567, 1.4388086 ], [ 103.8633738, 1.4391797 ], [ 103.8632588, 1.4393482 ], [ 103.8629475, 1.4397831 ], [ 103.862937231886832, 1.439794518144281 ], [ 103.862933768541311, 1.439829639072915 ], [ 103.862917305228706, 1.439890249737897 ], [ 103.862880497110524, 1.439906752141242 ], [ 103.862832795084799, 1.439910651883899 ], [ 103.8626225, 1.4401445 ], [ 103.862414900000019, 1.4404093 ], [ 103.8621258, 1.4408596 ], [ 103.861985300000015, 1.4411256 ], [ 103.8619671, 1.4414669 ], [ 103.8619535, 1.4416182 ], [ 103.8619564, 1.4418599 ], [ 103.8618854, 1.4418976 ], [ 103.8618377, 1.4418078 ], [ 103.8617944, 1.4417502 ], [ 103.8617464, 1.4417166 ], [ 103.8616885, 1.4416978 ], [ 103.8616248, 1.4417297 ], [ 103.8615611, 1.4417919 ], [ 103.8614901, 1.4418845 ], [ 103.8612903, 1.4420438 ], [ 103.8611231, 1.4421166 ], [ 103.8609735, 1.442237 ], [ 103.8607653, 1.4424242 ], [ 103.860343300000011, 1.4428588 ], [ 103.8602511, 1.442976 ], [ 103.8601141, 1.443185 ], [ 103.859930600000013, 1.443487 ], [ 103.8598973, 1.4436188 ], [ 103.8598363, 1.4439698 ], [ 103.8597843, 1.4442803 ], [ 103.859774700000017, 1.4445289 ], [ 103.8598249, 1.4448956 ], [ 103.859828931541045, 1.444928887593009 ], [ 103.859830346678947, 1.444929737584697 ], [ 103.85983005014343, 1.444938123659272 ], [ 103.8598654, 1.44523 ] ] ] } },
{ "type": "Feature", "properties": { "id": 30527040, "name": null, "forest_area_ha": 0.24364460138837499, "source_layer": "natural", "source": "OSM" }, "geometry": { "type": "Polygon", "coordinates": [ [ [ 103.9910394, 1.390341 ], [ 103.9910546, 1.3904212 ], [ 103.9911856, 1.3904794 ], [ 103.9913238, 1.3904575 ], [ 103.9914111, 1.3904942 ], [ 103.9916293, 1.3904575 ], [ 103.9918257, 1.3903194 ], [ 103.9918839, 1.3901521 ], [ 103.9917821, 1.3901012 ], [ 103.9916288, 1.3901179 ], [ 103.9915794, 1.3902394 ], [ 103.9915292, 1.3902675 ], [ 103.9912656, 1.390203 ], [ 103.991062, 1.3902577 ], [ 103.9910394, 1.390341 ] ] ] } },
{ "type": "Feature", "properties": { "id": 30527042, "name": null, "forest_area_ha": 0.054105117234488458, "source_layer": "natural", "source": "OSM" }, "geometry": { "type": "Polygon", "coordinates": [ [ [ 103.9919719, 1.3885257 ], [ 103.9918792, 1.3885906 ], [ 103.9919997, 1.3886739 ], [ 103.9920924, 1.388535 ], [ 103.9921665, 1.3884238 ], [ 103.992148, 1.3883033 ], [ 103.9920275, 1.3883682 ], [ 103.9919719, 1.3885257 ] ] ] } },
{ "type": "Feature", "properties": { "id": 33298816, "name": null, "forest_area_ha": 5.1246822327878352, "source_layer": "natural", "source": "OSM" }, "geometry": { "type": "Polygon", "coordinates": [ [ [ 103.8743896, 1.3993394 ], [ 103.8742447, 1.3994149 ], [ 103.8740918, 1.399456 ], [ 103.8739866, 1.3995022 ], [ 103.8738078, 1.3995034 ], [ 103.8737208, 1.3994588 ], [ 103.8735987, 1.3994335 ], [ 103.8732645, 1.3992798 ], [ 103.8730475, 1.3997459 ], [ 103.8726142, 1.3995471 ], [ 103.8725486, 1.3996413 ], [ 103.8725138, 1.3997217 ], [ 103.8724409, 1.4001854 ], [ 103.872444, 1.400313 ], [ 103.8724981, 1.4004109 ], [ 103.8725556, 1.4003834 ], [ 103.872593, 1.4004184 ], [ 103.8734847, 1.4005637 ], [ 103.8742406, 1.4006561 ], [ 103.8750096, 1.400692 ], [ 103.8757389, 1.4007057 ], [ 103.875711, 1.4003849 ], [ 103.8757394, 1.400336 ], [ 103.8757556, 1.4002781 ], [ 103.875740400000012, 1.4000933 ], [ 103.8757405, 1.3997941 ], [ 103.875659, 1.3990649 ], [ 103.875624, 1.3990207 ], [ 103.8755568, 1.39898 ], [ 103.8754549, 1.3989395 ], [ 103.8751403, 1.3989786 ], [ 103.8747572, 1.3991034 ], [ 103.8743896, 1.3993394 ] ] ] } },
{ "type": "Feature", "properties": { "id": 47418820, "name": null, "forest_area_ha": 0.32201898123894002, "source_layer": "natural", "source": "OSM" }, "geometry": { "type": "Polygon", "coordinates": [ [ [ 103.813487703560668, 1.253034138864027 ], [ 103.813481070671145, 1.253020690705031 ], [ 103.813478715663479, 1.253015916543804 ], [ 103.813475038016719, 1.253011799845911 ], [ 103.813474961641489, 1.253011839637392 ], [ 103.813474775648572, 1.253011505020906 ], [ 103.813460636521029, 1.252995676715367 ], [ 103.813457027161917, 1.252991635984642 ], [ 103.813456980438843, 1.252991583531116 ], [ 103.813451742061048, 1.252985719587925 ], [ 103.813439868068471, 1.252977314328173 ], [ 103.813428632926417, 1.252969361255781 ], [ 103.813419763597679, 1.25296308308557 ], [ 103.813415189210062, 1.252960216213257 ], [ 103.813398360747044, 1.252949671187623 ], [ 103.813387970211153, 1.252943173244943 ], [ 103.81338769975541, 1.252942989656752 ], [ 103.813370041056103, 1.252931923710282 ], [ 103.813367775873445, 1.25293086558578 ], [ 103.813368235920663, 1.25293079324009 ], [ 103.813357762712386, 1.252925334412138 ], [ 103.813350576303307, 1.252922325534357 ], [ 103.813340218098276, 1.252917988119915 ], [ 103.813336353538958, 1.252916370181109 ], [ 103.813325472391995, 1.252911813906228 ], [ 103.813308783157439, 1.25290708213982 ], [ 103.813300549957503, 1.252904747910218 ], [ 103.81329512555196, 1.252903209543474 ], [ 103.813281591044671, 1.252899372218233 ], [ 103.813276062410054, 1.252897804910964 ], [ 103.813263127202177, 1.252896492577537 ], [ 103.813259746041638, 1.25289614889275 ], [ 103.813239025089416, 1.252894046988457 ], [ 103.813233425463451, 1.252893479003967 ], [ 103.813223243345163, 1.252892445236038 ], [ 103.813211844620085, 1.25289128846504 ], [ 103.813204517119772, 1.252891224198469 ], [ 103.813199256231684, 1.252891629313347 ], [ 103.813199270606347, 1.25289186625711 ], [ 103.813197463666071, 1.252891767667341 ], [ 103.813179422099566, 1.252893156632502 ], [ 103.813158098206102, 1.252894798794333 ], [ 103.813152609990155, 1.252895221090278 ], [ 103.813144347116179, 1.252895857699228 ], [ 103.813130719113076, 1.252898431416534 ], [ 103.813128040593327, 1.252899210054089 ], [ 103.8130819262052, 1.252912606960061 ], [ 103.813079392348868, 1.25291334309352 ], [ 103.813062918688473, 1.252918128865291 ], [ 103.813052598165754, 1.25292112675516 ], [ 103.813039936951029, 1.252927364966805 ], [ 103.813039373568927, 1.252927973600105 ], [ 103.813036857681766, 1.252928882467401 ], [ 103.81298007764542, 1.252956857653426 ], [ 103.812955929550085, 1.252974779267253 ], [ 103.812934557025315, 1.252990641663329 ], [ 103.812926839518525, 1.252996368946885 ], [ 103.812921417751838, 1.253002164075785 ], [ 103.812916924172924, 1.253006967123464 ], [ 103.812899084637465, 1.253026035521135 ], [ 103.812888642749499, 1.253037195304203 ], [ 103.81287912994776, 1.253047363006022 ], [ 103.812873475460023, 1.253053406833399 ], [ 103.812866863119794, 1.25306214656551 ], [ 103.812865067841102, 1.253064519605349 ], [ 103.812860952537591, 1.253069958424564 ], [ 103.812812707341749, 1.253133723017431 ], [ 103.812772982954527, 1.253189383661225 ], [ 103.812742381456019, 1.253228613871881 ], [ 103.812728959999987, 1.253245576941369 ], [ 103.812727530438565, 1.253245860900692 ], [ 103.81272174654012, 1.253254694692923 ], [ 103.812697514777696, 1.253285320824145 ], [ 103.812629486450177, 1.253376597850692 ], [ 103.81255350601613, 1.253483339454545 ], [ 103.81252769981927, 1.253540305204179 ], [ 103.81251916343561, 1.253585876091814 ], [ 103.812526324410726, 1.253623850438403 ], [ 103.812539954746242, 1.253667856951686 ], [ 103.812558320451672, 1.253696353641741 ], [ 103.812582131279385, 1.253720174807716 ], [ 103.812601114402497, 1.253732461662893 ], [ 103.812601835019009, 1.253732928321011 ], [ 103.812610464446536, 1.253738513748426 ], [ 103.812614804319011, 1.253741322740893 ], [ 103.812621222492254, 1.253743693132843 ], [ 103.812631785571995, 1.25374699595815 ], [ 103.812637346553672, 1.253748735096432 ], [ 103.812640453658958, 1.253749707313596 ], [ 103.812645196981364, 1.253751190510024 ], [ 103.81265340951532, 1.253753758972114 ], [ 103.812662243829763, 1.253756521877616 ], [ 103.812679559416509, 1.253751884431049 ], [ 103.81268770419473, 1.253749703195337 ], [ 103.812714596992933, 1.253726833294984 ], [ 103.812717476665796, 1.253722690018574 ], [ 103.812727962701814, 1.253696608213002 ], [ 103.812725500892412, 1.253676178586554 ], [ 103.812716632532926, 1.253660777179139 ], [ 103.812684896677439, 1.253637281522921 ], [ 103.812717382408096, 1.253596580830486 ], [ 103.812729931384837, 1.253580858543102 ], [ 103.812778847707136, 1.253527980704203 ], [ 103.812808447325807, 1.253491732176988 ], [ 103.81284783649771, 1.253444824879756 ], [ 103.812897104153976, 1.253390129267453 ], [ 103.812941587982635, 1.253342990491244 ], [ 103.812994909800409, 1.25328781559526 ], [ 103.813059663679965, 1.253221837242004 ], [ 103.813114299111433, 1.253170622568339 ], [ 103.813155091684777, 1.253135489206009 ], [ 103.813212247402845, 1.253095109747733 ], [ 103.813237174524545, 1.253076847191903 ], [ 103.813271730332758, 1.253051528853717 ], [ 103.813296368156387, 1.253029453491908 ], [ 103.813316234505479, 1.253045190501482 ], [ 103.813330113994297, 1.253056184070059 ], [ 103.813370001240742, 1.253087621010779 ], [ 103.813397344205271, 1.253108993175872 ], [ 103.813421972794416, 1.253119854788973 ], [ 103.813448674376374, 1.25311918938039 ], [ 103.813449129033373, 1.253118994041001 ], [ 103.813449180248128, 1.253119176723147 ], [ 103.813465138155237, 1.253114181132299 ], [ 103.813468491482794, 1.253111722189241 ], [ 103.813472855238274, 1.253107289773765 ], [ 103.8134695, 1.2530973 ], [ 103.813487802460003, 1.25308645882166 ], [ 103.813488005023686, 1.25308601576071 ], [ 103.813489140782607, 1.253083531478487 ], [ 103.8134920403824, 1.253077187379554 ], [ 103.813491655866798, 1.253069919898842 ], [ 103.813491541753891, 1.25306988914956 ], [ 103.813491628016337, 1.253069396271261 ], [ 103.813490386959856, 1.253045939890333 ], [ 103.813487703560668, 1.253034138864027 ] ] ] } },
{ "type": "Feature", "properties": { "id": 47418822, "name": null, "forest_area_ha": 0.13300029161981156, "source_layer": "natural", "source": "OSM" }, "geometry": { "type": "Polygon", "coordinates": [ [ [ 103.810500204412634, 1.254790856619293 ], [ 103.810479115106645, 1.25479577280454 ], [ 103.810482187816021, 1.254825806794858 ], [ 103.810526789215857, 1.25487226968506 ], [ 103.8105653, 1.2549078 ], [ 103.8105674, 1.2549876 ], [ 103.810507028127972, 1.255029304931638 ], [ 103.810502636483434, 1.255040132447489 ], [ 103.810365625703739, 1.255158641170097 ], [ 103.8103581, 1.2552042 ], [ 103.8104255, 1.2552695 ], [ 103.8105037, 1.2552445 ], [ 103.8106022, 1.2551418 ], [ 103.810774049334171, 1.255301324076615 ], [ 103.810800927884543, 1.255316328136684 ], [ 103.810894590615064, 1.255313534459184 ], [ 103.810923543587819, 1.255253558470088 ], [ 103.810922686193877, 1.255240205353187 ], [ 103.81086221789424, 1.25516192642259 ], [ 103.810648809623245, 1.254994933562248 ], [ 103.810645631829033, 1.254984467582698 ], [ 103.8106438, 1.254983 ], [ 103.810641315835355, 1.254970252973788 ], [ 103.810619257833864, 1.254897605537515 ], [ 103.81054465364204, 1.254817423879218 ], [ 103.810514349332891, 1.254797258341996 ], [ 103.810500204412634, 1.254790856619293 ] ] ] } },
{ "type": "Feature", "properties": { "id": 52238933, "name": null, "forest_area_ha": 1.9423674454951885, "source_layer": "natural", "source": "OSM" }, "geometry": { "type": "Polygon", "coordinates": [ [ [ 103.8340492, 1.3022232 ], [ 103.8344315, 1.3019004 ], [ 103.835167500000011, 1.3014874 ], [ 103.8351995, 1.3014554 ], [ 103.8351999, 1.301403 ], [ 103.8349975, 1.3010539 ], [ 103.8348435, 1.3009478 ], [ 103.834589, 1.3009136 ], [ 103.834363, 1.300974 ], [ 103.8330715, 1.3022286 ], [ 103.8335004, 1.3027183 ], [ 103.8340492, 1.3022232 ] ] ] } },
{ "type": "Feature", "properties": { "id": 54725332, "name": "Coastal Forest", "forest_area_ha": 2.4164152557731602, "source_layer": "natural", "source": "OSM" }, "geometry": { "type": "Polygon", "coordinates": [ [ [ 103.9912104, 1.4093247 ], [ 103.9914998, 1.4091981 ], [ 103.9915698, 1.4092005 ], [ 103.9915829, 1.4091709 ], [ 103.991565100000017, 1.4091341 ], [ 103.9917301, 1.4089442 ], [ 103.9920078, 1.408701 ], [ 103.9921367, 1.4084565 ], [ 103.9922072, 1.4084162 ], [ 103.9922986, 1.4084031 ], [ 103.9923473, 1.4083806 ], [ 103.9923793, 1.4083236 ], [ 103.9923787, 1.4082651 ], [ 103.9923082, 1.4080923 ], [ 103.9922612, 1.4079849 ], [ 103.992163, 1.4079186 ], [ 103.992058, 1.4079144 ], [ 103.9918616, 1.4077894 ], [ 103.9917313, 1.4076867 ], [ 103.9916669, 1.4078204 ], [ 103.9915049, 1.4079429 ], [ 103.9912926, 1.4079999 ], [ 103.9912078, 1.4080763 ], [ 103.9910442, 1.4081216 ], [ 103.9908761, 1.4080667 ], [ 103.9905415, 1.408697 ], [ 103.990071, 1.4091693 ], [ 103.9907246, 1.4093016 ], [ 103.9912104, 1.4093247 ] ] ] } },
{ "type": "Feature", "properties": { "id": 55609460, "name": null, "forest_area_ha": 87.675751330213302, "source_layer": "natural", "source": "OSM" }, "geometry": { "type": "Polygon", "coordinates": [ [ [ 103.7198999, 1.2058755 ], [ 103.7187841, 1.2060257 ], [ 103.7183227, 1.2065835 ], [ 103.7179365, 1.2078492 ], [ 103.717839900000016, 1.208718 ], [ 103.7178077, 1.2092758 ], [ 103.716531, 1.2093938 ], [ 103.7154259, 1.2095547 ], [ 103.7132265, 1.2093295 ], [ 103.7132051, 1.2087073 ], [ 103.7128296, 1.2081495 ], [ 103.7125828, 1.2076454 ], [ 103.7121966, 1.2071842 ], [ 103.7116387, 1.2069375 ], [ 103.7112632, 1.2069375 ], [ 103.7110378, 1.2062295 ], [ 103.7095251, 1.2062831 ], [ 103.7084307, 1.2062188 ], [ 103.7088277, 1.2067015 ], [ 103.7098469, 1.2071091 ], [ 103.7106731, 1.2076883 ], [ 103.7114885, 1.208407 ], [ 103.7119713, 1.2088897 ], [ 103.7124326, 1.2094796 ], [ 103.7127652, 1.2101768 ], [ 103.7134411, 1.2108312 ], [ 103.7139239, 1.2111637 ], [ 103.7145247, 1.2114211 ], [ 103.715071900000012, 1.2115069 ], [ 103.7153401, 1.2116464 ], [ 103.717046, 1.2119574 ], [ 103.717133846744943, 1.212023264595308 ], [ 103.717350255216147, 1.212075144144803 ], [ 103.7175502, 1.2119789 ], [ 103.7177541, 1.2120003 ], [ 103.7181798, 1.212015 ], [ 103.7192277, 1.212256 ], [ 103.7200818, 1.2125695 ], [ 103.7205221, 1.2127405 ], [ 103.7211473, 1.2130316 ], [ 103.72148876121112, 1.213402720847975 ], [ 103.72155885184435, 1.213417289556288 ], [ 103.7235155, 1.2130194 ], [ 103.723368941694247, 1.212561544011924 ], [ 103.723336982504918, 1.212492228506322 ], [ 103.723299176010684, 1.212196536193648 ], [ 103.723262205725206, 1.212108883748446 ], [ 103.723311108786746, 1.211961040364592 ], [ 103.723411560915721, 1.211779231182716 ], [ 103.723487355679495, 1.211650796537885 ], [ 103.723542216689594, 1.211556020255069 ], [ 103.7236228, 1.211228 ], [ 103.7241592, 1.2106059 ], [ 103.724444460765284, 1.210425475438653 ], [ 103.724448328623168, 1.210422393040177 ], [ 103.724559333804663, 1.210349379191114 ], [ 103.724579599471284, 1.210340001548227 ], [ 103.7246849, 1.2102734 ], [ 103.724856362604356, 1.21020947399304 ], [ 103.725111668631129, 1.210073742297181 ], [ 103.725313973579205, 1.209974849185472 ], [ 103.725568973183016, 1.209931703149824 ], [ 103.725901111001889, 1.209888315986091 ], [ 103.726181839969485, 1.209924899631938 ], [ 103.72648342370087, 1.209977455141419 ], [ 103.726687483217106, 1.210021207301369 ], [ 103.726863661618367, 1.210071930990681 ], [ 103.727042777049775, 1.210151277901064 ], [ 103.727140002585173, 1.210216441149742 ], [ 103.72714494215505, 1.210221715215543 ], [ 103.7279894, 1.2105094 ], [ 103.7279787, 1.2102519 ], [ 103.7276032, 1.2098765 ], [ 103.7273028, 1.2094153 ], [ 103.7274959, 1.2091257 ], [ 103.7279036, 1.2092436 ], [ 103.7279787, 1.2091042 ], [ 103.727915554753324, 1.208981648380728 ], [ 103.727882986806122, 1.208949926781099 ], [ 103.727799381651209, 1.20888972000792 ], [ 103.727662333298909, 1.208635398474914 ], [ 103.727646628819031, 1.208550669433781 ], [ 103.7276354, 1.2085357 ], [ 103.727641486676816, 1.208522926471445 ], [ 103.727638473788062, 1.208506671288944 ], [ 103.727573490676377, 1.208460436757096 ], [ 103.727613222228996, 1.208407769065028 ], [ 103.727663351671922, 1.208300612046095 ], [ 103.727753994742798, 1.208154199078145 ], [ 103.727791212562181, 1.208080907915955 ], [ 103.7275943, 1.208011 ], [ 103.7271848, 1.2080347 ], [ 103.7272235, 1.2072647 ], [ 103.727101, 1.2071602 ], [ 103.7271036, 1.2063764 ], [ 103.7271976, 1.2061978 ], [ 103.727242, 1.2061073 ], [ 103.7266054, 1.2061008 ], [ 103.7263694, 1.2058326 ], [ 103.7246098, 1.2058219 ], [ 103.7198999, 1.2058755 ] ] ] } },
{ "type": "Feature", "properties": { "id": 75313103, "name": "Toh Tuck Forest", "forest_area_ha": 56.422116185946166, "source_layer": "natural", "source": "OSM" }, "geometry": { "type": "Polygon", "coordinates": [ [ [ 103.7616621, 1.3409006 ], [ 103.7616047, 1.3410587 ], [ 103.7614234, 1.3411306 ], [ 103.7612702, 1.3414384 ], [ 103.7611163, 1.3424998 ], [ 103.7611096, 1.3430321 ], [ 103.7611557, 1.3438094 ], [ 103.7611452, 1.3449985 ], [ 103.7611517, 1.345772 ], [ 103.7610645, 1.3458634 ], [ 103.7610817, 1.3464021 ], [ 103.7623538, 1.3464466 ], [ 103.7636947, 1.3466131 ], [ 103.7642345, 1.3459014 ], [ 103.7638287, 1.3457156 ], [ 103.7641865, 1.3450393 ], [ 103.7651411, 1.3447387 ], [ 103.7657377, 1.3436662 ], [ 103.7671347, 1.3427941 ], [ 103.7668955, 1.3422166 ], [ 103.7651224, 1.3421104 ], [ 103.764867, 1.3407447 ], [ 103.764702, 1.3396886 ], [ 103.7640939, 1.3394521 ], [ 103.7641154, 1.3386155 ], [ 103.7644972, 1.3365912 ], [ 103.7645675, 1.3364929 ], [ 103.7645958, 1.3364625 ], [ 103.7648115, 1.3361655 ], [ 103.765308600000012, 1.3354569 ], [ 103.7655097, 1.3354408 ], [ 103.7655858, 1.3353795 ], [ 103.7656045, 1.3347296 ], [ 103.765757500000021, 1.3347277 ], [ 103.7658558, 1.3345748 ], [ 103.7658748, 1.334211 ], [ 103.7657445, 1.3342094 ], [ 103.7656841, 1.3340457 ], [ 103.765629810081293, 1.334065746216796 ], [ 103.765629657826707, 1.334077254523905 ], [ 103.765629344484779, 1.334100823143322 ], [ 103.765629656928155, 1.33407725452388 ], [ 103.765629809184503, 1.33406574654793 ], [ 103.7654474, 1.3341331 ], [ 103.7650962, 1.3340743 ], [ 103.7648484, 1.3339247 ], [ 103.7645208, 1.3334665 ], [ 103.7644395, 1.3332879 ], [ 103.762809500000017, 1.3342356 ], [ 103.7613313, 1.3352244 ], [ 103.7605239, 1.3357289 ], [ 103.760799800000015, 1.3358712 ], [ 103.76073, 1.3360321 ], [ 103.7605691, 1.3359597 ], [ 103.760823, 1.337752 ], [ 103.7617443, 1.338047 ], [ 103.7619589, 1.3381972 ], [ 103.7620876, 1.338401 ], [ 103.762152, 1.3386691 ], [ 103.7615642, 1.340771 ], [ 103.7616621, 1.3409006 ] ] ] } },
{ "type": "Feature", "properties": { "id": 75616381, "name": null, "forest_area_ha": 100.43390717057876, "source_layer": "natural", "source": "OSM" }, "geometry": { "type": "Polygon", "coordinates": [ [ [ 103.8293417, 1.3891373 ], [ 103.8284847, 1.3895588 ], [ 103.8286262, 1.3901539 ], [ 103.8274, 1.3911539 ], [ 103.8274682, 1.3913857 ], [ 103.8270785, 1.3915499 ], [ 103.8267764, 1.3918841 ], [ 103.8265131, 1.3919274 ], [ 103.8262927, 1.3917669 ], [ 103.8259624, 1.3919014 ], [ 103.8258831, 1.3918024 ], [ 103.8254497, 1.3918535 ], [ 103.8246056, 1.3907524 ], [ 103.8254435, 1.390362 ], [ 103.8262278, 1.3903041 ], [ 103.826481, 1.3898976 ], [ 103.8268522, 1.3897378 ], [ 103.8271354, 1.3900103 ], [ 103.8272493, 1.3903854 ], [ 103.8275844, 1.3901213 ], [ 103.8278567, 1.3901186 ], [ 103.828203, 1.3899373 ], [ 103.8281645, 1.3896617 ], [ 103.8270792, 1.3882859 ], [ 103.8247702, 1.3844605 ], [ 103.8196045, 1.387607 ], [ 103.8189881, 1.3879365 ], [ 103.8187102, 1.388282 ], [ 103.8185193, 1.3886382 ], [ 103.8182729, 1.3892324 ], [ 103.8182241, 1.3896138 ], [ 103.8182002, 1.3900769 ], [ 103.8182866, 1.3906401 ], [ 103.81839650000002, 1.3911753 ], [ 103.8185735, 1.39176 ], [ 103.8189199, 1.393227 ], [ 103.8190784, 1.3935098 ], [ 103.8193176, 1.3936479 ], [ 103.8196036, 1.3936999 ], [ 103.8206119, 1.393412 ], [ 103.8225702, 1.3930429 ], [ 103.8253496, 1.3927327 ], [ 103.8274524, 1.3927327 ], [ 103.8285596, 1.3928463 ], [ 103.8305957, 1.3931971 ], [ 103.8324311, 1.3934857 ], [ 103.8325251, 1.3932933 ], [ 103.8330664, 1.3930467 ], [ 103.833646500000015, 1.3930042 ], [ 103.8342675, 1.3931922 ], [ 103.8344144, 1.3933007 ], [ 103.8347112, 1.3930328 ], [ 103.8327796, 1.3886042 ], [ 103.832031, 1.3887071 ], [ 103.8314575, 1.3880811 ], [ 103.8293417, 1.3891373 ] ] ] } },
{ "type": "Feature", "properties": { "id": 96920577, "name": null, "forest_area_ha": 0.94072958496878289, "source_layer": "natural", "source": "OSM" }, "geometry": { "type": "Polygon", "coordinates": [ [ [ 103.8050503, 1.2638585 ], [ 103.8051265, 1.2637514 ], [ 103.8053086, 1.2630521 ], [ 103.8053313, 1.2628301 ], [ 103.805295, 1.2626172 ], [ 103.8052361, 1.2625855 ], [ 103.80515, 1.2626398 ], [ 103.8050186, 1.2627485 ], [ 103.8047694, 1.2628935 ], [ 103.804710500000013, 1.2631155 ], [ 103.8046561, 1.2634643 ], [ 103.8045474, 1.2636365 ], [ 103.8043888, 1.2638313 ], [ 103.80428, 1.2639717 ], [ 103.8043434, 1.2640533 ], [ 103.8043978, 1.2640623 ], [ 103.804523, 1.2640893 ], [ 103.8050503, 1.2638585 ] ] ] } },
{ "type": "Feature", "properties": { "id": 97936196, "name": null, "forest_area_ha": 4.972646271395357, "source_layer": "natural", "source": "OSM" }, "geometry": { "type": "Polygon", "coordinates": [ [ [ 104.0551296, 1.3949806 ], [ 104.0547434, 1.3948734 ], [ 104.0539709, 1.3945945 ], [ 104.0537134, 1.3944229 ], [ 104.0531126, 1.3944443 ], [ 104.0526835, 1.3948519 ], [ 104.052662, 1.3955384 ], [ 104.0536705, 1.3961175 ], [ 104.0539924, 1.3963321 ], [ 104.0545288, 1.3962891 ], [ 104.0553228, 1.3959245 ], [ 104.0558377, 1.395903 ], [ 104.0558807, 1.3953238 ], [ 104.0551296, 1.3949806 ] ] ] } },
{ "type": "Feature", "properties": { "id": 97936209, "name": null, "forest_area_ha": 1.5658683051300093, "source_layer": "natural", "source": "OSM" }, "geometry": { "type": "Polygon", "coordinates": [ [ [ 104.051911, 1.3942727 ], [ 104.0516964, 1.3942298 ], [ 104.0501944, 1.3941869 ], [ 104.0515248, 1.3949806 ], [ 104.052147, 1.3950879 ], [ 104.0528551, 1.3943156 ], [ 104.051911, 1.3942727 ] ] ] } },
{ "type": "Feature", "properties": { "id": 97936213, "name": null, "forest_area_ha": 6.7999637138510964, "source_layer": "natural", "source": "OSM" }, "geometry": { "type": "Polygon", "coordinates": [ [ [ 104.0537134, 1.3944229 ], [ 104.0539709, 1.3945945 ], [ 104.0547434, 1.3948734 ], [ 104.0551296, 1.3949806 ], [ 104.0558807, 1.3953238 ], [ 104.055945, 1.3942084 ], [ 104.0559236, 1.393286 ], [ 104.0556875, 1.3923207 ], [ 104.0553657, 1.391956 ], [ 104.0547434, 1.39172 ], [ 104.0545717, 1.3924279 ], [ 104.0540568, 1.3932645 ], [ 104.0531126, 1.3944443 ], [ 104.0537134, 1.3944229 ] ] ] } },
{ "type": "Feature", "properties": { "id": 97936230, "name": null, "forest_area_ha": 38.490037024106414, "source_layer": "natural", "source": "OSM" }, "geometry": { "type": "Polygon", "coordinates": [ [ [ 104.053520300000017, 1.3935005 ], [ 104.054164, 1.3925352 ], [ 104.0544215, 1.3921919 ], [ 104.0545503, 1.3916128 ], [ 104.0545503, 1.3911623 ], [ 104.054164, 1.3900468 ], [ 104.0525762, 1.3875156 ], [ 104.0517608, 1.3876228 ], [ 104.0510527, 1.387773 ], [ 104.0503446, 1.3881162 ], [ 104.0498081, 1.3885023 ], [ 104.049185900000012, 1.3891888 ], [ 104.0488425, 1.3897036 ], [ 104.0486065, 1.3907333 ], [ 104.0485207, 1.3915055 ], [ 104.048585100000011, 1.3929856 ], [ 104.048585100000011, 1.393286 ], [ 104.0501944, 1.3941869 ], [ 104.0516964, 1.3942298 ], [ 104.051911, 1.3942727 ], [ 104.0528551, 1.3943156 ], [ 104.053520300000017, 1.3935005 ] ] ] } },
{ "type": "Feature", "properties": { "id": 97936287, "name": null, "forest_area_ha": 2.1358147647231367, "source_layer": "natural", "source": "OSM" }, "geometry": { "type": "Polygon", "coordinates": [ [ [ 104.0479413, 1.3858209 ], [ 104.0483276, 1.3858209 ], [ 104.0488855, 1.3859711 ], [ 104.049250200000017, 1.3860998 ], [ 104.0494863, 1.3859067 ], [ 104.0492932, 1.3855635 ], [ 104.049250200000017, 1.3849628 ], [ 104.0492073, 1.3845338 ], [ 104.0484992, 1.3847054 ], [ 104.048113, 1.3850486 ], [ 104.0473834, 1.3859496 ], [ 104.0479413, 1.3858209 ] ] ] } },
{ "type": "Feature", "properties": { "id": 97937051, "name": null, "forest_area_ha": 0.24972352101754577, "source_layer": "natural", "source": "OSM" }, "geometry": { "type": "Polygon", "coordinates": [ [ [ 104.0471081, 1.4065816 ], [ 104.0470545, 1.4066674 ], [ 104.0473013, 1.4067961 ], [ 104.0474836, 1.4067318 ], [ 104.0476553, 1.4066352 ], [ 104.0478377, 1.4064744 ], [ 104.0478913, 1.4062384 ], [ 104.0471081, 1.4065816 ] ] ] } },
{ "type": "Feature", "properties": { "id": 97937064, "name": null, "forest_area_ha": 7.0606526292188514, "source_layer": "natural", "source": "OSM" }, "geometry": { "type": "Polygon", "coordinates": [ [ [ 104.0462606, 1.4075469 ], [ 104.046282, 1.4077829 ], [ 104.0464537, 1.4081583 ], [ 104.046915, 1.4093274 ], [ 104.0470438, 1.4094454 ], [ 104.0475051, 1.4093917 ], [ 104.0491573, 1.408952 ], [ 104.0493826, 1.4088233 ], [ 104.049189500000011, 1.4086731 ], [ 104.0488784, 1.4085015 ], [ 104.0487175, 1.4081583 ], [ 104.0484492, 1.4077936 ], [ 104.0487818, 1.4074718 ], [ 104.0490393, 1.4072573 ], [ 104.048814, 1.4067747 ], [ 104.0487282, 1.4064744 ], [ 104.0486316, 1.4062706 ], [ 104.0485029, 1.4061419 ], [ 104.048181, 1.4061204 ], [ 104.0480094, 1.4062598 ], [ 104.0479664, 1.4065065 ], [ 104.047827, 1.4067103 ], [ 104.0477948, 1.406839 ], [ 104.0480308, 1.4068712 ], [ 104.047945, 1.4078365 ], [ 104.0478913, 1.4079009 ], [ 104.04780550000001, 1.4077936 ], [ 104.04773040000002, 1.4077078 ], [ 104.047194, 1.4076864 ], [ 104.047194, 1.4069141 ], [ 104.0470116, 1.406839 ], [ 104.0466468, 1.4066996 ], [ 104.0465502, 1.4066889 ], [ 104.0464429, 1.4066781 ], [ 104.046346400000019, 1.406764 ], [ 104.0462069, 1.4070535 ], [ 104.0461962, 1.4072895 ], [ 104.0462606, 1.4075469 ] ] ] } },
{ "type": "Feature", "properties": { "id": 97937094, "name": null, "forest_area_ha": 1.3457335346414372, "source_layer": "natural", "source": "OSM" }, "geometry": { "type": "Polygon", "coordinates": [ [ [ 104.0495972, 1.4053696 ], [ 104.049511400000014, 1.4054662 ], [ 104.049093, 1.405627 ], [ 104.0490608, 1.4059917 ], [ 104.0491252, 1.4061633 ], [ 104.0490608, 1.4062169 ], [ 104.0488891, 1.4061526 ], [ 104.0487604, 1.4062062 ], [ 104.0488247, 1.4063349 ], [ 104.049082200000015, 1.407075 ], [ 104.0491573, 1.4071179 ], [ 104.0492968, 1.4070643 ], [ 104.0493505, 1.4071608 ], [ 104.0497582, 1.4073002 ], [ 104.0497367, 1.4070428 ], [ 104.0495543, 1.406646 ], [ 104.049447, 1.4065387 ], [ 104.049404100000018, 1.4064207 ], [ 104.0495221, 1.4061097 ], [ 104.0497045, 1.4060024 ], [ 104.0498762, 1.4059703 ], [ 104.0497474, 1.4053911 ], [ 104.0496831, 1.405316 ], [ 104.0495972, 1.4053696 ] ] ] } },
{ "type": "Feature", "properties": { "id": 97937123, "name": null, "forest_area_ha": 82.719364038199103, "source_layer": "natural", "source": "OSM" }, "geometry": { "type": "Polygon", "coordinates": [ [ [ 104.0826789, 1.4063902 ], [ 104.0792027, 1.3986034 ], [ 104.0748897, 1.3947421 ], [ 104.0745893, 1.3948494 ], [ 104.0743318, 1.3950639 ], [ 104.0742031, 1.39545 ], [ 104.0739456, 1.3955358 ], [ 104.0735379, 1.395214 ], [ 104.073151700000011, 1.3946563 ], [ 104.0728942, 1.3943989 ], [ 104.0725509, 1.39412 ], [ 104.0725509, 1.3938197 ], [ 104.0718213, 1.3937339 ], [ 104.073645200000016, 1.4020356 ], [ 104.073731, 1.4022286 ], [ 104.0736881, 1.4025933 ], [ 104.0734092, 1.4030009 ], [ 104.0749112, 1.4041163 ], [ 104.0795246, 1.4062185 ], [ 104.0826789, 1.4067977 ], [ 104.0826789, 1.4063902 ] ] ] } },
{ "type": "Feature", "properties": { "id": 97937124, "name": null, "forest_area_ha": 14.201200693522948, "source_layer": "natural", "source": "OSM" }, "geometry": { "type": "Polygon", "coordinates": [ [ [ 104.0792886, 1.3983888 ], [ 104.0793529, 1.3980027 ], [ 104.0795675, 1.3975737 ], [ 104.0796533, 1.3972305 ], [ 104.0797821, 1.3968229 ], [ 104.0797606, 1.3963724 ], [ 104.0796748, 1.3956002 ], [ 104.0795675, 1.3954286 ], [ 104.0792456, 1.3949781 ], [ 104.0788809, 1.394356 ], [ 104.0784946, 1.3937768 ], [ 104.0779796, 1.3934765 ], [ 104.0775076, 1.3934121 ], [ 104.0770906, 1.3935571 ], [ 104.0770141, 1.3935837 ], [ 104.076263, 1.3940557 ], [ 104.0756193, 1.3943989 ], [ 104.0750829, 1.3945491 ], [ 104.0792886, 1.3983888 ] ] ] } },
{ "type": "Feature", "properties": { "id": 97937125, "name": null, "forest_area_ha": 2.4960885036941436, "source_layer": "natural", "source": "OSM" }, "geometry": { "type": "Polygon", "coordinates": [ [ [ 104.0725509, 1.3938197 ], [ 104.0725509, 1.39412 ], [ 104.0728942, 1.3943989 ], [ 104.073151700000011, 1.3946563 ], [ 104.0735379, 1.395214 ], [ 104.0739456, 1.3955358 ], [ 104.0742031, 1.39545 ], [ 104.0743318, 1.3950639 ], [ 104.0745893, 1.3948494 ], [ 104.0748897, 1.3947421 ], [ 104.0740314, 1.3939699 ], [ 104.0725509, 1.3938197 ] ] ] } },
{ "type": "Feature", "properties": { "id": 97937132, "name": null, "forest_area_ha": 12.469135861041661, "source_layer": "natural", "source": "OSM" }, "geometry": { "type": "Polygon", "coordinates": [ [ [ 104.0740529, 1.3937125 ], [ 104.0750829, 1.3945491 ], [ 104.0756193, 1.3943989 ], [ 104.076263, 1.3940557 ], [ 104.0770906, 1.3935571 ], [ 104.0775076, 1.3934121 ], [ 104.0779796, 1.3934765 ], [ 104.0784946, 1.3937768 ], [ 104.0788809, 1.394356 ], [ 104.0792456, 1.3949781 ], [ 104.0795675, 1.3954286 ], [ 104.0796748, 1.3956002 ], [ 104.0792456, 1.3940128 ], [ 104.0789238, 1.393026 ], [ 104.0788165, 1.39279 ], [ 104.078559, 1.3925541 ], [ 104.0769926, 1.3919534 ], [ 104.0763918, 1.3918033 ], [ 104.0758768, 1.3918033 ], [ 104.0753833, 1.3919964 ], [ 104.0748683, 1.3923396 ], [ 104.0742031, 1.3927042 ], [ 104.0736237, 1.3928544 ], [ 104.07298, 1.3929831 ], [ 104.0726152, 1.393026 ], [ 104.0725509, 1.3935194 ], [ 104.0740529, 1.3937125 ] ] ] } },
{ "type": "Feature", "properties": { "id": 97937135, "name": null, "forest_area_ha": 2.3790474007552342, "source_layer": "natural", "source": "OSM" }, "geometry": { "type": "Polygon", "coordinates": [ [ [ 104.0683452, 1.393691 ], [ 104.0686026, 1.3935623 ], [ 104.0689674, 1.393455 ], [ 104.0701691, 1.3932191 ], [ 104.0681735, 1.392361 ], [ 104.0680233, 1.3928759 ], [ 104.0678945, 1.3931547 ], [ 104.0671221, 1.3945276 ], [ 104.0683452, 1.393691 ] ] ] } },
{ "type": "Feature", "properties": { "id": 97937143, "name": null, "forest_area_ha": 12.973290563961443, "source_layer": "natural", "source": "OSM" }, "geometry": { "type": "Polygon", "coordinates": [ [ [ 104.068667, 1.3957289 ], [ 104.069461, 1.3959863 ], [ 104.0701476, 1.3960506 ], [ 104.0716067, 1.3965226 ], [ 104.0722504, 1.3966298 ], [ 104.0715853, 1.3937339 ], [ 104.0704909, 1.3933907 ], [ 104.0692464, 1.3935837 ], [ 104.0685168, 1.3938197 ], [ 104.0669289, 1.3949352 ], [ 104.0667573, 1.3953428 ], [ 104.068667, 1.3957289 ] ] ] } },
{ "type": "Feature", "properties": { "id": 97937225, "name": null, "forest_area_ha": 41.429253709421801, "source_layer": "natural", "source": "OSM" }, "geometry": { "type": "Polygon", "coordinates": [ [ [ 104.0664354, 1.3962652 ], [ 104.066414, 1.3965869 ], [ 104.0664783, 1.3987535 ], [ 104.0662638, 1.3989251 ], [ 104.0659204, 1.3989037 ], [ 104.065384, 1.3987535 ], [ 104.0608779, 1.3971447 ], [ 104.0607277, 1.3974021 ], [ 104.0620795, 1.3984532 ], [ 104.062337, 1.3985819 ], [ 104.066135, 1.399633 ], [ 104.0705338, 1.4008343 ], [ 104.0727869, 1.4026147 ], [ 104.0731578, 1.4028468 ], [ 104.0733877, 1.4025289 ], [ 104.0734092, 1.4021643 ], [ 104.0722719, 1.3968658 ], [ 104.0704051, 1.396351 ], [ 104.069868600000021, 1.3962437 ], [ 104.06926780000002, 1.3962008 ], [ 104.0680662, 1.395879 ], [ 104.0666715, 1.3955787 ], [ 104.0664354, 1.3962652 ] ] ] } },
{ "type": "Feature", "properties": { "id": 97937816, "name": null, "forest_area_ha": 0.070233595999971879, "source_layer": "natural", "source": "OSM" }, "geometry": { "type": "Polygon", "coordinates": [ [ [ 104.0836558, 1.4115762 ], [ 104.083806, 1.4116835 ], [ 104.0839562, 1.411662 ], [ 104.0839562, 1.4115977 ], [ 104.0837202, 1.4114046 ], [ 104.0835807, 1.4114261 ], [ 104.0836558, 1.4115762 ] ] ] } },
{ "type": "Feature", "properties": { "id": 97937817, "name": null, "forest_area_ha": 0.076421583275638569, "source_layer": "natural", "source": "OSM" }, "geometry": { "type": "Polygon", "coordinates": [ [ [ 104.083924, 1.4113403 ], [ 104.0840957, 1.4114475 ], [ 104.0841815, 1.4114475 ], [ 104.0842888, 1.4113617 ], [ 104.0842781, 1.4112544 ], [ 104.0841815, 1.4112759 ], [ 104.0840635, 1.4112866 ], [ 104.0839562, 1.4112973 ], [ 104.0839026, 1.411233 ], [ 104.0838596, 1.4111794 ], [ 104.0837523, 1.4112973 ], [ 104.083924, 1.4113403 ] ] ] } },
{ "type": "Feature", "properties": { "id": 97937960, "name": null, "forest_area_ha": 1.8201915209931703, "source_layer": "natural", "source": "OSM" }, "geometry": { "type": "Polygon", "coordinates": [ [ [ 104.0823254, 1.4095169 ], [ 104.0824649, 1.4098279 ], [ 104.0827546, 1.4098708 ], [ 104.0829691, 1.4100639 ], [ 104.0831944, 1.4103428 ], [ 104.0833554, 1.4104715 ], [ 104.0831837, 1.411115 ], [ 104.0833768, 1.4112759 ], [ 104.083806, 1.4111365 ], [ 104.0837202, 1.4109005 ], [ 104.0837523, 1.4106645 ], [ 104.0837416, 1.4103964 ], [ 104.0839669, 1.4102999 ], [ 104.0837738, 1.4099459 ], [ 104.08357, 1.4097207 ], [ 104.082658, 1.409163 ], [ 104.0824756, 1.4090664 ], [ 104.0823147, 1.4091522 ], [ 104.0821859, 1.4093131 ], [ 104.0823254, 1.4095169 ] ] ] } },
{ "type": "Feature", "properties": { "id": 97938420, "name": null, "forest_area_ha": 0.55735113240483292, "source_layer": "natural", "source": "OSM" }, "geometry": { "type": "Polygon", "coordinates": [ [ [ 104.0560936, 1.3959713 ], [ 104.0577459, 1.396336 ], [ 104.0560507, 1.3954136 ], [ 104.0560936, 1.3959713 ] ] ] } },
{ "type": "Feature", "properties": { "id": 97938446, "name": null, "forest_area_ha": 53.805180362256742, "source_layer": "natural", "source": "OSM" }, "geometry": { "type": "Polygon", "coordinates": [ [ [ 104.055900500000021, 1.3923675 ], [ 104.056158, 1.393483 ], [ 104.0561365, 1.3943196 ], [ 104.0560507, 1.3954136 ], [ 104.0577459, 1.396336 ], [ 104.0598916, 1.3967436 ], [ 104.0605997, 1.3972799 ], [ 104.0608358, 1.3969367 ], [ 104.0659427, 1.3987171 ], [ 104.0662002, 1.3986742 ], [ 104.0662431, 1.398567 ], [ 104.0662431, 1.3978591 ], [ 104.0662002, 1.3966792 ], [ 104.0662217, 1.3961859 ], [ 104.0665221, 1.395478 ], [ 104.0662431, 1.3952205 ], [ 104.0646123, 1.3944698 ], [ 104.0634536, 1.3940622 ], [ 104.0626382, 1.3931827 ], [ 104.0621662, 1.3927751 ], [ 104.0612649, 1.3922388 ], [ 104.0604281, 1.3919385 ], [ 104.0593337, 1.3917025 ], [ 104.058454, 1.391724 ], [ 104.0576386, 1.3919814 ], [ 104.0570378, 1.3921316 ], [ 104.056673, 1.3921316 ], [ 104.0561151, 1.3920887 ], [ 104.0557074, 1.3920458 ], [ 104.055900500000021, 1.3923675 ] ] ] } },
{ "type": "Feature", "properties": { "id": 97938455, "name": null, "forest_area_ha": 25.587106817493265, "source_layer": "natural", "source": "OSM" }, "geometry": { "type": "Polygon", "coordinates": [ [ [ 104.0679168, 1.3926893 ], [ 104.0679597, 1.3922603 ], [ 104.065771, 1.3913379 ], [ 104.0610074, 1.389965 ], [ 104.0588188, 1.3914666 ], [ 104.0595483, 1.3914666 ], [ 104.059956, 1.3915309 ], [ 104.0610289, 1.391917 ], [ 104.0620374, 1.3924748 ], [ 104.062659700000012, 1.3929038 ], [ 104.063518, 1.3938477 ], [ 104.0643548, 1.3941051 ], [ 104.0661358, 1.3949417 ], [ 104.0666079, 1.395242 ], [ 104.0679168, 1.3926893 ] ] ] } },
{ "type": "Feature", "properties": { "id": 97938482, "name": null, "forest_area_ha": 23.090414188470003, "source_layer": "natural", "source": "OSM" }, "geometry": { "type": "Polygon", "coordinates": [ [ [ 104.0572953, 1.3918312 ], [ 104.0584111, 1.3915309 ], [ 104.0607714, 1.3898577 ], [ 104.060277900000017, 1.3896432 ], [ 104.058604200000019, 1.3892571 ], [ 104.0579175, 1.3889568 ], [ 104.0569949, 1.3885063 ], [ 104.0558361, 1.3878842 ], [ 104.0548491, 1.3874981 ], [ 104.0534758, 1.3873479 ], [ 104.0528106, 1.3875195 ], [ 104.0543556, 1.389965 ], [ 104.0547633, 1.3911019 ], [ 104.0548062, 1.3915095 ], [ 104.05519240000001, 1.3916382 ], [ 104.0554284, 1.3917883 ], [ 104.0557074, 1.3918741 ], [ 104.0561795, 1.3918741 ], [ 104.0567803, 1.3918527 ], [ 104.0572953, 1.3918312 ] ] ] } },
{ "type": "Feature", "properties": { "id": 97938525, "name": null, "forest_area_ha": 31.131659753578511, "source_layer": "natural", "source": "OSM" }, "geometry": { "type": "Polygon", "coordinates": [ [ [ 104.0492073, 1.3845338 ], [ 104.049250200000017, 1.3849628 ], [ 104.0492932, 1.3855635 ], [ 104.0494863, 1.3859067 ], [ 104.049250200000017, 1.3860998 ], [ 104.0488855, 1.3859711 ], [ 104.0483276, 1.3858209 ], [ 104.0479413, 1.3858209 ], [ 104.0473834, 1.3859496 ], [ 104.0457526, 1.3880089 ], [ 104.0457741, 1.3888026 ], [ 104.0456024, 1.3892317 ], [ 104.0454522, 1.3901112 ], [ 104.0453879, 1.3916557 ], [ 104.0466007, 1.3924017 ], [ 104.0467293, 1.3923629 ], [ 104.0483474, 1.3932256 ], [ 104.0483474, 1.3925606 ], [ 104.048283, 1.3915524 ], [ 104.0483045, 1.3910375 ], [ 104.0485405, 1.3899435 ], [ 104.0489268, 1.3891069 ], [ 104.0493988, 1.3885277 ], [ 104.0499997, 1.3880773 ], [ 104.050858, 1.3876268 ], [ 104.0515017, 1.3874552 ], [ 104.0525645, 1.3872981 ], [ 104.0518764, 1.3860396 ], [ 104.0516661, 1.386253 ], [ 104.0512399, 1.3867096 ], [ 104.0507817, 1.3862581 ], [ 104.050531, 1.3860055 ], [ 104.0497681, 1.3850508 ], [ 104.0495643, 1.3848456 ], [ 104.0495518, 1.384832 ], [ 104.049544, 1.3846046 ], [ 104.0495476, 1.3844447 ], [ 104.0492073, 1.3845338 ] ] ] } },
{ "type": "Feature", "properties": { "id": 97938552, "name": null, "forest_area_ha": 0.30105178681404748, "source_layer": "natural", "source": "OSM" }, "geometry": { "type": "Polygon", "coordinates": [ [ [ 104.048798, 1.3843233 ], [ 104.049141300000016, 1.3842375 ], [ 104.0489053, 1.3837226 ], [ 104.0485191, 1.3841731 ], [ 104.0484332, 1.3845163 ], [ 104.048798, 1.3843233 ] ] ] } },
{ "type": "Feature", "properties": { "id": 97938626, "name": null, "forest_area_ha": 12.770008878054798, "source_layer": "natural", "source": "OSM" }, "geometry": { "type": "Polygon", "coordinates": [ [ [ 104.0492486, 1.3834867 ], [ 104.0494847, 1.3831649 ], [ 104.0499353, 1.3826071 ], [ 104.050343, 1.3822425 ], [ 104.050579, 1.3818992 ], [ 104.0508365, 1.3814917 ], [ 104.051136900000017, 1.3815346 ], [ 104.0514373, 1.3816847 ], [ 104.0518236, 1.3816847 ], [ 104.0521454, 1.3817062 ], [ 104.0523385, 1.3821138 ], [ 104.0524673, 1.3822425 ], [ 104.0527677, 1.3822425 ], [ 104.053239800000014, 1.3824141 ], [ 104.0534758, 1.382221 ], [ 104.0538191, 1.3824784 ], [ 104.0540766, 1.3824999 ], [ 104.0540766, 1.3829504 ], [ 104.0540981, 1.3832936 ], [ 104.0537977, 1.3836368 ], [ 104.054141, 1.3836154 ], [ 104.0541839, 1.3839157 ], [ 104.0538191, 1.3839371 ], [ 104.0534329, 1.3838513 ], [ 104.0532612, 1.3841302 ], [ 104.053347, 1.384452 ], [ 104.053626, 1.3845163 ], [ 104.0540122, 1.384452 ], [ 104.054377, 1.3846236 ], [ 104.0540337, 1.3846665 ], [ 104.0537118, 1.3848166 ], [ 104.0537762, 1.3850312 ], [ 104.0540766, 1.3849239 ], [ 104.0542054, 1.3852242 ], [ 104.0544843, 1.3852671 ], [ 104.0546131, 1.3854602 ], [ 104.0542483, 1.385546 ], [ 104.0543556, 1.3857605 ], [ 104.0545916, 1.3860179 ], [ 104.0549135, 1.3858463 ], [ 104.0552353, 1.3858249 ], [ 104.0553426, 1.3860608 ], [ 104.0554928, 1.3861466 ], [ 104.0557503, 1.3860179 ], [ 104.0559434, 1.3860823 ], [ 104.0557932, 1.3863397 ], [ 104.055578600000018, 1.3864684 ], [ 104.055578600000018, 1.3865542 ], [ 104.0558791, 1.3866829 ], [ 104.0560722, 1.3865757 ], [ 104.05632970000002, 1.3862753 ], [ 104.0565013, 1.3860608 ], [ 104.0560793, 1.3858591 ], [ 104.056007800000017, 1.3858249 ], [ 104.055407, 1.3852886 ], [ 104.0550637, 1.3845378 ], [ 104.0547847, 1.3835081 ], [ 104.0547203, 1.3825857 ], [ 104.0547626, 1.3819712 ], [ 104.0544702, 1.3815101 ], [ 104.0525622, 1.3807747 ], [ 104.051246600000013, 1.3806298 ], [ 104.0504713, 1.3807734 ], [ 104.0492743, 1.3825531 ], [ 104.049122, 1.3829555 ], [ 104.0488368, 1.3831368 ], [ 104.048969700000015, 1.3833579 ], [ 104.0492486, 1.3834867 ] ] ] } },
{ "type": "Feature", "properties": { "id": 97938641, "name": null, "forest_area_ha": 2.444457660690218, "source_layer": "natural", "source": "OSM" }, "geometry": { "type": "Polygon", "coordinates": [ [ [ 104.0550637, 1.3845378 ], [ 104.055407, 1.3852886 ], [ 104.056007800000017, 1.3858249 ], [ 104.0560793, 1.3858591 ], [ 104.0565013, 1.3860608 ], [ 104.05632970000002, 1.3862753 ], [ 104.058604200000019, 1.3871548 ], [ 104.0587115, 1.3867473 ], [ 104.0566944, 1.3859536 ], [ 104.0559434, 1.3853315 ], [ 104.055685900000014, 1.3849024 ], [ 104.0551495, 1.3838513 ], [ 104.0547847, 1.3835081 ], [ 104.0550637, 1.3845378 ] ] ] } },
{ "type": "Feature", "properties": { "id": 97941542, "name": null, "forest_area_ha": 0.19513547182320967, "source_layer": "natural", "source": "OSM" }, "geometry": { "type": "Polygon", "coordinates": [ [ [ 104.0626558, 1.4012661 ], [ 104.0625056, 1.4013197 ], [ 104.0623447, 1.4014699 ], [ 104.0622052, 1.4018024 ], [ 104.0622374, 1.4019204 ], [ 104.0623661, 1.4018667 ], [ 104.06257, 1.401663 ], [ 104.0627309, 1.4012983 ], [ 104.0626558, 1.4012661 ] ] ] } },
{ "type": "Feature", "properties": { "id": 97941557, "name": null, "forest_area_ha": 1.5964975294017685, "source_layer": "natural", "source": "OSM" }, "geometry": { "type": "Polygon", "coordinates": [ [ [ 104.0619584, 1.403186 ], [ 104.0616795, 1.4027784 ], [ 104.061529300000018, 1.4027891 ], [ 104.0612396, 1.4029929 ], [ 104.0606495, 1.4028428 ], [ 104.0604457, 1.4026068 ], [ 104.0605959, 1.4024138 ], [ 104.0603491, 1.4023279 ], [ 104.0601882, 1.4022636 ], [ 104.0601774, 1.4024674 ], [ 104.0603598, 1.4029071 ], [ 104.060606600000014, 1.4032825 ], [ 104.060789, 1.4034327 ], [ 104.0610572, 1.4035721 ], [ 104.0616258, 1.403733 ], [ 104.062097900000012, 1.4038188 ], [ 104.0622588, 1.4032825 ], [ 104.0619584, 1.403186 ] ] ] } },
{ "type": "Feature", "properties": { "id": 97941657, "name": null, "forest_area_ha": 14.786057950302714, "source_layer": "natural", "source": "OSM" }, "geometry": { "type": "Polygon", "coordinates": [ [ [ 104.0543088, 1.3994106 ], [ 104.0544697, 1.399432 ], [ 104.054695, 1.3994213 ], [ 104.0553173, 1.3993355 ], [ 104.0558752, 1.3994213 ], [ 104.0561541, 1.3996251 ], [ 104.056336500000015, 1.3997752 ], [ 104.0565725, 1.4000219 ], [ 104.0569266, 1.4000219 ], [ 104.057227, 1.4001399 ], [ 104.057548900000015, 1.4003115 ], [ 104.05761320000002, 1.4002579 ], [ 104.0578386, 1.3998932 ], [ 104.057978, 1.3995071 ], [ 104.0582677, 1.3992711 ], [ 104.058611, 1.399239 ], [ 104.0588685, 1.3994213 ], [ 104.0588685, 1.3997002 ], [ 104.0587612, 1.3998718 ], [ 104.058493, 1.4000112 ], [ 104.0583321, 1.4001935 ], [ 104.0580317, 1.400333 ], [ 104.0578386, 1.4006011 ], [ 104.0581926, 1.4006869 ], [ 104.0586432, 1.4007513 ], [ 104.059008, 1.4008049 ], [ 104.0598019, 1.4012768 ], [ 104.0599414, 1.4015986 ], [ 104.0600594, 1.4019311 ], [ 104.0601882, 1.4022636 ], [ 104.0603384, 1.4021778 ], [ 104.060606600000014, 1.4020169 ], [ 104.0604671, 1.4017702 ], [ 104.0604242, 1.401545 ], [ 104.0604886, 1.4012018 ], [ 104.0604135, 1.400762 ], [ 104.0601989, 1.4006118 ], [ 104.0599199, 1.4006011 ], [ 104.059823400000013, 1.4005153 ], [ 104.0597805, 1.4001292 ], [ 104.0598556, 1.399668 ], [ 104.0597697, 1.3993784 ], [ 104.0602096, 1.3994642 ], [ 104.060038, 1.3990352 ], [ 104.0599199, 1.3987992 ], [ 104.0593084, 1.3983809 ], [ 104.0587505, 1.3980806 ], [ 104.0584823, 1.3979304 ], [ 104.0578386, 1.3977588 ], [ 104.0570232, 1.3975765 ], [ 104.0563794, 1.3974263 ], [ 104.0560361, 1.3974478 ], [ 104.055553300000014, 1.3976301 ], [ 104.0552958, 1.3979626 ], [ 104.0551563, 1.3980055 ], [ 104.0550491, 1.3981342 ], [ 104.0551885, 1.3981557 ], [ 104.0550812, 1.3984453 ], [ 104.0548237, 1.3984989 ], [ 104.0546199, 1.3986598 ], [ 104.0544804, 1.3988421 ], [ 104.054555500000021, 1.399003 ], [ 104.0546521, 1.3991424 ], [ 104.0545448, 1.3993033 ], [ 104.0542766, 1.3992711 ], [ 104.0543088, 1.3994106 ] ] ] } },
{ "type": "Feature", "properties": { "id": 97941789, "name": null, "forest_area_ha": 6.3307198601251047, "source_layer": "natural", "source": "OSM" }, "geometry": { "type": "Polygon", "coordinates": [ [ [ 104.0702518, 1.4039904 ], [ 104.0705093, 1.4037652 ], [ 104.0704878, 1.4034434 ], [ 104.0703055, 1.4034112 ], [ 104.0701767, 1.4037759 ], [ 104.0698227, 1.4038617 ], [ 104.0694042, 1.4039046 ], [ 104.068964400000013, 1.4038724 ], [ 104.0685137, 1.4035828 ], [ 104.0683421, 1.4036579 ], [ 104.0682026, 1.403851 ], [ 104.0683314, 1.4041406 ], [ 104.06796660000002, 1.4042157 ], [ 104.0675481, 1.404044 ], [ 104.0675589, 1.4039046 ], [ 104.0676018, 1.4037008 ], [ 104.0673979, 1.4035828 ], [ 104.0672692, 1.403733 ], [ 104.0672263, 1.4035507 ], [ 104.0669688, 1.4036043 ], [ 104.0668722, 1.4038295 ], [ 104.0666577, 1.4041406 ], [ 104.0666684, 1.4044731 ], [ 104.0670117, 1.4044409 ], [ 104.0672477, 1.4047841 ], [ 104.06743010000001, 1.4046554 ], [ 104.0676554, 1.40428 ], [ 104.0678807, 1.4044194 ], [ 104.0677949, 1.4046554 ], [ 104.067644700000017, 1.4047948 ], [ 104.0679558, 1.4049557 ], [ 104.0678915, 1.4051488 ], [ 104.0675481, 1.405256 ], [ 104.0676125, 1.4055242 ], [ 104.067634, 1.4058889 ], [ 104.0677627, 1.4059639 ], [ 104.0680095, 1.4059639 ], [ 104.0683206, 1.4058674 ], [ 104.0683743, 1.4060283 ], [ 104.0685567, 1.4060497 ], [ 104.068739, 1.405728 ], [ 104.068857100000017, 1.4058352 ], [ 104.0686854, 1.4061034 ], [ 104.0685781, 1.4065002 ], [ 104.0695008, 1.4054491 ], [ 104.0698441, 1.4050094 ], [ 104.0698548, 1.4046018 ], [ 104.0699943, 1.404162 ], [ 104.0702518, 1.4039904 ] ] ] } },
{ "type": "Feature", "properties": { "id": 97941790, "name": null, "forest_area_ha": 0.39957877521171059, "source_layer": "natural", "source": "OSM" }, "geometry": { "type": "Polygon", "coordinates": [ [ [ 104.0682026, 1.4066182 ], [ 104.0680309, 1.4066718 ], [ 104.0678271, 1.4068971 ], [ 104.0675589, 1.4068005 ], [ 104.0672263, 1.4068756 ], [ 104.0672048, 1.4069936 ], [ 104.0674516, 1.4071545 ], [ 104.0677735, 1.4073368 ], [ 104.068002, 1.4072916 ], [ 104.06787, 1.4071545 ], [ 104.0680417, 1.4069078 ], [ 104.068267, 1.4067147 ], [ 104.0682026, 1.4066182 ] ] ] } },
{ "type": "Feature", "properties": { "id": 97941794, "name": null, "forest_area_ha": 0.82044319878263761, "source_layer": "natural", "source": "OSM" }, "geometry": { "type": "Polygon", "coordinates": [ [ [ 104.0692755, 1.4065753 ], [ 104.0689858, 1.4063822 ], [ 104.0688142, 1.4065002 ], [ 104.0685781, 1.4068327 ], [ 104.0686961, 1.4071008 ], [ 104.0690395, 1.4072081 ], [ 104.0691253, 1.4073261 ], [ 104.0689536, 1.4074762 ], [ 104.0691789, 1.4075942 ], [ 104.0693721, 1.4072939 ], [ 104.0692111, 1.4073046 ], [ 104.0691682, 1.4072188 ], [ 104.0694364, 1.4072403 ], [ 104.0693399, 1.4070365 ], [ 104.069533, 1.4069507 ], [ 104.069629500000019, 1.407015 ], [ 104.0698656, 1.4068434 ], [ 104.0697046, 1.4068113 ], [ 104.0695437, 1.4068113 ], [ 104.0695223, 1.4066289 ], [ 104.0692755, 1.4065753 ] ] ] } },
{ "type": "Feature", "properties": { "id": 97941796, "name": null, "forest_area_ha": 0.58276906390217487, "source_layer": "natural", "source": "OSM" }, "geometry": { "type": "Polygon", "coordinates": [ [ [ 104.0699729, 1.4070043 ], [ 104.069769, 1.4072188 ], [ 104.0698051, 1.4072613 ], [ 104.0699514, 1.4074333 ], [ 104.069769, 1.4075513 ], [ 104.069457900000018, 1.4074548 ], [ 104.0693291, 1.4076049 ], [ 104.0694793, 1.4076586 ], [ 104.0704878, 1.4077337 ], [ 104.0704557, 1.4073368 ], [ 104.0702196, 1.4069507 ], [ 104.0699729, 1.4070043 ] ] ] } },
{ "type": "Feature", "properties": { "id": 97941797, "name": null, "forest_area_ha": 0.59851580377506119, "source_layer": "natural", "source": "OSM" }, "geometry": { "type": "Polygon", "coordinates": [ [ [ 104.068621, 1.407487 ], [ 104.068149, 1.4075513 ], [ 104.068073900000016, 1.4079589 ], [ 104.0689536, 1.4081734 ], [ 104.0690931, 1.4077015 ], [ 104.068621, 1.407487 ] ] ] } },
{ "type": "Feature", "properties": { "id": 97941880, "name": null, "forest_area_ha": 6.9075046962971927, "source_layer": "natural", "source": "OSM" }, "geometry": { "type": "Polygon", "coordinates": [ [ [ 104.0680309, 1.4075406 ], [ 104.0675267, 1.4075084 ], [ 104.0672477, 1.4074119 ], [ 104.0669044, 1.4071652 ], [ 104.0665289, 1.4068005 ], [ 104.0657672, 1.4061999 ], [ 104.06522, 1.4053418 ], [ 104.0648767, 1.4050201 ], [ 104.0645333, 1.4046018 ], [ 104.0642866, 1.404044 ], [ 104.0639647, 1.4034863 ], [ 104.0636536, 1.4030358 ], [ 104.0632352, 1.4028642 ], [ 104.0628489, 1.4031431 ], [ 104.06248410000002, 1.4032718 ], [ 104.0622588, 1.4038295 ], [ 104.0625163, 1.4039046 ], [ 104.0629562, 1.4040869 ], [ 104.0633532, 1.4043336 ], [ 104.0638896, 1.4050308 ], [ 104.0642115, 1.4055456 ], [ 104.0650269, 1.4066075 ], [ 104.0653273, 1.4067576 ], [ 104.0656062, 1.4068542 ], [ 104.065853, 1.4070043 ], [ 104.0657779, 1.4071759 ], [ 104.065971, 1.4072939 ], [ 104.0671297, 1.4077229 ], [ 104.0679129, 1.407916 ], [ 104.0680309, 1.4075406 ] ] ] } },
{ "type": "Feature", "properties": { "id": 97941921, "name": null, "forest_area_ha": 0.1535983120857177, "source_layer": "natural", "source": "OSM" }, "geometry": { "type": "Polygon", "coordinates": [ [ [ 104.0702625, 1.4048914 ], [ 104.0699299, 1.4052989 ], [ 104.0701767, 1.4054277 ], [ 104.0703269, 1.4053526 ], [ 104.0703591, 1.4052024 ], [ 104.0703269, 1.4050201 ], [ 104.0702625, 1.4048914 ] ] ] } },
{ "type": "Feature", "properties": { "id": 97943499, "name": null, "forest_area_ha": 447.71254664560735, "source_layer": "natural", "source": "OSM" }, "geometry": { "type": "Polygon", "coordinates": [ [ [ 104.081220200000018, 1.4177343 ], [ 104.0808876, 1.4177021 ], [ 104.0808339, 1.4178845 ], [ 104.0800614, 1.418957 ], [ 104.0799649, 1.4188712 ], [ 104.0803833, 1.4183886 ], [ 104.0804369, 1.4181633 ], [ 104.0803189, 1.4180775 ], [ 104.080469100000016, 1.4176914 ], [ 104.080404800000011, 1.4176378 ], [ 104.0801151, 1.4176592 ], [ 104.0796967, 1.417434 ], [ 104.079578600000019, 1.4174769 ], [ 104.0796537, 1.4179167 ], [ 104.0794606, 1.4182599 ], [ 104.0791602, 1.4180239 ], [ 104.0791817, 1.4171873 ], [ 104.0791495, 1.4168977 ], [ 104.0790958, 1.4168227 ], [ 104.0789671, 1.4174876 ], [ 104.0788491, 1.4185816 ], [ 104.0786989, 1.4188498 ], [ 104.0783985, 1.4189785 ], [ 104.0775723, 1.4189785 ], [ 104.0772612, 1.4189249 ], [ 104.0754802, 1.4195362 ], [ 104.073431, 1.4193753 ], [ 104.0728731, 1.4193003 ], [ 104.0726907, 1.4192144 ], [ 104.0724869, 1.4184851 ], [ 104.072283, 1.4180132 ], [ 104.071929, 1.4174233 ], [ 104.0717037, 1.4171122 ], [ 104.0715642, 1.4169943 ], [ 104.0713925, 1.4169514 ], [ 104.0710814, 1.4170264 ], [ 104.0708239, 1.4170264 ], [ 104.0707059, 1.4169835 ], [ 104.0702124, 1.4171122 ], [ 104.0699871, 1.4171873 ], [ 104.0696223, 1.4171444 ], [ 104.0694613, 1.417005 ], [ 104.0694292, 1.4169192 ], [ 104.0687962, 1.4169192 ], [ 104.0657063, 1.4170693 ], [ 104.0654273, 1.4169835 ], [ 104.0647621, 1.4167476 ], [ 104.0641828, 1.4165116 ], [ 104.0625949, 1.4153425 ], [ 104.0605779, 1.415675 ], [ 104.0604062, 1.4157394 ], [ 104.0601273, 1.4155678 ], [ 104.0589364, 1.4148599 ], [ 104.0586467, 1.4147633 ], [ 104.058357, 1.4146239 ], [ 104.0580137, 1.4143772 ], [ 104.0578849, 1.4144094 ], [ 104.0575094, 1.4145059 ], [ 104.0563722, 1.4155463 ], [ 104.056361400000014, 1.4163615 ], [ 104.0557284, 1.4169943 ], [ 104.055707, 1.4172731 ], [ 104.0552349, 1.4180025 ], [ 104.0548272, 1.4186996 ], [ 104.0543122, 1.4192681 ], [ 104.0527887, 1.4194719 ], [ 104.0538402, 1.4197722 ], [ 104.0538402, 1.4198902 ], [ 104.0539367, 1.4199223 ], [ 104.053947500000021, 1.4201368 ], [ 104.0537114, 1.4201476 ], [ 104.05369, 1.4199652 ], [ 104.0537436, 1.4199331 ], [ 104.05369, 1.4198365 ], [ 104.052542, 1.4195362 ], [ 104.0520484, 1.4200189 ], [ 104.0503533, 1.4202012 ], [ 104.0489478, 1.4207697 ], [ 104.0464695, 1.4215419 ], [ 104.0461905, 1.421735 ], [ 104.0454502, 1.4227431 ], [ 104.0454609, 1.4228719 ], [ 104.0455897, 1.4228719 ], [ 104.0456541, 1.4229898 ], [ 104.0455682, 1.4232365 ], [ 104.0453107, 1.4233974 ], [ 104.0451571, 1.4227634 ], [ 104.0450284, 1.4226776 ], [ 104.0447709, 1.4230637 ], [ 104.0447709, 1.423364 ], [ 104.0444276, 1.4236429 ], [ 104.0438169, 1.4237193 ], [ 104.043455, 1.4238382 ], [ 104.042796800000019, 1.4237716 ], [ 104.0424535, 1.4235356 ], [ 104.0420029, 1.4233855 ], [ 104.0412518, 1.4229135 ], [ 104.0406939, 1.4228277 ], [ 104.0400288, 1.4228921 ], [ 104.0395352, 1.4229135 ], [ 104.0391061, 1.4228492 ], [ 104.0387842, 1.4225918 ], [ 104.0386555, 1.42227 ], [ 104.0387198, 1.4220126 ], [ 104.0388915, 1.4216694 ], [ 104.0388486, 1.4213905 ], [ 104.0385911, 1.4209829 ], [ 104.038398, 1.4208971 ], [ 104.0380868, 1.4211009 ], [ 104.0376546, 1.4214881 ], [ 104.0375959, 1.4215407 ], [ 104.0374808, 1.4216438 ], [ 104.0372607, 1.421841 ], [ 104.0369925, 1.4222056 ], [ 104.0365955, 1.4234713 ], [ 104.0366384, 1.423675 ], [ 104.036556800000014, 1.4238731 ], [ 104.036279, 1.4242054 ], [ 104.0365387, 1.4243036 ], [ 104.0369145, 1.424538 ], [ 104.0371478, 1.4246876 ], [ 104.0375018, 1.4249492 ], [ 104.0383023, 1.4252212 ], [ 104.0385274, 1.4252395 ], [ 104.0388117, 1.4252154 ], [ 104.0392049, 1.4255062 ], [ 104.0400669, 1.4263252 ], [ 104.0404563, 1.4264972 ], [ 104.041211500000017, 1.4273377 ], [ 104.042277, 1.429156 ], [ 104.0428149, 1.4302631 ], [ 104.0428849, 1.4308501 ], [ 104.0433658, 1.4311566 ], [ 104.0436332, 1.4310529 ], [ 104.0439624, 1.4309763 ], [ 104.0442054, 1.4307852 ], [ 104.0443386, 1.4306202 ], [ 104.0446566, 1.4302029 ], [ 104.0452421, 1.4295995 ], [ 104.0454121, 1.4293622 ], [ 104.0453859, 1.4289189 ], [ 104.0458619, 1.4288191 ], [ 104.0474999, 1.4288041 ], [ 104.0481382, 1.4287299 ], [ 104.048804, 1.428549 ], [ 104.0496431, 1.4283615 ], [ 104.0504598, 1.4281202 ], [ 104.0505445, 1.4279825 ], [ 104.050617300000013, 1.4274792 ], [ 104.0506712, 1.4264873 ], [ 104.0510786, 1.4254481 ], [ 104.0515766, 1.4252604 ], [ 104.0521192, 1.4255852 ], [ 104.05415, 1.4267206 ], [ 104.0538512, 1.4285807 ], [ 104.0540458, 1.4288228 ], [ 104.0543294, 1.4291277 ], [ 104.0545822, 1.4294249 ], [ 104.0547544, 1.4296022 ], [ 104.0549309, 1.4298269 ], [ 104.0551186, 1.4302921 ], [ 104.0553133, 1.4307994 ], [ 104.055968390653291, 1.431819270724397 ], [ 104.05612923260027, 1.431805201678256 ], [ 104.056167864251279, 1.431819595262569 ], [ 104.056648204569171, 1.431825463630597 ], [ 104.056646928583731, 1.431816262828576 ], [ 104.05663555262079, 1.431734232442109 ], [ 104.056664375598231, 1.431733180563132 ], [ 104.057071752200514, 1.431718336274728 ], [ 104.057404229197473, 1.431808748331822 ], [ 104.058257845959176, 1.431591681893805 ], [ 104.058267552886065, 1.431586472744811 ], [ 104.058523158722025, 1.431449257479322 ], [ 104.058526788822732, 1.431447308231751 ], [ 104.058527031428497, 1.431447177980402 ], [ 104.05852740971379, 1.431446975367093 ], [ 104.058541415730616, 1.431444346826579 ], [ 104.059004792286416, 1.4313573841645 ], [ 104.059048301958796, 1.431349218036114 ], [ 104.059068469870965, 1.431340339777122 ], [ 104.059812336385875, 1.431012857198447 ], [ 104.060112808055095, 1.430917164476319 ], [ 104.06115665921115, 1.430471239714607 ], [ 104.061660450446354, 1.430286664409509 ], [ 104.062453660503579, 1.429926008864197 ], [ 104.0629099887514, 1.429819654975286 ], [ 104.063127267068268, 1.429800165757164 ], [ 104.0631944, 1.4296333 ], [ 104.0633446, 1.4295046 ], [ 104.0636021, 1.4293652 ], [ 104.0637914, 1.4293092 ], [ 104.063645, 1.4295475 ], [ 104.0635485, 1.4297513 ], [ 104.063971546813448, 1.429526860682886 ], [ 104.064024577842957, 1.429479568731532 ], [ 104.064208275915391, 1.429395486669779 ], [ 104.0647286, 1.429097 ], [ 104.065647714284992, 1.428762279224731 ], [ 104.065722639530108, 1.428717828920451 ], [ 104.065765138920753, 1.428591639753067 ], [ 104.065682243279568, 1.428401298359099 ], [ 104.065775755174599, 1.428362800341523 ], [ 104.065867136730233, 1.428576673123422 ], [ 104.065943652088336, 1.42859378298726 ], [ 104.066002336271339, 1.428581301179804 ], [ 104.066079431098885, 1.428540588745944 ], [ 104.065986434188844, 1.428410701636359 ], [ 104.066214202453324, 1.42836886008109 ], [ 104.06738187518404, 1.427986785854792 ], [ 104.067674700477681, 1.427843089804294 ], [ 104.067902459988161, 1.427795777644907 ], [ 104.068132010932942, 1.427692061488167 ], [ 104.068332100385561, 1.427627773802182 ], [ 104.068355, 1.427456 ], [ 104.068577811435546, 1.42754884531128 ], [ 104.068851394379053, 1.427460969670666 ], [ 104.069098350582294, 1.427354934675042 ], [ 104.069267885200787, 1.42734183114662 ], [ 104.069709215696491, 1.427065803192188 ], [ 104.069833383378665, 1.427087178371018 ], [ 104.07015177257631, 1.426899724057423 ], [ 104.070717379159007, 1.426514567048202 ], [ 104.07071283908185, 1.426494535046741 ], [ 104.070800049584065, 1.42643527258475 ], [ 104.070813765629197, 1.42644893142864 ], [ 104.0724534, 1.4253324 ], [ 104.0724929, 1.4253009 ], [ 104.0741486, 1.423981 ], [ 104.074270731888859, 1.423885091782834 ], [ 104.074256911969158, 1.42384784836416 ], [ 104.074261524749531, 1.423790674503463 ], [ 104.07423802368524, 1.42376059719524 ], [ 104.074265913606951, 1.423740462397501 ], [ 104.074310340991673, 1.423840950649361 ], [ 104.074342792246355, 1.4238285039315 ], [ 104.074433927621925, 1.423756936765681 ], [ 104.074517080772026, 1.423608654147866 ], [ 104.074691962287829, 1.423515848828975 ], [ 104.074762439062042, 1.423499020776412 ], [ 104.0754688800818, 1.422944442781499 ], [ 104.075937890237981, 1.422543164076728 ], [ 104.076025117929831, 1.422401867352316 ], [ 104.076067216701887, 1.422231735498654 ], [ 104.076173669967631, 1.422128917072842 ], [ 104.076358681808856, 1.422069524718355 ], [ 104.076425802161324, 1.421948001139851 ], [ 104.076491565435177, 1.421918901047765 ], [ 104.076640264303236, 1.421753180190109 ], [ 104.076966669586653, 1.421460722149799 ], [ 104.077070288068413, 1.421309511924163 ], [ 104.077419909081527, 1.421060740794464 ], [ 104.077841062383598, 1.420605796057892 ], [ 104.078070820261487, 1.420439740937504 ], [ 104.078233576430549, 1.420394496764417 ], [ 104.078754550772999, 1.420090514380313 ], [ 104.07882584349872, 1.419930553395798 ], [ 104.078857911911726, 1.419895081144119 ], [ 104.078885225588323, 1.419864872749635 ], [ 104.079277287171124, 1.419625800605032 ], [ 104.0796968032801, 1.419414796659034 ], [ 104.080131347747226, 1.419243175716609 ], [ 104.080266812335566, 1.419115628960258 ], [ 104.080325721755059, 1.419084277671165 ], [ 104.080371662689927, 1.419059819867423 ], [ 104.080506999257182, 1.418987781547636 ], [ 104.08059950186238, 1.418759503243319 ], [ 104.08065135484749, 1.418720935950577 ], [ 104.080660707497131, 1.418706121602515 ], [ 104.080922864842293, 1.418250424866417 ], [ 104.081259657177839, 1.417821164690025 ], [ 104.081220200000018, 1.4177343 ] ] ] } },
{ "type": "Feature", "properties": { "id": 97943887, "name": null, "forest_area_ha": 0.5242364501368042, "source_layer": "natural", "source": "OSM" }, "geometry": { "type": "Polygon", "coordinates": [ [ [ 104.0753381, 1.4116141 ], [ 104.0757458, 1.4118072 ], [ 104.076293, 1.4121183 ], [ 104.0765719, 1.4122791 ], [ 104.0768401, 1.4122577 ], [ 104.0770655, 1.4122791 ], [ 104.0770333, 1.4122255 ], [ 104.0766256, 1.4120539 ], [ 104.0760355, 1.4117429 ], [ 104.0755849, 1.4114425 ], [ 104.0753381, 1.4112602 ], [ 104.0751235, 1.4114962 ], [ 104.0753381, 1.4116141 ] ] ] } },
{ "type": "Feature", "properties": { "id": 97943923, "name": null, "forest_area_ha": 2.8372050327606915, "source_layer": "natural", "source": "OSM" }, "geometry": { "type": "Polygon", "coordinates": [ [ [ 104.0787499, 1.4153466 ], [ 104.0785782, 1.4148533 ], [ 104.0783958, 1.4152287 ], [ 104.0784066, 1.4156255 ], [ 104.0786533, 1.4160867 ], [ 104.0790717, 1.4166444 ], [ 104.0793185, 1.4168161 ], [ 104.07959750000002, 1.4168804 ], [ 104.0798228, 1.4169877 ], [ 104.0798979, 1.4171807 ], [ 104.0799086, 1.4173416 ], [ 104.0801124, 1.4174918 ], [ 104.0803056, 1.4175132 ], [ 104.08027340000001, 1.4173845 ], [ 104.0803056, 1.4172558 ], [ 104.0804558, 1.417288 ], [ 104.0805094, 1.4174596 ], [ 104.0805952, 1.4175239 ], [ 104.0808527, 1.4175561 ], [ 104.0811961, 1.4175561 ], [ 104.0811853, 1.4173952 ], [ 104.0810995, 1.4172451 ], [ 104.0807025, 1.4169769 ], [ 104.0803163, 1.4167088 ], [ 104.0797906, 1.4162476 ], [ 104.0795224, 1.4159902 ], [ 104.0791147, 1.4152179 ], [ 104.0787499, 1.4153466 ] ] ] } },
{ "type": "Feature", "properties": { "id": 97944139, "name": null, "forest_area_ha": 11.68351116858352, "source_layer": "natural", "source": "OSM" }, "geometry": { "type": "Polygon", "coordinates": [ [ [ 104.0812926, 1.4170735 ], [ 104.0812819, 1.4170091 ], [ 104.0810137, 1.4168482 ], [ 104.08096, 1.4167195 ], [ 104.0810351, 1.416623 ], [ 104.0811424, 1.4165801 ], [ 104.0811102, 1.4164299 ], [ 104.0810673, 1.4161832 ], [ 104.0811238, 1.4160166 ], [ 104.0810916, 1.4158021 ], [ 104.0812847, 1.4155876 ], [ 104.0810701, 1.4155554 ], [ 104.0809199, 1.4154267 ], [ 104.0807912, 1.4152444 ], [ 104.080705400000014, 1.4149226 ], [ 104.080759, 1.414633 ], [ 104.0807805, 1.4144507 ], [ 104.080769700000019, 1.4143541 ], [ 104.0810272, 1.4141396 ], [ 104.0813169, 1.4139573 ], [ 104.0814349, 1.4138393 ], [ 104.0812847, 1.4136355 ], [ 104.0811452, 1.4134103 ], [ 104.0811023, 1.4131314 ], [ 104.0809307, 1.4129276 ], [ 104.0808126, 1.4127989 ], [ 104.0808234, 1.4126488 ], [ 104.0806303, 1.4123806 ], [ 104.0804908, 1.4121768 ], [ 104.0802869, 1.4119194 ], [ 104.0802011, 1.41178 ], [ 104.080126, 1.4118336 ], [ 104.0799329, 1.4117907 ], [ 104.0799114, 1.4115011 ], [ 104.07989, 1.4112223 ], [ 104.0796726, 1.411035 ], [ 104.0793292, 1.411228 ], [ 104.0788464, 1.4115712 ], [ 104.0789966, 1.4117536 ], [ 104.079061, 1.4120324 ], [ 104.078664, 1.4122362 ], [ 104.0785353, 1.4124186 ], [ 104.0782134, 1.4126545 ], [ 104.078428, 1.4129548 ], [ 104.0785889, 1.4133302 ], [ 104.0789001, 1.4141132 ], [ 104.079179, 1.4143813 ], [ 104.0793614, 1.4144564 ], [ 104.0794902, 1.4146924 ], [ 104.079554500000015, 1.4149176 ], [ 104.0795009, 1.4149927 ], [ 104.0792649, 1.4150678 ], [ 104.07959750000002, 1.4159044 ], [ 104.0797477, 1.4160545 ], [ 104.0800159, 1.4163763 ], [ 104.0803592, 1.416623 ], [ 104.0805738, 1.4167839 ], [ 104.0811317, 1.4170949 ], [ 104.0812926, 1.4170735 ] ] ] } },
{ "type": "Feature", "properties": { "id": 97944187, "name": null, "forest_area_ha": 0.53059366373036665, "source_layer": "natural", "source": "OSM" }, "geometry": { "type": "MultiPolygon", "coordinates": [ [ [ [ 104.08315288066926, 1.41410296900313 ], [ 104.0830979, 1.4141396 ], [ 104.083096535829938, 1.414236456052647 ], [ 104.08315288066926, 1.41410296900313 ] ] ], [ [ [ 104.0824112, 1.4149869 ], [ 104.0822181, 1.4153409 ], [ 104.0823576, 1.4158021 ], [ 104.082309990703564, 1.415992473797191 ], [ 104.08240136880228, 1.415792201224732 ], [ 104.082751768222579, 1.415104906634908 ], [ 104.082765239538389, 1.414960217369321 ], [ 104.082675575236181, 1.414913399549546 ], [ 104.082772593702529, 1.414734887401371 ], [ 104.082855076876271, 1.414675354714377 ], [ 104.082881669958965, 1.414633092780428 ], [ 104.0827303, 1.4146709 ], [ 104.082550700000013, 1.4146116 ], [ 104.0824112, 1.4149869 ] ] ], [ [ [ 104.0817246, 1.4164242 ], [ 104.0817325, 1.4166015 ], [ 104.081872329381511, 1.416851309349541 ], [ 104.082122847366179, 1.416402634103374 ], [ 104.082222155551037, 1.416184981297196 ], [ 104.0820787, 1.4163813 ], [ 104.081907, 1.4165422 ], [ 104.0817246, 1.4164242 ] ] ] ] } },
{ "type": "Feature", "properties": { "id": 97944221, "name": null, "forest_area_ha": 0.41014909097009822, "source_layer": "natural", "source": "OSM" }, "geometry": { "type": "Polygon", "coordinates": [ [ [ 104.0846321, 1.4110721 ], [ 104.0845248, 1.4112973 ], [ 104.084203, 1.4116406 ], [ 104.0840098, 1.4118229 ], [ 104.0840957, 1.4121447 ], [ 104.0840742, 1.412445 ], [ 104.0839884, 1.4126702 ], [ 104.0837845, 1.4128955 ], [ 104.0835056, 1.4133138 ], [ 104.083533521321215, 1.413335503732701 ], [ 104.083586555974264, 1.413249404712474 ], [ 104.083604809560867, 1.41319781830835 ], [ 104.083662228380632, 1.413110859226956 ], [ 104.083804018690955, 1.412977342018379 ], [ 104.08439697423529, 1.411990065357651 ], [ 104.084479827622346, 1.411613582314396 ], [ 104.084725438521346, 1.411136797626869 ], [ 104.084735296064551, 1.411065003617157 ], [ 104.0846321, 1.4110721 ] ] ] } },
{ "type": "Feature", "properties": { "id": 97944223, "name": null, "forest_area_ha": 0.33592546596513623, "source_layer": "natural", "source": "OSM" }, "geometry": { "type": "Polygon", "coordinates": [ [ [ 104.0850692, 1.4091687 ], [ 104.0849511, 1.4090507 ], [ 104.0847366, 1.4091258 ], [ 104.0845756, 1.4092652 ], [ 104.0843718, 1.4092974 ], [ 104.0844254, 1.409394 ], [ 104.0847473, 1.4094798 ], [ 104.0849082, 1.409587 ], [ 104.085145188521366, 1.409747266099788 ], [ 104.085180911585184, 1.409485558255383 ], [ 104.085144635163999, 1.409291304132904 ], [ 104.0850692, 1.4091687 ] ] ] } },
{ "type": "Feature", "properties": { "id": 97944254, "name": null, "forest_area_ha": 1.3247073584124696, "source_layer": "natural", "source": "OSM" }, "geometry": { "type": "Polygon", "coordinates": [ [ [ 104.084607800000015, 1.408804 ], [ 104.0845649, 1.408729 ], [ 104.0844254, 1.4087933 ], [ 104.0842323, 1.4086432 ], [ 104.0839104, 1.4085252 ], [ 104.083545700000016, 1.4085574 ], [ 104.0832453, 1.4083857 ], [ 104.0830843, 1.4084394 ], [ 104.0831702, 1.4086217 ], [ 104.0833525, 1.408922 ], [ 104.0832023, 1.4090078 ], [ 104.0830843, 1.4087397 ], [ 104.0828805, 1.4085359 ], [ 104.082859, 1.4082892 ], [ 104.0826766, 1.4083643 ], [ 104.0826123, 1.4084823 ], [ 104.0823548, 1.4083214 ], [ 104.0822368, 1.4083536 ], [ 104.0823655, 1.4085037 ], [ 104.0824942, 1.4088148 ], [ 104.0826659, 1.4089435 ], [ 104.082934100000017, 1.4091794 ], [ 104.0834598, 1.4095119 ], [ 104.0836422, 1.4095763 ], [ 104.0837924, 1.4093832 ], [ 104.0836315, 1.4091687 ], [ 104.083545700000016, 1.4089328 ], [ 104.0837817, 1.408729 ], [ 104.084007, 1.4087719 ], [ 104.0842001, 1.4089435 ], [ 104.084607800000015, 1.408804 ] ] ] } },
{ "type": "Feature", "properties": { "id": 97944264, "name": null, "forest_area_ha": 0.34215149791574306, "source_layer": "natural", "source": "OSM" }, "geometry": { "type": "Polygon", "coordinates": [ [ [ 104.0820544, 1.4088469 ], [ 104.0820544, 1.4087182 ], [ 104.0819578, 1.4086003 ], [ 104.0818291, 1.4086646 ], [ 104.0818827, 1.4088684 ], [ 104.0817325, 1.4090078 ], [ 104.0816896, 1.4087826 ], [ 104.0815179, 1.408804 ], [ 104.0815608, 1.4090078 ], [ 104.0814106, 1.4089328 ], [ 104.0813355, 1.4090293 ], [ 104.081593, 1.4093725 ], [ 104.0817432, 1.4093189 ], [ 104.0819793, 1.4090829 ], [ 104.082108, 1.4089649 ], [ 104.0820544, 1.4088469 ] ] ] } },
{ "type": "Feature", "properties": { "id": 97944270, "name": null, "forest_area_ha": 0.47192637286437028, "source_layer": "natural", "source": "OSM" }, "geometry": { "type": "Polygon", "coordinates": [ [ [ 104.0812068, 1.4089113 ], [ 104.0810458, 1.408729 ], [ 104.0810351, 1.4085466 ], [ 104.0808956, 1.4084823 ], [ 104.0807347, 1.408257 ], [ 104.0805952, 1.4084716 ], [ 104.0805952, 1.4086646 ], [ 104.0805201, 1.4088684 ], [ 104.080659600000018, 1.4088684 ], [ 104.080724, 1.4088899 ], [ 104.080842, 1.4092009 ], [ 104.081078, 1.4092331 ], [ 104.0812819, 1.409276 ], [ 104.0812068, 1.4089113 ] ] ] } },
{ "type": "Feature", "properties": { "id": 97944282, "name": null, "forest_area_ha": 0.21126839269976116, "source_layer": "natural", "source": "OSM" }, "geometry": { "type": "Polygon", "coordinates": [ [ [ 104.0787391, 1.4083214 ], [ 104.0786533, 1.4083321 ], [ 104.0786748, 1.4085037 ], [ 104.0784173, 1.4083857 ], [ 104.0784495, 1.4084394 ], [ 104.0785246, 1.408611 ], [ 104.0783636, 1.4085681 ], [ 104.0781383, 1.4085574 ], [ 104.0782456, 1.4086432 ], [ 104.0785675, 1.408804 ], [ 104.0787928, 1.4088469 ], [ 104.0788357, 1.408611 ], [ 104.078814300000019, 1.4084501 ], [ 104.0787391, 1.4083214 ] ] ] } },
{ "type": "Feature", "properties": { "id": 97944289, "name": null, "forest_area_ha": 2.7496144069355664, "source_layer": "natural", "source": "OSM" }, "geometry": { "type": "Polygon", "coordinates": [ [ [ 104.0775053, 1.4117321 ], [ 104.0773444, 1.4115391 ], [ 104.0773229, 1.4112388 ], [ 104.0775053, 1.4110457 ], [ 104.0773015, 1.4109492 ], [ 104.077044, 1.41111 ], [ 104.0767329, 1.4112495 ], [ 104.0765827, 1.4110993 ], [ 104.0764646, 1.4109384 ], [ 104.0767221, 1.4107561 ], [ 104.0766256, 1.4105738 ], [ 104.0767436, 1.4104129 ], [ 104.0767114, 1.4100804 ], [ 104.076507600000014, 1.4098552 ], [ 104.0754239, 1.4111851 ], [ 104.0759604, 1.4115498 ], [ 104.0769796, 1.4120753 ], [ 104.0770976, 1.4120968 ], [ 104.0773015, 1.4120432 ], [ 104.077398, 1.4121933 ], [ 104.0775053, 1.4122684 ], [ 104.0778379, 1.4120432 ], [ 104.0778165, 1.4119252 ], [ 104.0778057, 1.4118823 ], [ 104.0775053, 1.4117321 ] ] ] } },
{ "type": "Feature", "properties": { "id": 97944323, "name": null, "forest_area_ha": 14.558831381961429, "source_layer": "natural", "source": "OSM" }, "geometry": { "type": "Polygon", "coordinates": [ [ [ 104.0763144, 1.4098015 ], [ 104.076217900000017, 1.409705 ], [ 104.076529, 1.4095012 ], [ 104.076647, 1.4092545 ], [ 104.0762715, 1.4093725 ], [ 104.0760569, 1.4093189 ], [ 104.0758853, 1.4094154 ], [ 104.075542, 1.4093511 ], [ 104.0750913, 1.4091365 ], [ 104.0749197, 1.4087719 ], [ 104.07472660000002, 1.4083857 ], [ 104.074276, 1.4079567 ], [ 104.0737824, 1.40771 ], [ 104.0723662, 1.4073561 ], [ 104.0719693, 1.4076993 ], [ 104.071454300000013, 1.4079567 ], [ 104.0704994, 1.4078924 ], [ 104.0695553, 1.4078387 ], [ 104.06924410000002, 1.4077637 ], [ 104.0691368, 1.4082356 ], [ 104.0698986, 1.4085574 ], [ 104.0704779, 1.4088899 ], [ 104.0712719, 1.4093832 ], [ 104.0718191, 1.4096835 ], [ 104.0728919, 1.409841 ], [ 104.0739541, 1.4101769 ], [ 104.0747909, 1.4106488 ], [ 104.0753381, 1.4110886 ], [ 104.0763144, 1.4098015 ] ] ] } },
{ "type": "Feature", "properties": { "id": 97944332, "name": null, "forest_area_ha": 0.3389891369747981, "source_layer": "natural", "source": "OSM" }, "geometry": { "type": "Polygon", "coordinates": [ [ [ 104.0720551, 1.4044495 ], [ 104.071347, 1.405329 ], [ 104.0714865, 1.405286 ], [ 104.0720014, 1.4050608 ], [ 104.072216, 1.4047927 ], [ 104.0721946, 1.4045031 ], [ 104.0720551, 1.4044495 ] ] ] } },
{ "type": "Feature", "properties": { "id": 97946430, "name": null, "forest_area_ha": 375.11612988083778, "source_layer": "natural", "source": "OSM" }, "geometry": { "type": "Polygon", "coordinates": [ [ [ 104.0514949, 1.4045711 ], [ 104.052279, 1.404792 ], [ 104.0531183, 1.4056697 ], [ 104.053306100000015, 1.4062327 ], [ 104.0531073, 1.406989 ], [ 104.052522, 1.4076128 ], [ 104.051782, 1.4083249 ], [ 104.0513956, 1.4091555 ], [ 104.0497849, 1.4082641 ], [ 104.049749, 1.4085917 ], [ 104.0494701, 1.4089564 ], [ 104.0487834, 1.4091923 ], [ 104.0471741, 1.4096214 ], [ 104.0470346, 1.4099324 ], [ 104.0470346, 1.4102005 ], [ 104.046734200000017, 1.4104794 ], [ 104.0467986, 1.4108119 ], [ 104.0470272, 1.4108161 ], [ 104.0478276, 1.4101799 ], [ 104.0482204, 1.4108194 ], [ 104.0487777, 1.4108651 ], [ 104.049134, 1.4107007 ], [ 104.0492528, 1.4108468 ], [ 104.0491249, 1.4114772 ], [ 104.0488873, 1.4114315 ], [ 104.048531, 1.4116691 ], [ 104.0472977, 1.4116599 ], [ 104.0462836, 1.4123634 ], [ 104.0455802, 1.4125461 ], [ 104.0454066, 1.4127562 ], [ 104.0447579, 1.4136424 ], [ 104.0444199, 1.4144098 ], [ 104.0452695, 1.414894 ], [ 104.0453974, 1.415159 ], [ 104.0454523, 1.4162918 ], [ 104.0455619, 1.4168948 ], [ 104.0458177, 1.4172054 ], [ 104.0461649, 1.4172694 ], [ 104.0468842, 1.4176245 ], [ 104.047480400000012, 1.4176074 ], [ 104.048238700000013, 1.4174155 ], [ 104.0484214, 1.4177901 ], [ 104.0486407, 1.4180642 ], [ 104.049170600000011, 1.4183931 ], [ 104.0495177, 1.418183 ], [ 104.0497278, 1.4183383 ], [ 104.0497096, 1.4186854 ], [ 104.0501938, 1.4190965 ], [ 104.0506871, 1.4191422 ], [ 104.0504222, 1.4193615 ], [ 104.0501572, 1.4193706 ], [ 104.049234500000011, 1.4195442 ], [ 104.0486133, 1.4198 ], [ 104.0477728, 1.4199462 ], [ 104.0467313, 1.4195625 ], [ 104.0464389, 1.4196538 ], [ 104.0458542, 1.4202751 ], [ 104.0457446, 1.4197361 ], [ 104.0453244, 1.419261 ], [ 104.0446118, 1.4193249 ], [ 104.0442098, 1.4197086 ], [ 104.0439722, 1.4205857 ], [ 104.0440819, 1.4211338 ], [ 104.0443103, 1.4219652 ], [ 104.0443103, 1.4226413 ], [ 104.0442555, 1.4233082 ], [ 104.0438169, 1.4237193 ], [ 104.0444276, 1.4236429 ], [ 104.0447709, 1.423364 ], [ 104.0447709, 1.4230637 ], [ 104.0450284, 1.4226776 ], [ 104.0451571, 1.4227634 ], [ 104.0460798, 1.4215836 ], [ 104.0481827, 1.4208113 ], [ 104.0503714, 1.4200176 ], [ 104.051894800000014, 1.4198675 ], [ 104.0525814, 1.4194031 ], [ 104.0542122, 1.4191993 ], [ 104.0549096, 1.418116 ], [ 104.0555104, 1.4172901 ], [ 104.055564, 1.4170006 ], [ 104.0562078, 1.4163141 ], [ 104.05624, 1.4155741 ], [ 104.0573665, 1.4143621 ], [ 104.0578386, 1.414287 ], [ 104.0580209, 1.4140832 ], [ 104.0582672, 1.414251 ], [ 104.0584603, 1.4144441 ], [ 104.0587178, 1.4146264 ], [ 104.058868, 1.4145084 ], [ 104.0589646, 1.4146908 ], [ 104.0591899, 1.4148409 ], [ 104.060016, 1.4153772 ], [ 104.0604988, 1.4154952 ], [ 104.0614108, 1.4153772 ], [ 104.0626124, 1.4151627 ], [ 104.0633312, 1.4156561 ], [ 104.0641788, 1.4162996 ], [ 104.0646938, 1.416557 ], [ 104.0655092, 1.4168037 ], [ 104.0657238, 1.4169431 ], [ 104.0682129, 1.416793 ], [ 104.0684811, 1.4167286 ], [ 104.0685025, 1.4165248 ], [ 104.0687171, 1.4164712 ], [ 104.0687922, 1.4166643 ], [ 104.068642, 1.4166965 ], [ 104.0686206, 1.4167823 ], [ 104.0693716, 1.4168144 ], [ 104.0697685, 1.4166965 ], [ 104.0702084, 1.4167394 ], [ 104.0705325, 1.4168298 ], [ 104.0709594, 1.4161119 ], [ 104.0708288, 1.4156602 ], [ 104.0706351, 1.4152229 ], [ 104.070661, 1.4151063 ], [ 104.0707787, 1.4150174 ], [ 104.0714662, 1.4147095 ], [ 104.071693, 1.4145279 ], [ 104.0719822, 1.4142376 ], [ 104.0720731, 1.413952 ], [ 104.0722644, 1.4134714 ], [ 104.0724982, 1.4132569 ], [ 104.0729751, 1.4129521 ], [ 104.073056100000016, 1.4128044 ], [ 104.0730742, 1.4126025 ], [ 104.0728673, 1.4123143 ], [ 104.0725726, 1.41211 ], [ 104.0724655, 1.4119572 ], [ 104.0724273, 1.4117756 ], [ 104.072411500000015, 1.4115023 ], [ 104.0723065, 1.4113082 ], [ 104.0721792, 1.4111688 ], [ 104.0721364, 1.4110154 ], [ 104.0722169, 1.4108146 ], [ 104.0723787, 1.4104767 ], [ 104.0724601, 1.4101361 ], [ 104.0726166, 1.4101017 ], [ 104.0730879, 1.4100547 ], [ 104.0730983, 1.4099962 ], [ 104.0725494, 1.409902 ], [ 104.071604600000015, 1.4096576 ], [ 104.0708629, 1.4094138 ], [ 104.069908, 1.4087917 ], [ 104.0689317, 1.4083734 ], [ 104.0669683, 1.4078693 ], [ 104.0657774, 1.4074081 ], [ 104.0651444, 1.4069469 ], [ 104.0646723, 1.4064642 ], [ 104.0642003, 1.4059065 ], [ 104.0642003, 1.4060138 ], [ 104.0639964, 1.406357 ], [ 104.0633475, 1.4078001 ], [ 104.0633391, 1.4079804 ], [ 104.063374200000013, 1.4081607 ], [ 104.0634477, 1.4081484 ], [ 104.0634579, 1.4081866 ], [ 104.0635248, 1.4084135 ], [ 104.063707, 1.4085832 ], [ 104.063383, 1.408957 ], [ 104.0629328, 1.4085567 ], [ 104.06319, 1.4082661 ], [ 104.0632542, 1.408247 ], [ 104.0631488, 1.4078586 ], [ 104.063223900000011, 1.4075904 ], [ 104.0635351, 1.4068611 ], [ 104.064065, 1.4057151 ], [ 104.0637394, 1.4051273 ], [ 104.0634384, 1.4047448 ], [ 104.0630778, 1.4051406 ], [ 104.0628167, 1.4049128 ], [ 104.0626451, 1.4047519 ], [ 104.0628704, 1.4044731 ], [ 104.0626558, 1.4043122 ], [ 104.0625807, 1.4042157 ], [ 104.0624305, 1.4043015 ], [ 104.0620657, 1.4040011 ], [ 104.0610787, 1.4037545 ], [ 104.0606602, 1.4035399 ], [ 104.060392, 1.4032396 ], [ 104.0602633, 1.4030144 ], [ 104.0599736, 1.4030895 ], [ 104.0594693, 1.4031002 ], [ 104.0590187, 1.4032504 ], [ 104.0585145, 1.4035078 ], [ 104.0576669, 1.4040655 ], [ 104.0567335, 1.4048056 ], [ 104.0572416, 1.4055607 ], [ 104.0573243, 1.405572 ], [ 104.0577253, 1.4052804 ], [ 104.05822160000001, 1.4053652 ], [ 104.0584634, 1.4057737 ], [ 104.0580438, 1.4060787 ], [ 104.0575824, 1.406217 ], [ 104.0574706, 1.4061053 ], [ 104.057331100000013, 1.4058371 ], [ 104.0566691, 1.4048806 ], [ 104.0562046, 1.4053652 ], [ 104.0558613, 1.4059444 ], [ 104.0550781, 1.4058479 ], [ 104.0545953, 1.4057299 ], [ 104.0545202, 1.4055904 ], [ 104.0547562, 1.4039709 ], [ 104.0548527, 1.40381 ], [ 104.055003, 1.4037456 ], [ 104.0557003, 1.4038422 ], [ 104.0560436, 1.403928 ], [ 104.0562368, 1.4040889 ], [ 104.0563655, 1.4043463 ], [ 104.056269, 1.4049791 ], [ 104.056358, 1.4050415 ], [ 104.0568408, 1.4046018 ], [ 104.05761320000002, 1.4039904 ], [ 104.0584501, 1.4034005 ], [ 104.0589758, 1.4031538 ], [ 104.0594371, 1.4030037 ], [ 104.0598341, 1.4029179 ], [ 104.0599199, 1.4027999 ], [ 104.0600809, 1.4027462 ], [ 104.060038, 1.402521 ], [ 104.0597912, 1.4018131 ], [ 104.0595981, 1.4014055 ], [ 104.059523, 1.4012876 ], [ 104.0594586, 1.4015235 ], [ 104.0594157, 1.4016737 ], [ 104.0593513, 1.4015343 ], [ 104.0592762, 1.4012768 ], [ 104.059254800000019, 1.4011052 ], [ 104.0591475, 1.4010409 ], [ 104.0587612, 1.400998 ], [ 104.0587612, 1.4011696 ], [ 104.0591153, 1.4012661 ], [ 104.0592226, 1.4016201 ], [ 104.0593728, 1.4020062 ], [ 104.0595981, 1.4020169 ], [ 104.0596517, 1.4022314 ], [ 104.0597268, 1.4023494 ], [ 104.0595337, 1.4025317 ], [ 104.0590831, 1.4023279 ], [ 104.0582462, 1.4015664 ], [ 104.0580639, 1.4015021 ], [ 104.0576454, 1.4013519 ], [ 104.0569373, 1.4011374 ], [ 104.0561541, 1.4006333 ], [ 104.0561434, 1.400451 ], [ 104.0561005, 1.4003544 ], [ 104.0559717, 1.4004617 ], [ 104.0557893, 1.4004831 ], [ 104.0555104, 1.4004617 ], [ 104.0552958, 1.4003652 ], [ 104.0553173, 1.4002365 ], [ 104.0555211, 1.400097 ], [ 104.0555211, 1.3999898 ], [ 104.0553924, 1.3998718 ], [ 104.055274400000016, 1.3997431 ], [ 104.0553065, 1.3996251 ], [ 104.0557572, 1.3996787 ], [ 104.0557464, 1.3996358 ], [ 104.0554675, 1.3995607 ], [ 104.055231400000011, 1.3995178 ], [ 104.0550598, 1.3995715 ], [ 104.054974, 1.3997431 ], [ 104.0548989, 1.3997967 ], [ 104.0549203, 1.3999898 ], [ 104.054813, 1.4000648 ], [ 104.0545448, 1.4000756 ], [ 104.0545233, 1.4002365 ], [ 104.0543517, 1.4002365 ], [ 104.053740100000013, 1.4003008 ], [ 104.0533968, 1.4003973 ], [ 104.0531822, 1.4003223 ], [ 104.0525922, 1.4003759 ], [ 104.0524098, 1.4004188 ], [ 104.05256, 1.4005797 ], [ 104.0528389, 1.400644 ], [ 104.0534612, 1.4008049 ], [ 104.0534505, 1.4009872 ], [ 104.0534612, 1.4012018 ], [ 104.0532466, 1.4012876 ], [ 104.0534826, 1.4013734 ], [ 104.0535256, 1.4015664 ], [ 104.0531501, 1.4015664 ], [ 104.0527316, 1.4015128 ], [ 104.0526673, 1.4012661 ], [ 104.0524741, 1.4013197 ], [ 104.0523239, 1.4013626 ], [ 104.0524527, 1.4015557 ], [ 104.0524849, 1.4017488 ], [ 104.0524527, 1.4020169 ], [ 104.0522274, 1.4021242 ], [ 104.0520235, 1.4019847 ], [ 104.0518304, 1.4018024 ], [ 104.0513369, 1.4016951 ], [ 104.0507575, 1.4015128 ], [ 104.0504249, 1.4014055 ], [ 104.0502747, 1.4012018 ], [ 104.0501567, 1.4011374 ], [ 104.0500065, 1.4010516 ], [ 104.0499099, 1.4012232 ], [ 104.049867, 1.4013841 ], [ 104.0496954, 1.4014377 ], [ 104.0496632, 1.4022314 ], [ 104.049791900000017, 1.4026819 ], [ 104.0494915, 1.4028321 ], [ 104.0494271, 1.4034649 ], [ 104.0494379, 1.4038188 ], [ 104.0496081, 1.4042765 ], [ 104.0514949, 1.4045711 ] ] ] } },
{ "type": "Feature", "properties": { "id": 97947023, "name": null, "forest_area_ha": 290.99716711107305, "source_layer": "natural", "source": "OSM" }, "geometry": { "type": "Polygon", "coordinates": [ [ [ 104.0388486, 1.4213905 ], [ 104.0388915, 1.4216694 ], [ 104.0387198, 1.4220126 ], [ 104.0386555, 1.42227 ], [ 104.0387842, 1.4225918 ], [ 104.0391061, 1.4228492 ], [ 104.0395352, 1.4229135 ], [ 104.0400288, 1.4228921 ], [ 104.0406939, 1.4228277 ], [ 104.0412518, 1.4229135 ], [ 104.0415952, 1.423128 ], [ 104.0420029, 1.4233855 ], [ 104.0424535, 1.4235356 ], [ 104.042796800000019, 1.4237716 ], [ 104.043462, 1.4238359 ], [ 104.0438169, 1.4237193 ], [ 104.0439448, 1.4230798 ], [ 104.0439722, 1.4221936 ], [ 104.0435703, 1.4212983 ], [ 104.0432871, 1.4211521 ], [ 104.0422912, 1.4210882 ], [ 104.0431317, 1.4203847 ], [ 104.0433601, 1.419663 ], [ 104.0434058, 1.4186032 ], [ 104.0439083, 1.4175891 ], [ 104.0438992, 1.4172511 ], [ 104.043552, 1.4169862 ], [ 104.0433236, 1.4170136 ], [ 104.0432048, 1.4172328 ], [ 104.042949, 1.4172694 ], [ 104.0427206, 1.4179089 ], [ 104.0424191, 1.4179637 ], [ 104.0421451, 1.4179363 ], [ 104.0421999, 1.4174612 ], [ 104.0419898, 1.4168765 ], [ 104.0409665, 1.4161639 ], [ 104.0407199, 1.4167029 ], [ 104.0405554, 1.4173425 ], [ 104.04019, 1.4184844 ], [ 104.0392764, 1.4194711 ], [ 104.0392033, 1.4184388 ], [ 104.0390121, 1.4175907 ], [ 104.0394226, 1.4169405 ], [ 104.0393952, 1.4165111 ], [ 104.0395139, 1.4163558 ], [ 104.039313, 1.4154422 ], [ 104.0394134, 1.4149489 ], [ 104.0396144, 1.4138708 ], [ 104.0394609, 1.4134665 ], [ 104.0391485, 1.4134323 ], [ 104.0390571, 1.413277 ], [ 104.039048, 1.4131582 ], [ 104.0387423, 1.4131397 ], [ 104.0386125, 1.4131318 ], [ 104.0385696, 1.4129173 ], [ 104.0385053, 1.4126814 ], [ 104.0402648, 1.4112656 ], [ 104.0402433, 1.4109867 ], [ 104.0400288, 1.410622 ], [ 104.0400717, 1.4103861 ], [ 104.0404794, 1.4102359 ], [ 104.0408656, 1.4098498 ], [ 104.0413591, 1.4096567 ], [ 104.0420029, 1.4095495 ], [ 104.042711, 1.4095495 ], [ 104.0433762, 1.4095924 ], [ 104.044213, 1.4094637 ], [ 104.0450928, 1.4093993 ], [ 104.0456936, 1.4094637 ], [ 104.046509, 1.4094851 ], [ 104.0468738, 1.4094637 ], [ 104.0467879, 1.4093993 ], [ 104.0460154, 1.4094422 ], [ 104.0457365, 1.4093779 ], [ 104.0453503, 1.4083053 ], [ 104.0448782, 1.4082839 ], [ 104.0445992, 1.4079192 ], [ 104.0445992, 1.4077261 ], [ 104.0448138, 1.4077047 ], [ 104.044749400000015, 1.4072971 ], [ 104.045500500000017, 1.4070397 ], [ 104.0459511, 1.4072971 ], [ 104.0460369, 1.4072757 ], [ 104.0462729, 1.4065892 ], [ 104.0458438, 1.4066321 ], [ 104.0458009, 1.4057526 ], [ 104.0454361, 1.4057741 ], [ 104.0454361, 1.404916 ], [ 104.047345800000016, 1.4040151 ], [ 104.047345800000016, 1.4035002 ], [ 104.0478823, 1.4035431 ], [ 104.047667700000019, 1.4036933 ], [ 104.0478823, 1.4039293 ], [ 104.0480968, 1.4041223 ], [ 104.0479896, 1.4042725 ], [ 104.0479681, 1.4045084 ], [ 104.0482685, 1.4043797 ], [ 104.0482256, 1.4050662 ], [ 104.0489981, 1.4052592 ], [ 104.0493414, 1.4050233 ], [ 104.0494701, 1.4045299 ], [ 104.0492341, 1.4039293 ], [ 104.0491483, 1.4033501 ], [ 104.0492556, 1.4027065 ], [ 104.0491697, 1.4025564 ], [ 104.0494272, 1.4022775 ], [ 104.0494916, 1.4016125 ], [ 104.0491697, 1.4016125 ], [ 104.049041, 1.4014838 ], [ 104.0490195, 1.4012264 ], [ 104.0486762, 1.4010763 ], [ 104.0486333, 1.400733 ], [ 104.048526, 1.4004971 ], [ 104.0479681, 1.4003255 ], [ 104.0479681, 1.4001538 ], [ 104.046981, 1.3999179 ], [ 104.046745, 1.4003898 ], [ 104.0464014, 1.4010124 ], [ 104.0471065, 1.401504 ], [ 104.046806100000012, 1.4019437 ], [ 104.046892, 1.4019974 ], [ 104.0466881, 1.402051 ], [ 104.0464306, 1.4021153 ], [ 104.0461624, 1.4021153 ], [ 104.0460015, 1.4019759 ], [ 104.045862, 1.4018365 ], [ 104.0458405, 1.4016541 ], [ 104.0458942, 1.4014718 ], [ 104.0462911, 1.4009355 ], [ 104.0465197, 1.4004649 ], [ 104.0467987, 1.3998214 ], [ 104.0466484, 1.3998535 ], [ 104.0464339, 1.4001753 ], [ 104.0462729, 1.4002504 ], [ 104.0460905, 1.4000895 ], [ 104.0460262, 1.3999501 ], [ 104.0462193, 1.3996605 ], [ 104.0460798, 1.3994567 ], [ 104.046112, 1.3988668 ], [ 104.0460154, 1.3987381 ], [ 104.0446636, 1.3972043 ], [ 104.044449, 1.3969576 ], [ 104.0444705, 1.3974724 ], [ 104.044449, 1.3976226 ], [ 104.0442666, 1.3976655 ], [ 104.0442666, 1.3978371 ], [ 104.04461, 1.3978264 ], [ 104.0444598, 1.3980945 ], [ 104.0446636, 1.3984806 ], [ 104.0449533, 1.3992422 ], [ 104.0450284, 1.3998428 ], [ 104.0451142, 1.4002182 ], [ 104.0448245, 1.4002718 ], [ 104.0447065, 1.4002611 ], [ 104.0444276, 1.4003469 ], [ 104.0443525, 1.4003791 ], [ 104.0441668, 1.4003349 ], [ 104.043319200000013, 1.3976106 ], [ 104.0434942, 1.3974617 ], [ 104.0435585, 1.3972686 ], [ 104.0437302, 1.3970756 ], [ 104.0439877, 1.3970756 ], [ 104.0442988, 1.3971399 ], [ 104.0442666, 1.397022 ], [ 104.0442237, 1.3968182 ], [ 104.0441486, 1.3967538 ], [ 104.0437731, 1.3965822 ], [ 104.0433654, 1.39655 ], [ 104.0429577, 1.3966144 ], [ 104.0423569, 1.3967967 ], [ 104.0420887, 1.3970541 ], [ 104.0417346, 1.3974939 ], [ 104.0429148, 1.3981267 ], [ 104.0431723, 1.3982876 ], [ 104.0431723, 1.3985557 ], [ 104.0432689, 1.3990062 ], [ 104.043065, 1.3989526 ], [ 104.0429577, 1.3987273 ], [ 104.0429685, 1.3984806 ], [ 104.0428719, 1.3986737 ], [ 104.042796800000019, 1.3989955 ], [ 104.0428075, 1.3994567 ], [ 104.0428826, 1.3999286 ], [ 104.0431616, 1.4003255 ], [ 104.0434298, 1.4006472 ], [ 104.0435693, 1.4009904 ], [ 104.0436551, 1.4011084 ], [ 104.0434834, 1.4012908 ], [ 104.0433654, 1.4016554 ], [ 104.0434191, 1.4019343 ], [ 104.0435585, 1.4018699 ], [ 104.0436015, 1.4016447 ], [ 104.0440735, 1.4016983 ], [ 104.044095, 1.4020523 ], [ 104.0437517, 1.4023848 ], [ 104.0441594, 1.4026529 ], [ 104.0444383, 1.4027173 ], [ 104.0443954, 1.4028889 ], [ 104.0440735, 1.4028138 ], [ 104.0437087, 1.4025993 ], [ 104.0435264, 1.4024277 ], [ 104.0433547, 1.4021595 ], [ 104.0431079, 1.402063 ], [ 104.0431187, 1.4019236 ], [ 104.0432367, 1.4016769 ], [ 104.0433869, 1.4012908 ], [ 104.0434298, 1.4010548 ], [ 104.0433332, 1.4007545 ], [ 104.0430543, 1.4004327 ], [ 104.0428075, 1.4000466 ], [ 104.0426788, 1.3994567 ], [ 104.0426895, 1.3990169 ], [ 104.0427539, 1.3986415 ], [ 104.0427861, 1.3983734 ], [ 104.0427753, 1.3982661 ], [ 104.0416381, 1.397644 ], [ 104.0411767, 1.3983519 ], [ 104.0408978, 1.3990277 ], [ 104.0405759, 1.3995532 ], [ 104.0401468, 1.3998643 ], [ 104.0397069, 1.4000788 ], [ 104.0396962, 1.4006258 ], [ 104.0393528, 1.4008617 ], [ 104.0387842, 1.4009046 ], [ 104.0384409, 1.4009154 ], [ 104.0382907, 1.4007545 ], [ 104.0377757, 1.4010548 ], [ 104.037132, 1.401634 ], [ 104.03668140000002, 1.4023526 ], [ 104.0365633, 1.4027816 ], [ 104.0365312, 1.403704 ], [ 104.0364775, 1.4044226 ], [ 104.0364668, 1.4048517 ], [ 104.03622, 1.4053879 ], [ 104.035930300000018, 1.4056775 ], [ 104.0355656, 1.4059671 ], [ 104.0357404, 1.406238 ], [ 104.0356132, 1.4068858 ], [ 104.0333673, 1.4078406 ], [ 104.0329058, 1.4081098 ], [ 104.0312276, 1.4103594 ], [ 104.0302992, 1.4109865 ], [ 104.0309575, 1.4117054 ], [ 104.0309733, 1.4120133 ], [ 104.0312254, 1.4123914 ], [ 104.0309089, 1.4125174 ], [ 104.0310994, 1.4129947 ], [ 104.0313679, 1.4128959 ], [ 104.0315503, 1.4131479 ], [ 104.0316147, 1.4135796 ], [ 104.031679, 1.4142688 ], [ 104.0315128, 1.4143867 ], [ 104.0314537, 1.4147353 ], [ 104.0315342, 1.4148399 ], [ 104.0314994, 1.4151456 ], [ 104.0314832, 1.4155773 ], [ 104.0314564, 1.4158078 ], [ 104.0314028, 1.4159982 ], [ 104.0312874, 1.4161108 ], [ 104.0312016, 1.4164835 ], [ 104.031042, 1.4168334 ], [ 104.0307831, 1.417296 ], [ 104.0302749, 1.4177683 ], [ 104.0300819, 1.418085 ], [ 104.0297989, 1.4184699 ], [ 104.029496600000016, 1.4188426 ], [ 104.02953, 1.4193214 ], [ 104.029735700000018, 1.419815 ], [ 104.0299199, 1.4201777 ], [ 104.0308014, 1.4202938 ], [ 104.0314559, 1.4201234 ], [ 104.0321482, 1.4196554 ], [ 104.0327572, 1.4192212 ], [ 104.0331699, 1.4190498 ], [ 104.0338798, 1.4195677 ], [ 104.035178, 1.420381 ], [ 104.0359819, 1.4211142 ], [ 104.0362048, 1.4222357 ], [ 104.03617460000001, 1.4234864 ], [ 104.036279, 1.4242054 ], [ 104.036556800000014, 1.4238731 ], [ 104.0366384, 1.423675 ], [ 104.0365955, 1.4234713 ], [ 104.0369925, 1.4222056 ], [ 104.0372607, 1.421841 ], [ 104.0374808, 1.4216438 ], [ 104.0375959, 1.4215407 ], [ 104.0376546, 1.4214881 ], [ 104.0380868, 1.4211009 ], [ 104.038398, 1.4208971 ], [ 104.0385911, 1.4209829 ], [ 104.0388486, 1.4213905 ] ] ] } },
{ "type": "Feature", "properties": { "id": 97947892, "name": null, "forest_area_ha": 8.5085406838224795, "source_layer": "natural", "source": "OSM" }, "geometry": { "type": "Polygon", "coordinates": [ [ [ 104.0451293, 1.4095996 ], [ 104.0435414, 1.4097926 ], [ 104.0428869, 1.4098141 ], [ 104.042082300000018, 1.4097605 ], [ 104.0414385, 1.4098463 ], [ 104.0412347, 1.409975 ], [ 104.041224, 1.4101359 ], [ 104.0413313, 1.4103826 ], [ 104.041578, 1.41064 ], [ 104.0418248, 1.410833 ], [ 104.0416102, 1.4110475 ], [ 104.0417502, 1.4111771 ], [ 104.0419715, 1.4110296 ], [ 104.0422456, 1.4110387 ], [ 104.0426293, 1.4116965 ], [ 104.0430038, 1.411797 ], [ 104.0429582, 1.4120985 ], [ 104.0442737, 1.4119797 ], [ 104.0446483, 1.4112031 ], [ 104.0447762, 1.4104997 ], [ 104.0452969, 1.4108012 ], [ 104.0456121, 1.4108116 ], [ 104.0456764, 1.4105971 ], [ 104.0455906, 1.4103075 ], [ 104.0453331, 1.4101895 ], [ 104.0454082, 1.4099857 ], [ 104.045494, 1.4098248 ], [ 104.0457837, 1.4097068 ], [ 104.0451293, 1.4095996 ] ] ] } },
{ "type": "Feature", "properties": { "id": 97947923, "name": null, "forest_area_ha": 0.18051815855125292, "source_layer": "natural", "source": "OSM" }, "geometry": { "type": "Polygon", "coordinates": [ [ [ 104.0462236, 1.4096318 ], [ 104.0460734, 1.4098034 ], [ 104.0461485, 1.4099535 ], [ 104.0464811, 1.4099857 ], [ 104.0466206, 1.4097819 ], [ 104.0465347, 1.4096318 ], [ 104.0462236, 1.4096318 ] ] ] } },
{ "type": "Feature", "properties": { "id": 97949868, "name": null, "forest_area_ha": 13.507899316797499, "source_layer": "natural", "source": "OSM" }, "geometry": { "type": "Polygon", "coordinates": [ [ [ 104.0796547, 1.397845 ], [ 104.0794616, 1.398467 ], [ 104.0828519, 1.4062753 ], [ 104.082873400000011, 1.406833 ], [ 104.0836204, 1.4069637 ], [ 104.0836368, 1.4068005 ], [ 104.0834845, 1.4067007 ], [ 104.083281, 1.406522 ], [ 104.0831201, 1.4062968 ], [ 104.0824878, 1.4036473 ], [ 104.0812325, 1.3978716 ], [ 104.0808134, 1.396161 ], [ 104.080631, 1.3962147 ], [ 104.0805667, 1.3964077 ], [ 104.0807061, 1.3966651 ], [ 104.0804594, 1.3969333 ], [ 104.0802555, 1.3971049 ], [ 104.0798693, 1.397373 ], [ 104.0796547, 1.397845 ] ] ] } },
{ "type": "Feature", "properties": { "id": 97949872, "name": null, "forest_area_ha": 13.329435498290701, "source_layer": "natural", "source": "OSM" }, "geometry": { "type": "Polygon", "coordinates": [ [ [ 104.07227330000002, 1.3934903 ], [ 104.0723376, 1.3932544 ], [ 104.0723806, 1.3928468 ], [ 104.072681, 1.3927395 ], [ 104.0732389, 1.3926966 ], [ 104.0738826, 1.392525 ], [ 104.0745907, 1.3922247 ], [ 104.0752559, 1.3918171 ], [ 104.0756207, 1.3916026 ], [ 104.0760498, 1.3915168 ], [ 104.076715, 1.3915597 ], [ 104.0784316, 1.3922676 ], [ 104.07898950000002, 1.3925679 ], [ 104.0791612, 1.3927395 ], [ 104.0796762, 1.3945629 ], [ 104.0799337, 1.3959358 ], [ 104.0799444, 1.3965257 ], [ 104.0798693, 1.397373 ], [ 104.0802555, 1.3971049 ], [ 104.0804594, 1.3969333 ], [ 104.0807061, 1.3966651 ], [ 104.0805667, 1.3964077 ], [ 104.080631, 1.3962147 ], [ 104.0808134, 1.396161 ], [ 104.0798046, 1.3923999 ], [ 104.0791719, 1.391667 ], [ 104.0784745, 1.3913988 ], [ 104.0777235, 1.3911307 ], [ 104.076790100000011, 1.3907982 ], [ 104.0764575, 1.3906266 ], [ 104.0759854, 1.3903799 ], [ 104.0750306, 1.3909484 ], [ 104.074515600000012, 1.3913881 ], [ 104.0739148, 1.391667 ], [ 104.0732067, 1.3918815 ], [ 104.0725844, 1.3919887 ], [ 104.071951400000017, 1.3919244 ], [ 104.0713184, 1.391667 ], [ 104.0716832, 1.3925679 ], [ 104.0719299, 1.393426 ], [ 104.07227330000002, 1.3934903 ] ] ] } },
{ "type": "Feature", "properties": { "id": 97950132, "name": null, "forest_area_ha": 15.972433280869584, "source_layer": "natural", "source": "OSM" }, "geometry": { "type": "Polygon", "coordinates": [ [ [ 104.0716832, 1.3925679 ], [ 104.0713184, 1.391667 ], [ 104.0710395, 1.3917421 ], [ 104.0708571, 1.3921604 ], [ 104.0707069, 1.3917635 ], [ 104.0706532, 1.3920317 ], [ 104.0704923, 1.3920102 ], [ 104.0704494, 1.3915919 ], [ 104.070106, 1.3916133 ], [ 104.0699451, 1.3918064 ], [ 104.0697413, 1.391195 ], [ 104.0693336, 1.3910663 ], [ 104.06884, 1.3911843 ], [ 104.0682607, 1.3909913 ], [ 104.0677886, 1.3905837 ], [ 104.0650528, 1.389672 ], [ 104.0626602, 1.3889427 ], [ 104.0611046, 1.3898329 ], [ 104.0656428, 1.3910663 ], [ 104.0675526, 1.39186 ], [ 104.0693443, 1.3926216 ], [ 104.0704386, 1.3931686 ], [ 104.071769, 1.3935011 ], [ 104.0719299, 1.393426 ], [ 104.0716832, 1.3925679 ] ] ] } },
{ "type": "Feature", "properties": { "id": 97950191, "name": null, "forest_area_ha": 3.4502012712590986, "source_layer": "natural", "source": "OSM" }, "geometry": { "type": "Polygon", "coordinates": [ [ [ 104.0602141, 1.387795 ], [ 104.0613191, 1.3882348 ], [ 104.0618641, 1.3885211 ], [ 104.0619521, 1.3885673 ], [ 104.0627246, 1.3888139 ], [ 104.0638404, 1.3891464 ], [ 104.0648918, 1.3894682 ], [ 104.0651922, 1.389243 ], [ 104.0643232, 1.3889427 ], [ 104.062907, 1.3883527 ], [ 104.0615766, 1.3878915 ], [ 104.0588193, 1.3867975 ], [ 104.0587013, 1.3871836 ], [ 104.0602141, 1.387795 ] ] ] } },
{ "type": "Feature", "properties": { "id": 97950259, "name": null, "forest_area_ha": 0.56051683551029097, "source_layer": "natural", "source": "OSM" }, "geometry": { "type": "Polygon", "coordinates": [ [ [ 104.0656214, 1.3897364 ], [ 104.0665655, 1.3900259 ], [ 104.0668016, 1.3900367 ], [ 104.066790800000021, 1.389908 ], [ 104.0665012, 1.3897793 ], [ 104.0659111, 1.3895862 ], [ 104.065696500000016, 1.3895218 ], [ 104.0655677, 1.3894039 ], [ 104.0651922, 1.389243 ], [ 104.0648918, 1.3894682 ], [ 104.0649991, 1.3895218 ], [ 104.0656214, 1.3897364 ] ] ] } },
{ "type": "Feature", "properties": { "id": 97950487, "name": null, "forest_area_ha": 2.0928599664000003, "source_layer": "natural", "source": "OSM" }, "geometry": { "type": "Polygon", "coordinates": [ [ [ 104.0677886, 1.3905837 ], [ 104.0682607, 1.3909913 ], [ 104.06884, 1.3911843 ], [ 104.0693336, 1.3910663 ], [ 104.0697413, 1.391195 ], [ 104.0699451, 1.3918064 ], [ 104.070106, 1.3916133 ], [ 104.0704494, 1.3915919 ], [ 104.0704923, 1.3920102 ], [ 104.0706532, 1.3920317 ], [ 104.0707069, 1.3917635 ], [ 104.0708571, 1.3921604 ], [ 104.0710395, 1.3917421 ], [ 104.0713184, 1.391667 ], [ 104.0705567, 1.391313 ], [ 104.0698807, 1.3910663 ], [ 104.0681401, 1.3904138 ], [ 104.066790800000021, 1.389908 ], [ 104.0668016, 1.3900367 ], [ 104.0665655, 1.3900259 ], [ 104.0677886, 1.3905837 ] ] ] } },
{ "type": "Feature", "properties": { "id": 97952241, "name": null, "forest_area_ha": 9.8420306177253796, "source_layer": "natural", "source": "OSM" }, "geometry": { "type": "Polygon", "coordinates": [ [ [ 104.0633351, 1.400192 ], [ 104.064000300000018, 1.400385 ], [ 104.0655881, 1.4007712 ], [ 104.0676159, 1.4013933 ], [ 104.0686673, 1.4016292 ], [ 104.0691823, 1.4017901 ], [ 104.069944, 1.4020261 ], [ 104.0705556, 1.4025302 ], [ 104.0711671, 1.4030343 ], [ 104.071928900000017, 1.4036564 ], [ 104.0722615, 1.4039352 ], [ 104.072519, 1.4036885 ], [ 104.0724224, 1.4035277 ], [ 104.0719503, 1.4031523 ], [ 104.0714783, 1.4027983 ], [ 104.0710598, 1.4024765 ], [ 104.0704483, 1.4020368 ], [ 104.0697831, 1.4016507 ], [ 104.0693754, 1.4014576 ], [ 104.0687639, 1.4013075 ], [ 104.0684098, 1.4012216 ], [ 104.0681523, 1.4012002 ], [ 104.0678412, 1.4010071 ], [ 104.0673262, 1.4008248 ], [ 104.0667468, 1.4007283 ], [ 104.0661353, 1.4005352 ], [ 104.0654487, 1.4003314 ], [ 104.0649873, 1.4001813 ], [ 104.0642363, 1.3999989 ], [ 104.0638608, 1.3998059 ], [ 104.0642685, 1.3999238 ], [ 104.0650839, 1.4001062 ], [ 104.0654916, 1.4002563 ], [ 104.06624260000001, 1.4004601 ], [ 104.0668756, 1.4006103 ], [ 104.0675086, 1.4006961 ], [ 104.0679163, 1.4008462 ], [ 104.0684957, 1.40105 ], [ 104.069075, 1.4011358 ], [ 104.0696007, 1.4012109 ], [ 104.0702015, 1.4013182 ], [ 104.0705663, 1.4015112 ], [ 104.0708023, 1.401715 ], [ 104.0709204, 1.4019617 ], [ 104.0712744, 1.402144 ], [ 104.0714568, 1.4023157 ], [ 104.0716928, 1.4024015 ], [ 104.0720684, 1.4027769 ], [ 104.072819400000014, 1.4033239 ], [ 104.0729159, 1.4032166 ], [ 104.072122, 1.4025838 ], [ 104.0718001, 1.4022406 ], [ 104.0713066, 1.4018759 ], [ 104.0708238, 1.4013611 ], [ 104.070544900000016, 1.4011037 ], [ 104.0700942, 1.400975 ], [ 104.0696651, 1.4008462 ], [ 104.0692359, 1.4007604 ], [ 104.0687531, 1.4005996 ], [ 104.0684313, 1.4004279 ], [ 104.0680021, 1.4002992 ], [ 104.0678197, 1.4003207 ], [ 104.0675408, 1.4002778 ], [ 104.0671975, 1.4002027 ], [ 104.0668971, 1.4000633 ], [ 104.066543, 1.4000096 ], [ 104.0663499, 1.3999131 ], [ 104.0661997, 1.3999453 ], [ 104.0659315, 1.3998595 ], [ 104.0655989, 1.3997308 ], [ 104.0654701, 1.3996879 ], [ 104.0652663, 1.3996879 ], [ 104.0649122, 1.3995806 ], [ 104.0642899, 1.399409 ], [ 104.0634099, 1.3992173 ], [ 104.0634068, 1.3995929 ], [ 104.0632621, 1.3999924 ], [ 104.0633351, 1.400192 ] ] ] } },
{ "type": "Feature", "properties": { "id": 97952345, "name": null, "forest_area_ha": 2.5331798781399657, "source_layer": "natural", "source": "OSM" }, "geometry": { "type": "Polygon", "coordinates": [ [ [ 104.0731627, 1.4046324 ], [ 104.0743321, 1.4054904 ], [ 104.0754801, 1.4059409 ], [ 104.0763384, 1.4062734 ], [ 104.0770894, 1.4066703 ], [ 104.0786773, 1.4073674 ], [ 104.0792674, 1.407539 ], [ 104.080426100000011, 1.4077643 ], [ 104.0833014, 1.4082362 ], [ 104.0836555, 1.4083113 ], [ 104.0837091, 1.4082255 ], [ 104.0836555, 1.4081718 ], [ 104.082883, 1.4079788 ], [ 104.0813381, 1.4077643 ], [ 104.0804905, 1.4076034 ], [ 104.0793747, 1.4073674 ], [ 104.0789348, 1.4072065 ], [ 104.0787953, 1.4070886 ], [ 104.0784842, 1.4069384 ], [ 104.0782589, 1.4069813 ], [ 104.0772289, 1.406563 ], [ 104.0767139, 1.4063592 ], [ 104.0766818, 1.4061662 ], [ 104.0764135, 1.406016 ], [ 104.076156, 1.4059945 ], [ 104.0760488, 1.4060696 ], [ 104.075523, 1.4058658 ], [ 104.0749008, 1.4056191 ], [ 104.0742892, 1.4053188 ], [ 104.072712100000018, 1.4039567 ], [ 104.0724439, 1.4040532 ], [ 104.0731627, 1.4046324 ] ] ] } },
{ "type": "Feature", "properties": { "id": 97952365, "name": null, "forest_area_ha": 2.4595486009261465, "source_layer": "natural", "source": "OSM" }, "geometry": { "type": "Polygon", "coordinates": [ [ [ 104.0730983, 1.4037636 ], [ 104.0734738, 1.4038816 ], [ 104.0738279, 1.4040747 ], [ 104.0748042, 1.4047289 ], [ 104.0756518, 1.4050185 ], [ 104.0771753, 1.4056835 ], [ 104.0774757, 1.4059409 ], [ 104.0776903, 1.406016 ], [ 104.0784091, 1.4061983 ], [ 104.0793318, 1.4065737 ], [ 104.0797395, 1.4068097 ], [ 104.0804154, 1.4068526 ], [ 104.0812308, 1.4070671 ], [ 104.0819282, 1.4070457 ], [ 104.0829688, 1.407228 ], [ 104.0829474, 1.4071529 ], [ 104.0825612, 1.4070457 ], [ 104.0817994, 1.4069491 ], [ 104.0813703, 1.4068955 ], [ 104.080640700000018, 1.4067668 ], [ 104.080029100000019, 1.406681 ], [ 104.0795464, 1.4065416 ], [ 104.0795249, 1.4064343 ], [ 104.079428300000018, 1.4064879 ], [ 104.0787417, 1.4062412 ], [ 104.0782589, 1.4060053 ], [ 104.0778512, 1.4059195 ], [ 104.0776473, 1.4057264 ], [ 104.077583, 1.4055977 ], [ 104.0773791, 1.4055333 ], [ 104.077304, 1.4055977 ], [ 104.076553, 1.4052759 ], [ 104.0764028, 1.4051258 ], [ 104.07598440000001, 1.4049434 ], [ 104.0749222, 1.404493 ], [ 104.0739244, 1.4037851 ], [ 104.0734631, 1.4034418 ], [ 104.073109, 1.4033775 ], [ 104.0729588, 1.403474 ], [ 104.0730983, 1.4037636 ] ] ] } },
{ "type": "Feature", "properties": { "id": 97985892, "name": null, "forest_area_ha": 8.1313430674756493, "source_layer": "natural", "source": "OSM" }, "geometry": { "type": "Polygon", "coordinates": [ [ [ 104.0625001, 1.3888894 ], [ 104.0617276, 1.388632 ], [ 104.0614916, 1.3885247 ], [ 104.0607405, 1.3882244 ], [ 104.0586591, 1.3874521 ], [ 104.0575219, 1.3870017 ], [ 104.056728, 1.3867443 ], [ 104.0566636, 1.3869159 ], [ 104.0574146, 1.3873663 ], [ 104.0570284, 1.3876452 ], [ 104.0575863, 1.3880099 ], [ 104.0585733, 1.3881171 ], [ 104.0596033, 1.3885891 ], [ 104.0596033, 1.3889537 ], [ 104.0583802, 1.3885891 ], [ 104.0575004, 1.3882673 ], [ 104.056685, 1.3877954 ], [ 104.0553976, 1.3872162 ], [ 104.054882600000013, 1.3870231 ], [ 104.0538526, 1.3869588 ], [ 104.0538955, 1.387066 ], [ 104.0548611, 1.3872162 ], [ 104.0555478, 1.3874521 ], [ 104.0567065, 1.3881171 ], [ 104.0574361, 1.3885033 ], [ 104.0584875, 1.3889966 ], [ 104.0591741, 1.3891897 ], [ 104.0600539, 1.3894042 ], [ 104.0605045, 1.3895544 ], [ 104.0609337, 1.3897474 ], [ 104.0625001, 1.3888894 ] ] ] } },
{ "type": "Feature", "properties": { "id": 97986209, "name": null, "forest_area_ha": 21.787652147454555, "source_layer": "natural", "source": "OSM" }, "geometry": { "type": "Polygon", "coordinates": [ [ [ 104.0495648, 1.3837192 ], [ 104.0506937, 1.3836918 ], [ 104.0515103, 1.3837063 ], [ 104.0523933, 1.38523 ], [ 104.0522916, 1.3856417 ], [ 104.0519056, 1.3860137 ], [ 104.0523447, 1.3867634 ], [ 104.0526403, 1.3872625 ], [ 104.0538955, 1.387066 ], [ 104.0538526, 1.3869588 ], [ 104.054882600000013, 1.3870231 ], [ 104.0553976, 1.3872162 ], [ 104.056685, 1.3877954 ], [ 104.0575004, 1.3882673 ], [ 104.0583587, 1.3885247 ], [ 104.0596033, 1.3889537 ], [ 104.0596033, 1.3885891 ], [ 104.0585733, 1.3881171 ], [ 104.0575863, 1.3880099 ], [ 104.0570284, 1.3876452 ], [ 104.0574146, 1.3873663 ], [ 104.0566636, 1.3869159 ], [ 104.056728, 1.3867443 ], [ 104.0564705, 1.3867014 ], [ 104.0562452, 1.386755 ], [ 104.0560628, 1.3868193 ], [ 104.0558482, 1.386873 ], [ 104.0555907, 1.3868515 ], [ 104.055462, 1.3867121 ], [ 104.0553547, 1.3865834 ], [ 104.0553654, 1.3864868 ], [ 104.0553654, 1.3862938 ], [ 104.0554928, 1.3861466 ], [ 104.0553426, 1.3860608 ], [ 104.0552353, 1.3858249 ], [ 104.0549135, 1.3858463 ], [ 104.0545916, 1.3860179 ], [ 104.0543556, 1.3857605 ], [ 104.0542483, 1.385546 ], [ 104.0546131, 1.3854602 ], [ 104.0544843, 1.3852671 ], [ 104.0542054, 1.3852242 ], [ 104.0540766, 1.3849239 ], [ 104.0537762, 1.3850312 ], [ 104.0537118, 1.3848166 ], [ 104.0540337, 1.3846665 ], [ 104.054377, 1.3846236 ], [ 104.0540122, 1.384452 ], [ 104.053626, 1.3845163 ], [ 104.053347, 1.384452 ], [ 104.0532612, 1.3841302 ], [ 104.0534329, 1.3838513 ], [ 104.0538191, 1.3839371 ], [ 104.0541839, 1.3839157 ], [ 104.054141, 1.3836154 ], [ 104.0537977, 1.3836368 ], [ 104.0540981, 1.3832936 ], [ 104.0540766, 1.3829504 ], [ 104.0540766, 1.3824999 ], [ 104.0538191, 1.3824784 ], [ 104.0534758, 1.382221 ], [ 104.053239800000014, 1.3824141 ], [ 104.0527677, 1.3822425 ], [ 104.0524673, 1.3822425 ], [ 104.0523385, 1.3821138 ], [ 104.0521454, 1.3817062 ], [ 104.0518236, 1.3816847 ], [ 104.0514373, 1.3816847 ], [ 104.051136900000017, 1.3815346 ], [ 104.0508365, 1.3814917 ], [ 104.050579, 1.3818992 ], [ 104.050343, 1.3822425 ], [ 104.0499353, 1.3826071 ], [ 104.0494847, 1.3831649 ], [ 104.0492486, 1.3834867 ], [ 104.048969700000015, 1.3833579 ], [ 104.048971, 1.3835051 ], [ 104.0494287, 1.3837643 ], [ 104.0495648, 1.3837192 ] ] ] } },
{ "type": "Feature", "properties": { "id": 97986726, "name": null, "forest_area_ha": 5.3093410739622744, "source_layer": "natural", "source": "OSM" }, "geometry": { "type": "Polygon", "coordinates": [ [ [ 104.0541258, 1.3989162 ], [ 104.0540722, 1.3988196 ], [ 104.0537181, 1.3990341 ], [ 104.053289, 1.3990663 ], [ 104.052913500000017, 1.3989805 ], [ 104.0527633, 1.3984013 ], [ 104.0528384, 1.3979616 ], [ 104.0525272, 1.3975433 ], [ 104.0519586, 1.3973073 ], [ 104.0515402, 1.3974146 ], [ 104.051239800000019, 1.3977685 ], [ 104.051229, 1.3980474 ], [ 104.0510145, 1.398766 ], [ 104.0512612, 1.3988947 ], [ 104.0514543, 1.3991414 ], [ 104.0512827, 1.3992487 ], [ 104.0510145, 1.3992916 ], [ 104.0508535, 1.3995597 ], [ 104.0508253, 1.3998942 ], [ 104.0510574, 1.3996777 ], [ 104.0513471, 1.3999244 ], [ 104.0515509, 1.3997635 ], [ 104.0518191, 1.3995704 ], [ 104.0523878, 1.3995168 ], [ 104.0526667, 1.3994846 ], [ 104.0530422, 1.3994846 ], [ 104.0531817, 1.3996991 ], [ 104.0535036, 1.3997528 ], [ 104.0538361, 1.399667 ], [ 104.0539864, 1.3992487 ], [ 104.0541258, 1.3989162 ] ] ] } },
{ "type": "Feature", "properties": { "id": 97986854, "name": null, "forest_area_ha": 3.15709701881083, "source_layer": "natural", "source": "OSM" }, "geometry": { "type": "Polygon", "coordinates": [ [ [ 104.0509715, 1.3981546 ], [ 104.0510252, 1.3978543 ], [ 104.0509394, 1.3975433 ], [ 104.0511218, 1.3970606 ], [ 104.0511218, 1.396889 ], [ 104.0507784, 1.3966209 ], [ 104.0505317, 1.3966209 ], [ 104.0502634, 1.3966101 ], [ 104.0497914, 1.3964064 ], [ 104.0494159, 1.3965136 ], [ 104.0493086, 1.3967281 ], [ 104.0490296, 1.3969105 ], [ 104.0491476, 1.3970392 ], [ 104.04933, 1.3973395 ], [ 104.0495446, 1.3975004 ], [ 104.0500742, 1.3976525 ], [ 104.050317100000015, 1.3973395 ], [ 104.0504888, 1.397554 ], [ 104.050478, 1.3979079 ], [ 104.0502742, 1.3982404 ], [ 104.0501991, 1.3986158 ], [ 104.0500381, 1.3988304 ], [ 104.0502849, 1.3991521 ], [ 104.0504351, 1.399077 ], [ 104.0506175, 1.398766 ], [ 104.0508213, 1.39853 ], [ 104.0509715, 1.3981546 ] ] ] } },
{ "type": "Feature", "properties": { "id": 97987549, "name": null, "forest_area_ha": 35.872116845633428, "source_layer": "natural", "source": "OSM" }, "geometry": { "type": "Polygon", "coordinates": [ [ [ 104.0485468, 1.3944865 ], [ 104.04771, 1.3940253 ], [ 104.0471306, 1.3937035 ], [ 104.0467229, 1.3935641 ], [ 104.0464225, 1.3936606 ], [ 104.0456822, 1.3939287 ], [ 104.0440193, 1.3946259 ], [ 104.0434935, 1.3948511 ], [ 104.0431073, 1.3948404 ], [ 104.0425065, 1.3949369 ], [ 104.0420773, 1.3949691 ], [ 104.04166960000002, 1.3947761 ], [ 104.041219, 1.3946795 ], [ 104.0407792, 1.3948511 ], [ 104.0405324, 1.3949477 ], [ 104.0405538, 1.3951407 ], [ 104.0404466, 1.3955054 ], [ 104.0404251, 1.3956234 ], [ 104.040586, 1.3956556 ], [ 104.040629, 1.3957199 ], [ 104.0404573, 1.3957843 ], [ 104.0402534, 1.3957628 ], [ 104.0401032, 1.3956448 ], [ 104.0399423, 1.3955483 ], [ 104.0396232, 1.3954938 ], [ 104.0395395, 1.395238 ], [ 104.0395395, 1.3950235 ], [ 104.0394752, 1.3949377 ], [ 104.0394519, 1.3950122 ], [ 104.0394215, 1.3951093 ], [ 104.0393357, 1.3951093 ], [ 104.0392284, 1.3950556 ], [ 104.0390975, 1.3952885 ], [ 104.0386469, 1.3955031 ], [ 104.0380675, 1.3956961 ], [ 104.0379507, 1.3959901 ], [ 104.0380837, 1.3962559 ], [ 104.0380032, 1.3969403 ], [ 104.037616900000017, 1.3976267 ], [ 104.0373809, 1.3983775 ], [ 104.0372522, 1.3991927 ], [ 104.0370805, 1.3996003 ], [ 104.0369947, 1.4001151 ], [ 104.0366084, 1.400587 ], [ 104.0362436, 1.4011018 ], [ 104.0356857, 1.4015523 ], [ 104.0355623, 1.4018974 ], [ 104.0354203, 1.4022942 ], [ 104.035170800000017, 1.4025176 ], [ 104.0351826, 1.4029586 ], [ 104.0353639, 1.4037832 ], [ 104.0358359, 1.4045126 ], [ 104.0358145, 1.4049202 ], [ 104.0355959, 1.4055463 ], [ 104.0358546, 1.405373 ], [ 104.0360585, 1.4051906 ], [ 104.0362087, 1.404944 ], [ 104.0363589, 1.4045149 ], [ 104.0363267, 1.4043004 ], [ 104.036273, 1.4040752 ], [ 104.0362623, 1.4038499 ], [ 104.036122800000015, 1.4037212 ], [ 104.0358868, 1.403614 ], [ 104.035683, 1.4034745 ], [ 104.0355971, 1.4032922 ], [ 104.0355864, 1.4029061 ], [ 104.0356508, 1.4024234 ], [ 104.0357473, 1.4020373 ], [ 104.0359941, 1.4016941 ], [ 104.036316, 1.4013938 ], [ 104.0365842, 1.4010935 ], [ 104.036734400000014, 1.4011256 ], [ 104.0367451, 1.4012972 ], [ 104.036552, 1.4015439 ], [ 104.036434, 1.4018443 ], [ 104.0364876, 1.4019086 ], [ 104.0365627, 1.4021446 ], [ 104.0366807, 1.4019515 ], [ 104.0369811, 1.4015547 ], [ 104.0371957, 1.4012758 ], [ 104.0367558, 1.4007395 ], [ 104.037303, 1.4002354 ], [ 104.037582, 1.4000209 ], [ 104.038054, 1.4005143 ], [ 104.038172, 1.4003427 ], [ 104.0382471, 1.4000853 ], [ 104.0380111, 1.4000531 ], [ 104.0377644, 1.3999458 ], [ 104.0378287, 1.3996562 ], [ 104.0383008, 1.3997742 ], [ 104.0383974, 1.399431 ], [ 104.0382579, 1.3993237 ], [ 104.0380004, 1.3987553 ], [ 104.0379789, 1.39853 ], [ 104.0383437, 1.3976076 ], [ 104.0385368, 1.3970606 ], [ 104.0383652, 1.3966101 ], [ 104.038440300000019, 1.3964278 ], [ 104.0386763, 1.39646 ], [ 104.0387085, 1.3967389 ], [ 104.0389338, 1.3965458 ], [ 104.0391698, 1.3963313 ], [ 104.0390625, 1.3960739 ], [ 104.0391698, 1.3958379 ], [ 104.0394059, 1.3958272 ], [ 104.0397921, 1.3958915 ], [ 104.0399101, 1.3962776 ], [ 104.0400496, 1.3964385 ], [ 104.0403071, 1.3964814 ], [ 104.0406182, 1.3965243 ], [ 104.0409937, 1.3967067 ], [ 104.0411654, 1.3968676 ], [ 104.0413907, 1.3968247 ], [ 104.0417018, 1.3968676 ], [ 104.0419057, 1.3970177 ], [ 104.0423563, 1.3966745 ], [ 104.042667400000013, 1.3965672 ], [ 104.0432039, 1.3964278 ], [ 104.0437296, 1.3964814 ], [ 104.0442338, 1.3965994 ], [ 104.0445235, 1.3968247 ], [ 104.0451458, 1.3975218 ], [ 104.0458002, 1.3982404 ], [ 104.0460685, 1.3984442 ], [ 104.0463474, 1.3983155 ], [ 104.0466049, 1.3981654 ], [ 104.046647800000017, 1.3983906 ], [ 104.0467337, 1.3985944 ], [ 104.0469697, 1.3986909 ], [ 104.0471414, 1.3986373 ], [ 104.0475061, 1.3977256 ], [ 104.04775290000002, 1.3969319 ], [ 104.0479353, 1.396224 ], [ 104.0485468, 1.3944865 ] ] ] } },
{ "type": "Feature", "properties": { "id": 98094719, "name": null, "forest_area_ha": 0.86503152115892479, "source_layer": "natural", "source": "OSM" }, "geometry": { "type": "Polygon", "coordinates": [ [ [ 104.0394059, 1.3958272 ], [ 104.0391698, 1.3958379 ], [ 104.0390625, 1.3960739 ], [ 104.0391698, 1.3963313 ], [ 104.0389338, 1.3965458 ], [ 104.0387085, 1.3967389 ], [ 104.0386763, 1.39646 ], [ 104.038440300000019, 1.3964278 ], [ 104.0383652, 1.3966101 ], [ 104.0385368, 1.3970606 ], [ 104.0390557, 1.3966765 ], [ 104.0395171, 1.3963762 ], [ 104.0400496, 1.3964385 ], [ 104.0399101, 1.3962776 ], [ 104.0397921, 1.3958915 ], [ 104.0394059, 1.3958272 ] ] ] } },
{ "type": "Feature", "properties": { "id": 109044380, "name": null, "forest_area_ha": 0.47431751134386296, "source_layer": "natural", "source": "OSM" }, "geometry": { "type": "Polygon", "coordinates": [ [ [ 103.7813878, 1.2938816 ], [ 103.7816327, 1.2936125 ], [ 103.7817166, 1.2934183 ], [ 103.7817623, 1.2931515 ], [ 103.7816931, 1.293093 ], [ 103.7814009, 1.2928789 ], [ 103.7813565, 1.2929091 ], [ 103.7813027, 1.2930745 ], [ 103.7812767, 1.2931324 ], [ 103.781381, 1.2931635 ], [ 103.7813011, 1.2934058 ], [ 103.781193, 1.2933743 ], [ 103.7811747, 1.2934634 ], [ 103.7811632, 1.2934982 ], [ 103.7812133, 1.2937832 ], [ 103.78123, 1.2938743 ], [ 103.781246600000017, 1.2939653 ], [ 103.781308, 1.2942007 ], [ 103.7813878, 1.2938816 ] ] ] } },
{ "type": "Feature", "properties": { "id": 109261617, "name": null, "forest_area_ha": 3.9754540433715078, "source_layer": "natural", "source": "OSM" }, "geometry": { "type": "Polygon", "coordinates": [ [ [ 103.7340745, 1.3349658 ], [ 103.7339991, 1.3350951 ], [ 103.7337331, 1.3355955 ], [ 103.7336319, 1.3356222 ], [ 103.7335958, 1.3356757 ], [ 103.7335879, 1.3357935 ], [ 103.7335101, 1.3360993 ], [ 103.7335165, 1.3365791 ], [ 103.7334414, 1.3368848 ], [ 103.7333435, 1.3371755 ], [ 103.7330967, 1.3375169 ], [ 103.7334758, 1.3377946 ], [ 103.733606, 1.3379104 ], [ 103.7337177, 1.3380647 ], [ 103.7339028, 1.3384723 ], [ 103.7340851, 1.3375713 ], [ 103.7342354, 1.3371905 ], [ 103.7344768, 1.3367776 ], [ 103.7346967, 1.336429 ], [ 103.7349435, 1.3360321 ], [ 103.7352546, 1.3356031 ], [ 103.7341614, 1.3348281 ], [ 103.7340745, 1.3349658 ] ] ] } },
{ "type": "Feature", "properties": { "id": 109378378, "name": null, "forest_area_ha": 1.2227429792726934, "source_layer": "natural", "source": "OSM" }, "geometry": { "type": "Polygon", "coordinates": [ [ [ 103.7268859, 1.3554271 ], [ 103.726529200000016, 1.3552662 ], [ 103.7263763, 1.3552394 ], [ 103.7261188, 1.3552287 ], [ 103.725903500000015, 1.3552961 ], [ 103.7258851, 1.3555081 ], [ 103.7258282, 1.35563 ], [ 103.7257626, 1.3557037 ], [ 103.725577, 1.3558481 ], [ 103.7253758, 1.3559795 ], [ 103.7251317, 1.3560921 ], [ 103.7249655, 1.356186 ], [ 103.7248555, 1.3562986 ], [ 103.7248474, 1.3564059 ], [ 103.7249199, 1.3564943 ], [ 103.7253007, 1.3567839 ], [ 103.725577, 1.356607 ], [ 103.7255502, 1.3564649 ], [ 103.7255824, 1.356304 ], [ 103.7256816, 1.3561806 ], [ 103.7260969, 1.3558898 ], [ 103.7268859, 1.3554271 ] ] ] } },
{ "type": "Feature", "properties": { "id": 109687936, "name": null, "forest_area_ha": 33.009745005382129, "source_layer": "natural", "source": "OSM" }, "geometry": { "type": "Polygon", "coordinates": [ [ [ 103.942379, 1.3847068 ], [ 103.9422252, 1.3844397 ], [ 103.9430943, 1.3839516 ], [ 103.9432121, 1.3841538 ], [ 103.9433219, 1.3840874 ], [ 103.9433412, 1.384028 ], [ 103.9426484, 1.3827967 ], [ 103.941808200000011, 1.3822092 ], [ 103.9415849, 1.3823864 ], [ 103.941177, 1.3826625 ], [ 103.9412603, 1.3828194 ], [ 103.9402162, 1.3834513 ], [ 103.93927, 1.3831075 ], [ 103.9384377, 1.3855147 ], [ 103.9378563, 1.3858654 ], [ 103.9373969, 1.3860765 ], [ 103.937825800000013, 1.3868778 ], [ 103.9376702, 1.3869958 ], [ 103.9378687, 1.3873068 ], [ 103.9364525, 1.3884116 ], [ 103.9359832, 1.3887829 ], [ 103.9350148, 1.3894949 ], [ 103.933584, 1.3904873 ], [ 103.9351459, 1.3920086 ], [ 103.9354428, 1.3913195 ], [ 103.9357091, 1.3913299 ], [ 103.9358228, 1.3911282 ], [ 103.9362569, 1.3913446 ], [ 103.9363847, 1.3910921 ], [ 103.9359449, 1.3908743 ], [ 103.9361809, 1.3902151 ], [ 103.9366757, 1.3899217 ], [ 103.9374976, 1.3900874 ], [ 103.9376112, 1.3898372 ], [ 103.9381574, 1.3895589 ], [ 103.9386548, 1.3893587 ], [ 103.9390471, 1.3891933 ], [ 103.9393755, 1.3888979 ], [ 103.939364500000011, 1.3887955 ], [ 103.9392636, 1.3886991 ], [ 103.9392093, 1.3886129 ], [ 103.939233, 1.3885177 ], [ 103.939069, 1.388437 ], [ 103.9388245, 1.3880567 ], [ 103.9387696, 1.3878067 ], [ 103.9388957, 1.3876418 ], [ 103.939100900000014, 1.3876393 ], [ 103.9393011, 1.3878294 ], [ 103.9395355, 1.3881113 ], [ 103.939876900000016, 1.3882203 ], [ 103.9409118, 1.3875454 ], [ 103.941274, 1.3871655 ], [ 103.9410766, 1.3867544 ], [ 103.941312700000012, 1.3866579 ], [ 103.9407655, 1.3855478 ], [ 103.942379, 1.3847068 ] ], [ [ 103.938268419131006, 1.38687709841309 ], [ 103.938326228898816, 1.386844406425807 ], [ 103.938268419131006, 1.386877098413093 ], [ 103.938210701939127, 1.386909955665939 ], [ 103.938153077789607, 1.386942977918813 ], [ 103.938210701939113, 1.386909955665936 ], [ 103.938268419131006, 1.38687709841309 ] ] ] } },
{ "type": "Feature", "properties": { "id": 109691496, "name": null, "forest_area_ha": 96.421180873433627, "source_layer": "natural", "source": "OSM" }, "geometry": { "type": "Polygon", "coordinates": [ [ [ 103.8555866, 1.3968848 ], [ 103.8559792, 1.3966693 ], [ 103.8562035, 1.3965416 ], [ 103.856461, 1.3963754 ], [ 103.8566917, 1.3962198 ], [ 103.8569009, 1.3960429 ], [ 103.8570726, 1.3958659 ], [ 103.857196, 1.3956675 ], [ 103.857314, 1.3954905 ], [ 103.8573783, 1.395217 ], [ 103.8574588, 1.3949542 ], [ 103.8575017, 1.3946164 ], [ 103.8575446, 1.3943482 ], [ 103.8575715, 1.3938227 ], [ 103.8576197, 1.3934633 ], [ 103.8576197, 1.3931898 ], [ 103.8576358, 1.3929378 ], [ 103.8576358, 1.3925999 ], [ 103.857609, 1.3922996 ], [ 103.8575554, 1.3920529 ], [ 103.8575125, 1.3919028 ], [ 103.8574481, 1.3918009 ], [ 103.8573515, 1.391699 ], [ 103.8571852, 1.3915864 ], [ 103.8570243, 1.3915488 ], [ 103.8566971, 1.3915864 ], [ 103.8561606, 1.3917204 ], [ 103.8546264, 1.3920529 ], [ 103.8537735, 1.3921977 ], [ 103.8533068, 1.3923103 ], [ 103.8528293, 1.392423 ], [ 103.8525236, 1.3925034 ], [ 103.8521588, 1.3925141 ], [ 103.8516652, 1.3925463 ], [ 103.8510644, 1.3925838 ], [ 103.8507533, 1.3925838 ], [ 103.8501578, 1.3925356 ], [ 103.8497126, 1.3925088 ], [ 103.8490903, 1.3924015 ], [ 103.8488114, 1.3923532 ], [ 103.8484305, 1.3922621 ], [ 103.8481086, 1.3921548 ], [ 103.8476366, 1.3919886 ], [ 103.8472074, 1.3918116 ], [ 103.8468158, 1.3915971 ], [ 103.846553, 1.3914791 ], [ 103.8459307, 1.3911734 ], [ 103.8454854, 1.3908677 ], [ 103.8451046, 1.3905406 ], [ 103.8444447, 1.390074 ], [ 103.8440049, 1.3897576 ], [ 103.843586400000021, 1.3894627 ], [ 103.8431305, 1.3891302 ], [ 103.8403047, 1.3956951 ], [ 103.8403892, 1.3957265 ], [ 103.8412207, 1.3959678 ], [ 103.8417518, 1.396059 ], [ 103.8426047, 1.3961984 ], [ 103.8430661, 1.3962627 ], [ 103.8437581, 1.3963539 ], [ 103.844375, 1.39637 ], [ 103.8451797, 1.3963861 ], [ 103.8459629, 1.3963593 ], [ 103.8466173, 1.3963646 ], [ 103.8474542, 1.3963486 ], [ 103.8480979, 1.3963325 ], [ 103.8485432, 1.3963003 ], [ 103.8495892, 1.396252 ], [ 103.8500398, 1.3961984 ], [ 103.850436800000011, 1.3961984 ], [ 103.8512146, 1.3962198 ], [ 103.8517189, 1.3962735 ], [ 103.8523143, 1.3964022 ], [ 103.8526898, 1.3965202 ], [ 103.8530063, 1.396665 ], [ 103.8532585, 1.3968044 ], [ 103.8534838, 1.3969706 ], [ 103.8537536, 1.3972321 ], [ 103.8538593, 1.3973246 ], [ 103.85409, 1.3973621 ], [ 103.8543475, 1.397346 ], [ 103.854599600000014, 1.3972924 ], [ 103.8548893, 1.3971905 ], [ 103.8552111, 1.3970725 ], [ 103.8555866, 1.3968848 ] ] ] } },
{ "type": "Feature", "properties": { "id": 109691502, "name": null, "forest_area_ha": 9.8881773447624663, "source_layer": "natural", "source": "OSM" }, "geometry": { "type": "Polygon", "coordinates": [ [ [ 103.836782600000021, 1.3976144 ], [ 103.8368606, 1.3976872 ], [ 103.8369765, 1.397793 ], [ 103.8370908, 1.3978066 ], [ 103.8372344, 1.3978284 ], [ 103.8373366, 1.3978432 ], [ 103.8375499, 1.3978865 ], [ 103.837658600000012, 1.397876 ], [ 103.8377737, 1.3978665 ], [ 103.8379185, 1.3978505 ], [ 103.8380087, 1.3978052 ], [ 103.838152, 1.3977312 ], [ 103.838294, 1.3976598 ], [ 103.8384296, 1.3975902 ], [ 103.8385097, 1.3975578 ], [ 103.8386968, 1.3975704 ], [ 103.8388671, 1.397604 ], [ 103.8390342, 1.3976365 ], [ 103.8391634, 1.397346 ], [ 103.8393404, 1.396935 ], [ 103.8395282, 1.3965041 ], [ 103.8397911, 1.3960161 ], [ 103.8392975, 1.3958873 ], [ 103.838863, 1.3957747 ], [ 103.8382568, 1.3956246 ], [ 103.837677500000012, 1.3954905 ], [ 103.8371249, 1.3953618 ], [ 103.8368728, 1.3953403 ], [ 103.8360842, 1.3951687 ], [ 103.8355639, 1.3950829 ], [ 103.835081100000011, 1.3949918 ], [ 103.834491, 1.3948362 ], [ 103.8349899, 1.3953886 ], [ 103.835376100000019, 1.3958391 ], [ 103.8360574, 1.3966489 ], [ 103.8367441, 1.3974587 ], [ 103.8366999, 1.3975422 ], [ 103.836782600000021, 1.3976144 ] ] ] } },
{ "type": "Feature", "properties": { "id": 111514084, "name": null, "forest_area_ha": 3.1957564629826507, "source_layer": "natural", "source": "OSM" }, "geometry": { "type": "Polygon", "coordinates": [ [ [ 103.7842048, 1.3315059 ], [ 103.784414, 1.331522 ], [ 103.7850363, 1.3327233 ], [ 103.7859726, 1.3322788 ], [ 103.7858356, 1.331581 ], [ 103.785503, 1.3315327 ], [ 103.7853743, 1.3310339 ], [ 103.785149, 1.3305513 ], [ 103.785553, 1.3299579 ], [ 103.7855406, 1.3298809 ], [ 103.7848915, 1.3302563 ], [ 103.784575, 1.330503 ], [ 103.7840707, 1.3311466 ], [ 103.7839366, 1.3314201 ], [ 103.7842048, 1.3315059 ] ] ] } },
{ "type": "Feature", "properties": { "id": 111818158, "name": "Maju Forest", "forest_area_ha": 21.686770753521895, "source_layer": "natural", "source": "OSM" }, "geometry": { "type": "Polygon", "coordinates": [ [ [ 103.7748862, 1.3258697 ], [ 103.7735521, 1.3256618 ], [ 103.7733118, 1.3256463 ], [ 103.7731681, 1.3256353 ], [ 103.7730172, 1.3256185 ], [ 103.7728368, 1.3255817 ], [ 103.7723923, 1.3254911 ], [ 103.7722272, 1.3254565 ], [ 103.7721173, 1.3254335 ], [ 103.7720404, 1.325407 ], [ 103.7719041, 1.3253457 ], [ 103.7716868, 1.3252232 ], [ 103.7714587, 1.3250778 ], [ 103.7709917, 1.3247537 ], [ 103.7708176, 1.3246335 ], [ 103.7706889, 1.3245448 ], [ 103.7704929, 1.3244094 ], [ 103.7702379, 1.3242334 ], [ 103.7698929, 1.3239962 ], [ 103.7694317, 1.3235911 ], [ 103.769363, 1.3234931 ], [ 103.7692911, 1.3233905 ], [ 103.769246400000014, 1.3234038 ], [ 103.7692352, 1.3234363 ], [ 103.7692565, 1.3234983 ], [ 103.769223, 1.3235623 ], [ 103.7692311, 1.3235958 ], [ 103.7692738, 1.3236293 ], [ 103.7693114, 1.3237106 ], [ 103.7692531, 1.3237158 ], [ 103.7692265, 1.3237181 ], [ 103.7688383, 1.3234466 ], [ 103.7687768, 1.3234739 ], [ 103.7687961, 1.3235277 ], [ 103.7687422, 1.3236121 ], [ 103.7686833, 1.3235988 ], [ 103.7685924, 1.3236731 ], [ 103.7685238, 1.3237189 ], [ 103.7684653, 1.3236596 ], [ 103.768409, 1.3236812 ], [ 103.7682931, 1.3237223 ], [ 103.7682326, 1.3237733 ], [ 103.7681525, 1.3237556 ], [ 103.7683972, 1.3241048 ], [ 103.7685027, 1.3243866 ], [ 103.7685786, 1.324389 ], [ 103.7687011, 1.3246466 ], [ 103.7687907, 1.3251566 ], [ 103.7693988, 1.3267823 ], [ 103.7694649, 1.3268006 ], [ 103.7695248, 1.3268534 ], [ 103.7695456, 1.3269852 ], [ 103.7695085, 1.3270745 ], [ 103.7696217, 1.3273771 ], [ 103.7696744, 1.3273461 ], [ 103.7697338, 1.3274931 ], [ 103.7696781, 1.3275283 ], [ 103.7700152, 1.3284287 ], [ 103.7701043, 1.3283603 ], [ 103.7701473, 1.3283711 ], [ 103.7701508, 1.3285736 ], [ 103.7702747, 1.3288712 ], [ 103.7702283, 1.3289995 ], [ 103.7704484, 1.3293746 ], [ 103.7751076, 1.3263759 ], [ 103.7751509, 1.3263224 ], [ 103.7751845, 1.3262185 ], [ 103.7751739, 1.3261235 ], [ 103.7751355, 1.3260415 ], [ 103.7750975, 1.3259658 ], [ 103.775030300000012, 1.3258814 ], [ 103.7748862, 1.3258697 ] ] ] } },
{ "type": "Feature", "properties": { "id": 111818210, "name": null, "forest_area_ha": 29.967963077421707, "source_layer": "natural", "source": "OSM" }, "geometry": { "type": "Polygon", "coordinates": [ [ [ 103.885924, 1.2882622 ], [ 103.8855897, 1.2888107 ], [ 103.8866361, 1.2893576 ], [ 103.886405, 1.2902997 ], [ 103.886397, 1.2911781 ], [ 103.8865557, 1.292007 ], [ 103.8864981, 1.2922358 ], [ 103.8862703, 1.2923939 ], [ 103.8855811, 1.2923733 ], [ 103.8851998, 1.292604 ], [ 103.8854101, 1.293022 ], [ 103.8855871, 1.2936939 ], [ 103.8856323, 1.2939863 ], [ 103.885791, 1.294158 ], [ 103.8875082, 1.2941283 ], [ 103.8898528, 1.2941234 ], [ 103.89068, 1.294146 ], [ 103.8951874, 1.2945663 ], [ 103.8954091, 1.2945305 ], [ 103.8956015, 1.2944354 ], [ 103.8957474, 1.2942481 ], [ 103.895842867183504, 1.294141593548065 ], [ 103.895812702859672, 1.294126993797121 ], [ 103.89568614172012, 1.294067954602989 ], [ 103.89562361114821, 1.294026665587781 ], [ 103.895569103148105, 1.293978061606444 ], [ 103.8950562, 1.2938587 ], [ 103.894511281756053, 1.293500121819093 ], [ 103.894478508260477, 1.29351888581813 ], [ 103.894475609239635, 1.293520343791077 ], [ 103.894419, 1.293605 ], [ 103.8942492, 1.2937068 ], [ 103.8940004, 1.2937116 ], [ 103.8937273, 1.2936566 ], [ 103.893720873734395, 1.293652638553947 ], [ 103.893676485002089, 1.293643673955289 ], [ 103.893609358191895, 1.293630482693765 ], [ 103.89351153602253, 1.293606363824378 ], [ 103.893405008461031, 1.293568785503904 ], [ 103.893328211098876, 1.293536717667989 ], [ 103.893243185524611, 1.293493444950802 ], [ 103.893171662385384, 1.293451814235928 ], [ 103.893089515237008, 1.293386796908411 ], [ 103.892919896374735, 1.293226072765918 ], [ 103.892644887012224, 1.292980476784099 ], [ 103.8924768, 1.2928742 ], [ 103.8916529, 1.2922316 ], [ 103.891129, 1.291793 ], [ 103.890989600000012, 1.2917203 ], [ 103.890944200000021, 1.2916129 ], [ 103.8904384, 1.2912989 ], [ 103.8899589, 1.2906735 ], [ 103.8898421, 1.2905938 ], [ 103.889833351325223, 1.290594882983082 ], [ 103.889776233041388, 1.290644414363068 ], [ 103.889683566130785, 1.290710235169684 ], [ 103.889540694349208, 1.290786626397329 ], [ 103.889415445021555, 1.290834306368543 ], [ 103.889312812333628, 1.29085728311829 ], [ 103.889197522665029, 1.290874537325644 ], [ 103.889082573344737, 1.290882740641001 ], [ 103.888986328659342, 1.290877145651016 ], [ 103.888901720901899, 1.290867789149788 ], [ 103.888793075879249, 1.290840637994209 ], [ 103.888687969215781, 1.290808919715932 ], [ 103.888569596982578, 1.290758370142268 ], [ 103.888461369850091, 1.290692317726172 ], [ 103.888372925920962, 1.290626925060495 ], [ 103.888306528763167, 1.290568901577977 ], [ 103.888186653924308, 1.290464144412787 ], [ 103.887088118604908, 1.289505319196644 ], [ 103.886048823695234, 1.288576063138999 ], [ 103.886090565459085, 1.288535294422154 ], [ 103.886103778048465, 1.288513422091349 ], [ 103.886115813084302, 1.288468949716195 ], [ 103.886114821598738, 1.288447687458492 ], [ 103.885924, 1.2882622 ] ] ] } },
{ "type": "Feature", "properties": { "id": 111983693, "name": null, "forest_area_ha": 2.6179929332941594, "source_layer": "natural", "source": "OSM" }, "geometry": { "type": "Polygon", "coordinates": [ [ [ 103.9612443, 1.3395844 ], [ 103.9614223, 1.3395974 ], [ 103.9619139, 1.3394601 ], [ 103.9604884, 1.3368578 ], [ 103.9600085, 1.3371865 ], [ 103.9599034, 1.3373703 ], [ 103.9601183, 1.33771 ], [ 103.9601343, 1.3379008 ], [ 103.9605383, 1.338456 ], [ 103.9607415, 1.3388981 ], [ 103.9608992, 1.3391757 ], [ 103.9609997, 1.3393677 ], [ 103.9610786, 1.339553 ], [ 103.9612443, 1.3395844 ] ] ] } },
{ "type": "Feature", "properties": { "id": 113857751, "name": "Pulau Jong", "forest_area_ha": 0.58654588831687204, "source_layer": "natural", "source": "OSM" }, "geometry": { "type": "Polygon", "coordinates": [ [ [ 103.786306386816719, 1.215623739221623 ], [ 103.786476896956643, 1.215694119895529 ], [ 103.786758410952942, 1.215642458419482 ], [ 103.786877608527959, 1.215668081148864 ], [ 103.787149862867594, 1.215430879928139 ], [ 103.787170145835901, 1.215226692725609 ], [ 103.787082005132476, 1.215009752108845 ], [ 103.786838883253196, 1.215098258121005 ], [ 103.786635971464477, 1.215097802416327 ], [ 103.786553417039158, 1.215028309565412 ], [ 103.786533989692501, 1.215111881604786 ], [ 103.786250791972506, 1.215264859050455 ], [ 103.786195244801064, 1.215370270869674 ], [ 103.786204038578447, 1.21552555864819 ], [ 103.786306386816719, 1.215623739221623 ] ] ] } },
{ "type": "Feature", "properties": { "id": 115096954, "name": null, "forest_area_ha": 0.30780498163365355, "source_layer": "natural", "source": "OSM" }, "geometry": { "type": "Polygon", "coordinates": [ [ [ 103.685085, 1.3503579 ], [ 103.6851717, 1.3503579 ], [ 103.68526390000001, 1.3504781 ], [ 103.6854009, 1.3504669 ], [ 103.6856692, 1.3504725 ], [ 103.6856061, 1.3502725 ], [ 103.685463, 1.3500539 ], [ 103.6853002, 1.349908 ], [ 103.6851409, 1.3498074 ], [ 103.6850543, 1.349799 ], [ 103.6850403, 1.3498996 ], [ 103.6851185, 1.3499415 ], [ 103.6852359, 1.350017 ], [ 103.6852331, 1.3500757 ], [ 103.685135300000013, 1.3501315 ], [ 103.6850375, 1.3500896 ], [ 103.6849676, 1.3501511 ], [ 103.685085, 1.3503579 ] ] ] } },
{ "type": "Feature", "properties": { "id": 115096960, "name": null, "forest_area_ha": 1.5076647401903662, "source_layer": "natural", "source": "OSM" }, "geometry": { "type": "Polygon", "coordinates": [ [ [ 103.6854176, 1.3496732 ], [ 103.6856608, 1.349718 ], [ 103.6857251, 1.3499331 ], [ 103.6857726, 1.3501343 ], [ 103.6858425, 1.3503188 ], [ 103.6859655, 1.35033 ], [ 103.6860997, 1.3503663 ], [ 103.686245, 1.350425 ], [ 103.686477, 1.3505367 ], [ 103.6865413, 1.3504781 ], [ 103.6866168, 1.3504501 ], [ 103.6867566, 1.3504753 ], [ 103.686907500000018, 1.3505591 ], [ 103.6871954, 1.3503719 ], [ 103.68731, 1.3503691 ], [ 103.6874722, 1.3503942 ], [ 103.6875812, 1.3504054 ], [ 103.687679, 1.3503579 ], [ 103.6875896, 1.3500114 ], [ 103.6874554, 1.349472 ], [ 103.6874135, 1.3495671 ], [ 103.6874582, 1.349785 ], [ 103.6873967, 1.3498577 ], [ 103.6873044, 1.3498968 ], [ 103.6872877, 1.3500561 ], [ 103.687298900000016, 1.3501902 ], [ 103.6871479, 1.3502154 ], [ 103.6870026, 1.3502657 ], [ 103.686888, 1.3502545 ], [ 103.6867789, 1.3502154 ], [ 103.6866755, 1.3501735 ], [ 103.6866056, 1.3501651 ], [ 103.6864966, 1.3501483 ], [ 103.6864295, 1.3500673 ], [ 103.6863541, 1.3499639 ], [ 103.686259, 1.3497822 ], [ 103.686152800000016, 1.349581 ], [ 103.6860941, 1.3494078 ], [ 103.6860382, 1.3492373 ], [ 103.6859515, 1.3489886 ], [ 103.6857615, 1.3490054 ], [ 103.6857251, 1.3490668 ], [ 103.685577, 1.3492261 ], [ 103.6856301, 1.3494357 ], [ 103.6854456, 1.3494134 ], [ 103.6853422, 1.3494916 ], [ 103.6854176, 1.3496732 ] ] ] } },
{ "type": "Feature", "properties": { "id": 115096962, "name": null, "forest_area_ha": 1.2323059447442226, "source_layer": "natural", "source": "OSM" }, "geometry": { "type": "Polygon", "coordinates": [ [ [ 103.6866319, 1.3526718 ], [ 103.686479100000014, 1.3525976 ], [ 103.6863655, 1.3524666 ], [ 103.6862214, 1.3523661 ], [ 103.6860598, 1.3522744 ], [ 103.6859549, 1.3522788 ], [ 103.686051, 1.3525408 ], [ 103.6862519, 1.3527591 ], [ 103.6868721, 1.3529065 ], [ 103.6870398, 1.3532651 ], [ 103.6872945, 1.3533651 ], [ 103.6876437, 1.353361 ], [ 103.6878559, 1.3533077 ], [ 103.688382300000015, 1.3528469 ], [ 103.6886225, 1.3527568 ], [ 103.6887514, 1.3528427 ], [ 103.6889468, 1.3526132 ], [ 103.6889762, 1.3523524 ], [ 103.68891, 1.3520916 ], [ 103.6887411, 1.3519371 ], [ 103.6883895, 1.3518794 ], [ 103.688404800000015, 1.3520256 ], [ 103.6886053, 1.3520669 ], [ 103.6886244, 1.352203 ], [ 103.6885687, 1.3523205 ], [ 103.6886663, 1.3523973 ], [ 103.6886173, 1.352618 ], [ 103.6885476, 1.3527022 ], [ 103.6882043, 1.352746 ], [ 103.6878747, 1.3527361 ], [ 103.6876406, 1.3526978 ], [ 103.6875853, 1.3528137 ], [ 103.6876499, 1.3529888 ], [ 103.687648, 1.3532059 ], [ 103.6875622, 1.3532682 ], [ 103.6871953, 1.3532744 ], [ 103.6871167, 1.3532089 ], [ 103.6870993, 1.3530866 ], [ 103.6870993, 1.3528508 ], [ 103.6870993, 1.3527504 ], [ 103.6870381, 1.3527155 ], [ 103.6868896, 1.3526762 ], [ 103.6867542, 1.3526718 ], [ 103.6866319, 1.3526718 ] ] ] } },
{ "type": "Feature", "properties": { "id": 115096966, "name": null, "forest_area_ha": 0.44766719531698262, "source_layer": "natural", "source": "OSM" }, "geometry": { "type": "Polygon", "coordinates": [ [ [ 103.6866002, 1.3517252 ], [ 103.6866276, 1.3519295 ], [ 103.686671200000021, 1.3520649 ], [ 103.6867758, 1.3521811 ], [ 103.687031, 1.3521976 ], [ 103.6870967, 1.3521823 ], [ 103.6871402, 1.3521105 ], [ 103.6870949, 1.3520299 ], [ 103.6870818, 1.3516239 ], [ 103.6870687, 1.3514841 ], [ 103.6872303, 1.3513619 ], [ 103.6871704, 1.3512713 ], [ 103.6870275, 1.3513699 ], [ 103.6869263, 1.3514428 ], [ 103.6867979, 1.3514186 ], [ 103.686748, 1.3514193 ], [ 103.6865787, 1.351587 ], [ 103.6866002, 1.3517252 ] ] ] } },
{ "type": "Feature", "properties": { "id": 116587489, "name": null, "forest_area_ha": 11.220077900316541, "source_layer": "natural", "source": "OSM" }, "geometry": { "type": "Polygon", "coordinates": [ [ [ 103.9498184, 1.3133221 ], [ 103.9500939, 1.3128353 ], [ 103.9504282, 1.3125471 ], [ 103.9507711, 1.3124192 ], [ 103.9515267, 1.3127199 ], [ 103.9515409, 1.3126862 ], [ 103.9516274, 1.3127194 ], [ 103.9517498, 1.3123853 ], [ 103.9512681, 1.3122146 ], [ 103.9507896, 1.3120888 ], [ 103.9501316, 1.3119828 ], [ 103.9497052, 1.3119476 ], [ 103.9476028, 1.3118956 ], [ 103.9452395, 1.3118801 ], [ 103.9442661, 1.3118303 ], [ 103.9435031, 1.311701 ], [ 103.9422701, 1.3113885 ], [ 103.9422222, 1.3115476 ], [ 103.9434513, 1.31186 ], [ 103.9442871, 1.3120203 ], [ 103.9450629, 1.3120424 ], [ 103.9450225, 1.3124749 ], [ 103.9447184, 1.3135399 ], [ 103.9451885, 1.3138209 ], [ 103.9455771, 1.3123049 ], [ 103.9462694, 1.3123282 ], [ 103.9469657, 1.3123528 ], [ 103.947046400000019, 1.3125816 ], [ 103.9465477, 1.3142466 ], [ 103.947263800000016, 1.3143743 ], [ 103.9478005, 1.3130493 ], [ 103.948865600000019, 1.3134232 ], [ 103.948516, 1.3143255 ], [ 103.949655, 1.3147519 ], [ 103.9498184, 1.3133221 ] ], [ [ 103.949385646449485, 1.312343651988725 ], [ 103.949370436384868, 1.312336957775946 ], [ 103.949354730328395, 1.312331546750332 ], [ 103.94937043638889, 1.312336957767647 ], [ 103.949385646457159, 1.312343651974889 ], [ 103.949400257242345, 1.312351583912016 ], [ 103.949414169523308, 1.312360699713622 ], [ 103.94942728882242, 1.312370937474733 ], [ 103.949439526047129, 1.312382227671202 ], [ 103.949450798095043, 1.312394493631844 ], [ 103.949461028418227, 1.312407652059104 ], [ 103.949450798088563, 1.312394493638392 ], [ 103.94943952603667, 1.31238222768303 ], [ 103.949427288810156, 1.312370937490224 ], [ 103.94941416951113, 1.312360699730846 ], [ 103.949400257231829, 1.312351583928766 ], [ 103.949385646449485, 1.312343651988725 ] ] ] } },
{ "type": "Feature", "properties": { "id": 117449534, "name": null, "forest_area_ha": 3.8643207372808099, "source_layer": "natural", "source": "OSM" }, "geometry": { "type": "Polygon", "coordinates": [ [ [ 103.7698728, 1.3485733 ], [ 103.7701729, 1.3486086 ], [ 103.7705089, 1.3482579 ], [ 103.7698171, 1.3475356 ], [ 103.7700692, 1.3471173 ], [ 103.7701121, 1.3466346 ], [ 103.7704608, 1.3458195 ], [ 103.7702838, 1.3455942 ], [ 103.7703999, 1.3453955 ], [ 103.7700858, 1.3456901 ], [ 103.769792900000013, 1.346025 ], [ 103.7695864, 1.3461148 ], [ 103.7695685, 1.3462317 ], [ 103.7688084, 1.3470029 ], [ 103.7684761, 1.3473382 ], [ 103.7684372, 1.3473869 ], [ 103.7683967, 1.3474483 ], [ 103.7683243, 1.3475868 ], [ 103.7684063, 1.3477716 ], [ 103.7698728, 1.3485733 ] ], [ [ 103.768534929938426, 1.347545909223555 ], [ 103.768537436768923, 1.347541737706546 ], [ 103.768539969621102, 1.347537582142301 ], [ 103.768537436768923, 1.347541737706549 ], [ 103.768534929938426, 1.347545909223558 ], [ 103.768532449228772, 1.347550096528275 ], [ 103.768534929938426, 1.347545909223555 ] ], [ [ 103.768558235611465, 1.347509223593417 ], [ 103.768559763231963, 1.347506969950159 ], [ 103.768561298745979, 1.347504721747382 ], [ 103.768559763231963, 1.347506969950161 ], [ 103.768558235611479, 1.347509223593419 ], [ 103.768556715903543, 1.34751148264908 ], [ 103.768558235611465, 1.347509223593417 ] ] ] } },
{ "type": "Feature", "properties": { "id": 117994299, "name": null, "forest_area_ha": 1.206138719325641, "source_layer": "natural", "source": "OSM" }, "geometry": { "type": "Polygon", "coordinates": [ [ [ 103.7784071, 1.3420091 ], [ 103.7785017, 1.3420476 ], [ 103.7787044, 1.3421119 ], [ 103.7789154, 1.3421874 ], [ 103.7790758, 1.3422624 ], [ 103.7792129, 1.3423122 ], [ 103.7794604, 1.3423687 ], [ 103.7800847, 1.342323 ], [ 103.7803283, 1.3422359 ], [ 103.7800473, 1.342117 ], [ 103.7797491, 1.3419599 ], [ 103.779452, 1.341756 ], [ 103.7791705, 1.341507 ], [ 103.778912600000012, 1.3412076 ], [ 103.778362, 1.3419327 ], [ 103.7784071, 1.3420091 ] ] ] } },
{ "type": "Feature", "properties": { "id": 118272707, "name": null, "forest_area_ha": 5.2480202537846132, "source_layer": "natural", "source": "OSM" }, "geometry": { "type": "Polygon", "coordinates": [ [ [ 103.7715775, 1.4378659 ], [ 103.7714823, 1.4398714 ], [ 103.7720822, 1.4402067 ], [ 103.7724826, 1.4404946 ], [ 103.7732095, 1.4405321 ], [ 103.7732343, 1.4404598 ], [ 103.7733657, 1.4400699 ], [ 103.7736802, 1.4400254 ], [ 103.7737119, 1.4386934 ], [ 103.7731433, 1.438672 ], [ 103.7728486, 1.4385626 ], [ 103.7719825, 1.4378487 ], [ 103.7715775, 1.4378659 ] ] ] } },
{ "type": "Feature", "properties": { "id": 119909013, "name": "Dover Forest West", "forest_area_ha": 17.653474331268431, "source_layer": "natural", "source": "OSM" }, "geometry": { "type": "Polygon", "coordinates": [ [ [ 103.772447, 1.3135618 ], [ 103.7722716, 1.3149287 ], [ 103.7723205, 1.3149323 ], [ 103.7722528, 1.3154382 ], [ 103.7721687, 1.3157281 ], [ 103.7720302, 1.3166489 ], [ 103.7719966, 1.3168178 ], [ 103.7719129, 1.3171564 ], [ 103.771943, 1.3171638 ], [ 103.7719189, 1.3172964 ], [ 103.7724298, 1.3173515 ], [ 103.7724379, 1.3175016 ], [ 103.7725167, 1.317551 ], [ 103.7775187, 1.3139589 ], [ 103.7778782, 1.31358 ], [ 103.7771705, 1.3125675 ], [ 103.7769064, 1.3126608 ], [ 103.7767073, 1.3127165 ], [ 103.7765202, 1.312758 ], [ 103.7764759, 1.3127607 ], [ 103.7764236, 1.3127446 ], [ 103.7763633, 1.3126977 ], [ 103.7762998, 1.3126464 ], [ 103.775984300000019, 1.3126854 ], [ 103.7758056, 1.3126924 ], [ 103.7752915, 1.3126981 ], [ 103.7748833, 1.3127075 ], [ 103.7747654, 1.3127725 ], [ 103.7747424, 1.3129591 ], [ 103.7747276, 1.3129568 ], [ 103.7746232, 1.3139437 ], [ 103.7738732, 1.3138625 ], [ 103.7738881, 1.3137279 ], [ 103.772447, 1.3135618 ] ] ] } },
{ "type": "Feature", "properties": { "id": 123096145, "name": "Bukit Batok Hillside Park", "forest_area_ha": 9.3483895175181875, "source_layer": "natural", "source": "OSM" }, "geometry": { "type": "Polygon", "coordinates": [ [ [ 103.7469859, 1.3579808 ], [ 103.7468323, 1.3579878 ], [ 103.7466475, 1.3579815 ], [ 103.7463958, 1.3577925 ], [ 103.7461534, 1.35779 ], [ 103.7458439, 1.3578785 ], [ 103.7452961, 1.3578784 ], [ 103.7452028, 1.357661 ], [ 103.745191, 1.3573839 ], [ 103.745311, 1.3571276 ], [ 103.7453143, 1.3569536 ], [ 103.7452423, 1.3567766 ], [ 103.7451626, 1.3567119 ], [ 103.745092900000017, 1.3567373 ], [ 103.744872, 1.3568424 ], [ 103.7444714, 1.3570846 ], [ 103.7445469, 1.3571858 ], [ 103.7446615, 1.3573576 ], [ 103.7447636, 1.3575436 ], [ 103.7447988, 1.3577771 ], [ 103.744744900000015, 1.3580641 ], [ 103.7447426, 1.3582937 ], [ 103.7447689, 1.3588021 ], [ 103.7445261, 1.3589484 ], [ 103.7444295, 1.3589996 ], [ 103.7442681, 1.3591712 ], [ 103.7441237, 1.359478 ], [ 103.7440224, 1.3598311 ], [ 103.7440014, 1.3599661 ], [ 103.7439672, 1.3600551 ], [ 103.7439369, 1.3601079 ], [ 103.7438882, 1.3601739 ], [ 103.7438194, 1.3602327 ], [ 103.7437375, 1.3602839 ], [ 103.7435001, 1.36038 ], [ 103.7436053, 1.3606107 ], [ 103.7436972, 1.360909 ], [ 103.7437959, 1.3611642 ], [ 103.7440401, 1.361247 ], [ 103.745155600000018, 1.3609125 ], [ 103.7453818, 1.3607061 ], [ 103.7456044, 1.3604494 ], [ 103.7457688, 1.3601922 ], [ 103.7461336, 1.3598758 ], [ 103.7465913, 1.3594409 ], [ 103.746784, 1.3592474 ], [ 103.7468584, 1.3591541 ], [ 103.7469398, 1.3590296 ], [ 103.7469937, 1.3589278 ], [ 103.7470456, 1.3587782 ], [ 103.7470944, 1.3586044 ], [ 103.7471125, 1.3584952 ], [ 103.7471369, 1.3579901 ], [ 103.7469859, 1.3579808 ] ], [ [ 103.744664852141938, 1.361019949999712 ], [ 103.74468812176849, 1.361010058030688 ], [ 103.744688193651825, 1.36101011139079 ], [ 103.744664852141938, 1.361019949999712 ] ] ] } },
{ "type": "Feature", "properties": { "id": 128019935, "name": null, "forest_area_ha": 2.1754374221752455, "source_layer": "natural", "source": "OSM" }, "geometry": { "type": "Polygon", "coordinates": [ [ [ 103.7501191, 1.349461 ], [ 103.7509775, 1.3488281 ], [ 103.7509131, 1.3486941 ], [ 103.7514978, 1.3482605 ], [ 103.7512022, 1.3481309 ], [ 103.7509504, 1.3480666 ], [ 103.7506878, 1.3480138 ], [ 103.7504228, 1.3479938 ], [ 103.7502211, 1.3479969 ], [ 103.7499689, 1.3480245 ], [ 103.7496954, 1.348088 ], [ 103.7494969, 1.3481693 ], [ 103.7492823, 1.3483186 ], [ 103.7501191, 1.349461 ] ] ] } },
{ "type": "Feature", "properties": { "id": 130059489, "name": null, "forest_area_ha": 10.607060153744955, "source_layer": "natural", "source": "OSM" }, "geometry": { "type": "Polygon", "coordinates": [ [ [ 103.8155392, 1.4134394 ], [ 103.8158656, 1.4134558 ], [ 103.8162688, 1.4134877 ], [ 103.8165684, 1.4134987 ], [ 103.8173248, 1.4136328 ], [ 103.8182528, 1.4138044 ], [ 103.8194713, 1.4140025 ], [ 103.8201786, 1.4141154 ], [ 103.820581, 1.4141261 ], [ 103.8211442, 1.4140779 ], [ 103.8214768, 1.4140135 ], [ 103.821788, 1.4139384 ], [ 103.8222072, 1.4137773 ], [ 103.8225666, 1.4136057 ], [ 103.8227459, 1.4134596 ], [ 103.8228702, 1.4131569 ], [ 103.8227589, 1.4126192 ], [ 103.8226463, 1.4122116 ], [ 103.822578, 1.4120571 ], [ 103.821753200000018, 1.4124194 ], [ 103.8211743, 1.4122904 ], [ 103.8207041, 1.4114611 ], [ 103.8206171, 1.4112039 ], [ 103.821129900000017, 1.4109996 ], [ 103.8205702, 1.4107047 ], [ 103.8203181, 1.4106403 ], [ 103.8202698, 1.4107315 ], [ 103.8202537, 1.4109728 ], [ 103.8201848, 1.4111763 ], [ 103.8199166, 1.4117984 ], [ 103.819643, 1.4122703 ], [ 103.8192184, 1.4128444 ], [ 103.8188697, 1.4131877 ], [ 103.818521, 1.4133968 ], [ 103.8182743, 1.4134183 ], [ 103.8179792, 1.4134183 ], [ 103.8176743, 1.4133965 ], [ 103.817383800000016, 1.4132788 ], [ 103.8172819, 1.4133217 ], [ 103.8169761, 1.4133968 ], [ 103.8159515, 1.4132037 ], [ 103.8152273, 1.4132895 ], [ 103.8152273, 1.4134665 ], [ 103.8155392, 1.4134394 ] ] ] } },
{ "type": "Feature", "properties": { "id": 130060889, "name": "Lorong Banir Forest", "forest_area_ha": 23.472425063918177, "source_layer": "natural", "source": "OSM" }, "geometry": { "type": "Polygon", "coordinates": [ [ [ 103.8165719, 1.3953319 ], [ 103.8160864, 1.3955357 ], [ 103.8155384, 1.3958607 ], [ 103.8151629, 1.3962656 ], [ 103.8148142, 1.3966329 ], [ 103.8145307, 1.3970293 ], [ 103.8143376, 1.3973778 ], [ 103.8142134, 1.3976626 ], [ 103.8139881, 1.3982579 ], [ 103.8137628, 1.398955 ], [ 103.8136897, 1.3991366 ], [ 103.8135598, 1.3994962 ], [ 103.813103, 1.4005693 ], [ 103.8130064, 1.4008588 ], [ 103.8126577, 1.4015292 ], [ 103.8127543, 1.4017169 ], [ 103.8129635, 1.4018939 ], [ 103.8132424, 1.4019955 ], [ 103.8135941, 1.4020322 ], [ 103.8140249, 1.4021266 ], [ 103.8144135, 1.402251 ], [ 103.8154258, 1.4020706 ], [ 103.815802100000013, 1.4020971 ], [ 103.8165952, 1.4018992 ], [ 103.8164289, 1.4012986 ], [ 103.8165308, 1.4005746 ], [ 103.8168635, 1.4005693 ], [ 103.8170359, 1.4003864 ], [ 103.8171352, 1.3997785 ], [ 103.8165067, 1.3996233 ], [ 103.8165244, 1.3989263 ], [ 103.8166877, 1.3982584 ], [ 103.817264, 1.3966975 ], [ 103.8162212, 1.3956556 ], [ 103.8163983, 1.3955689 ], [ 103.8166594, 1.395469 ], [ 103.8170709, 1.3953338 ], [ 103.8173501, 1.3952552 ], [ 103.8177111, 1.3951725 ], [ 103.818225700000013, 1.3950778 ], [ 103.8182602, 1.3950798 ], [ 103.818288400000014, 1.3950913 ], [ 103.8183485, 1.3951441 ], [ 103.8183653, 1.3951685 ], [ 103.8183727, 1.3952073 ], [ 103.8183294, 1.3955698 ], [ 103.8185067, 1.3955907 ], [ 103.8186336, 1.3956049 ], [ 103.8186625, 1.3953814 ], [ 103.8185955, 1.3950828 ], [ 103.818391700000021, 1.3949093 ], [ 103.8181611, 1.3949 ], [ 103.8175283, 1.3950316 ], [ 103.8171209, 1.3951555 ], [ 103.8165719, 1.3953319 ] ], [ [ 103.818226594956741, 1.395077249656089 ], [ 103.818229126307941, 1.39507704116381 ], [ 103.818226594956741, 1.39507724965609 ], [ 103.818224070471473, 1.395077530067319 ], [ 103.818221554868998, 1.395077882173472 ], [ 103.818224070471473, 1.395077530067318 ], [ 103.818226594956741, 1.395077249656089 ] ], [ [ 103.818537227349239, 1.395120277026024 ], [ 103.81852881384323, 1.39509795770825 ], [ 103.818537227349239, 1.395120277026024 ], [ 103.818543658935681, 1.395143254269736 ], [ 103.818537227349239, 1.395120277026024 ] ] ] } },
{ "type": "Feature", "properties": { "id": 131637040, "name": null, "forest_area_ha": 0.60443724939152677, "source_layer": "natural", "source": "OSM" }, "geometry": { "type": "Polygon", "coordinates": [ [ [ 103.77687, 1.3435689 ], [ 103.776624, 1.3437732 ], [ 103.7763724, 1.3440184 ], [ 103.7763993, 1.3441023 ], [ 103.7761728, 1.3441757 ], [ 103.7761427, 1.3441394 ], [ 103.7758246, 1.3443867 ], [ 103.7759074, 1.3446111 ], [ 103.7755649, 1.3451124 ], [ 103.7754888, 1.3451871 ], [ 103.77548, 1.3452495 ], [ 103.7755141, 1.3453048 ], [ 103.7755407, 1.3454105 ], [ 103.7770372, 1.3435123 ], [ 103.7769618, 1.3434491 ], [ 103.77687, 1.3435689 ] ] ] } },
{ "type": "Feature", "properties": { "id": 137575279, "name": null, "forest_area_ha": 59.42988044272893, "source_layer": "natural", "source": "OSM" }, "geometry": { "type": "Polygon", "coordinates": [ [ [ 103.6872004, 1.4174186 ], [ 103.6872978, 1.4176609 ], [ 103.6873012, 1.4180382 ], [ 103.6868242, 1.4180314 ], [ 103.6867521, 1.418347 ], [ 103.6869718, 1.4188719 ], [ 103.6856883, 1.4196507 ], [ 103.6845842, 1.4205662 ], [ 103.6833314, 1.4216554 ], [ 103.682661900000014, 1.4239372 ], [ 103.6829413, 1.4242766 ], [ 103.6834815, 1.4244155 ], [ 103.6837876, 1.4242834 ], [ 103.6840259, 1.4228555 ], [ 103.6849712, 1.4216828 ], [ 103.6856171, 1.4219493 ], [ 103.6849959, 1.4257725 ], [ 103.6855977, 1.4264324 ], [ 103.6876668, 1.4256086 ], [ 103.6884709, 1.4253844 ], [ 103.690447400000011, 1.4239162 ], [ 103.6906942, 1.4244196 ], [ 103.6900462, 1.4252863 ], [ 103.6901938, 1.4254189 ], [ 103.6910244, 1.4248199 ], [ 103.6913302, 1.4241147 ], [ 103.6923371, 1.4236953 ], [ 103.692227, 1.4224976 ], [ 103.6919835, 1.4212257 ], [ 103.6925557, 1.4210301 ], [ 103.69271190000002, 1.4203476 ], [ 103.6926922, 1.4198616 ], [ 103.6925656, 1.4196811 ], [ 103.6924524, 1.4200698 ], [ 103.692199100000011, 1.4199762 ], [ 103.6920024, 1.4199193 ], [ 103.6918489, 1.4198827 ], [ 103.69149950000002, 1.4194052 ], [ 103.6909223, 1.4196425 ], [ 103.690764500000014, 1.4191691 ], [ 103.6906478, 1.4189598 ], [ 103.6905242, 1.4188534 ], [ 103.689836200000016, 1.4186603 ], [ 103.6894345, 1.4185782 ], [ 103.6889884, 1.418712 ], [ 103.6886418, 1.418863 ], [ 103.6883603, 1.4189591 ], [ 103.6880172, 1.4187258 ], [ 103.6876603, 1.4184753 ], [ 103.6875367, 1.4181734 ], [ 103.6876362, 1.4179195 ], [ 103.6878215, 1.4178509 ], [ 103.6879417, 1.4177754 ], [ 103.6876067, 1.4172903 ], [ 103.6872004, 1.4174186 ] ] ] } },
{ "type": "Feature", "properties": { "id": 151712409, "name": null, "forest_area_ha": 17.355981487804119, "source_layer": "natural", "source": "OSM" }, "geometry": { "type": "Polygon", "coordinates": [ [ [ 103.791138, 1.3423477 ], [ 103.7916106, 1.3425308 ], [ 103.7915653, 1.3426723 ], [ 103.7918802, 1.3427722 ], [ 103.7920233, 1.3433359 ], [ 103.7915753, 1.3438032 ], [ 103.7908522, 1.3438327 ], [ 103.7902825, 1.3448058 ], [ 103.7903453, 1.3448402 ], [ 103.7913286, 1.3453797 ], [ 103.7916558, 1.3448273 ], [ 103.7920635, 1.3445055 ], [ 103.792439, 1.3448916 ], [ 103.7915968, 1.3459803 ], [ 103.792085, 1.3461841 ], [ 103.7922137, 1.3455137 ], [ 103.7928306, 1.3452188 ], [ 103.7930237, 1.3453958 ], [ 103.7927882, 1.3461029 ], [ 103.792219, 1.3462192 ], [ 103.7915484, 1.3470371 ], [ 103.7910597, 1.3467408 ], [ 103.7894681, 1.3458865 ], [ 103.7895384, 1.3460803 ], [ 103.789629, 1.3461324 ], [ 103.7910922, 1.3469746 ], [ 103.7916579, 1.3480215 ], [ 103.7915042, 1.3487548 ], [ 103.7912703, 1.3489125 ], [ 103.7915458, 1.3489999 ], [ 103.7917931, 1.3486245 ], [ 103.7924218, 1.3478887 ], [ 103.793116200000014, 1.347649 ], [ 103.7937183, 1.3478315 ], [ 103.793833100000015, 1.3463481 ], [ 103.793863837196128, 1.346014906861771 ], [ 103.793834811321432, 1.346054286247116 ], [ 103.793730004496851, 1.346185435158776 ], [ 103.793834811315946, 1.346054286242896 ], [ 103.79386383719735, 1.346014906848421 ], [ 103.793895, 1.3456771 ], [ 103.793736, 1.3450413 ], [ 103.7936601, 1.3446553 ], [ 103.7936879, 1.3442718 ], [ 103.7938966, 1.3440997 ], [ 103.7940179, 1.3439991 ], [ 103.7943371, 1.3439174 ], [ 103.7945177, 1.3438211 ], [ 103.7944756, 1.3436587 ], [ 103.7941626, 1.3437429 ], [ 103.7938256, 1.3437971 ], [ 103.7934885, 1.343791 ], [ 103.7930732, 1.3436466 ], [ 103.7928084, 1.3434842 ], [ 103.7926158, 1.3432435 ], [ 103.7924068, 1.3428218 ], [ 103.7921225, 1.3424839 ], [ 103.7922513, 1.3420174 ], [ 103.7922849, 1.3419362 ], [ 103.7924444, 1.3415508 ], [ 103.7925437, 1.3412556 ], [ 103.7926, 1.3410236 ], [ 103.7922969, 1.3409901 ], [ 103.7922929, 1.3413266 ], [ 103.7921092, 1.341332 ], [ 103.7919884, 1.3414167 ], [ 103.7918678, 1.3412288 ], [ 103.7915505, 1.3412046 ], [ 103.7915634, 1.3409338 ], [ 103.7916988, 1.3409097 ], [ 103.791699, 1.340638 ], [ 103.7911034, 1.3403975 ], [ 103.7911248, 1.3392954 ], [ 103.7913904, 1.3385929 ], [ 103.7913582, 1.3384829 ], [ 103.7914681, 1.3380539 ], [ 103.791672, 1.3372629 ], [ 103.7915164, 1.3371985 ], [ 103.7912697, 1.3382094 ], [ 103.790642, 1.3381933 ], [ 103.7906206, 1.3385205 ], [ 103.790411300000017, 1.3385795 ], [ 103.7904221, 1.3388369 ], [ 103.7906206, 1.3389173 ], [ 103.7906259, 1.3391104 ], [ 103.7908995, 1.3391211 ], [ 103.7909585, 1.3399055 ], [ 103.7909947, 1.3400972 ], [ 103.7909951, 1.3401173 ], [ 103.791018, 1.3403908 ], [ 103.7907343, 1.3406082 ], [ 103.7907637, 1.3410236 ], [ 103.791153900000012, 1.3409941 ], [ 103.791168, 1.3418035 ], [ 103.790724, 1.3422597 ], [ 103.790813198029255, 1.342278659974026 ], [ 103.790737110208198, 1.342251940813378 ], [ 103.790813206598727, 1.342278661795558 ], [ 103.791138, 1.3423477 ] ] ] } },
{ "type": "Feature", "properties": { "id": 159554626, "name": null, "forest_area_ha": 1.4727331119368374, "source_layer": "natural", "source": "OSM" }, "geometry": { "type": "Polygon", "coordinates": [ [ [ 103.8122024, 1.2647113 ], [ 103.8122306, 1.2646778 ], [ 103.8122896, 1.2646845 ], [ 103.812358, 1.2644847 ], [ 103.8123151, 1.2644337 ], [ 103.8122172, 1.2643667 ], [ 103.812113900000014, 1.264234 ], [ 103.8120885, 1.2640811 ], [ 103.8120831, 1.2637982 ], [ 103.8121515, 1.2637929 ], [ 103.8121944, 1.2637513 ], [ 103.8123822, 1.2637513 ], [ 103.8123886, 1.2636325 ], [ 103.8123902, 1.2636038 ], [ 103.8123647, 1.2635864 ], [ 103.812156900000019, 1.2635917 ], [ 103.8121381, 1.2635984 ], [ 103.8121475, 1.2636735 ], [ 103.8120871, 1.2636708 ], [ 103.8120885, 1.2636092 ], [ 103.8120791, 1.2635837 ], [ 103.8119248, 1.2635824 ], [ 103.811898, 1.2636078 ], [ 103.8118927, 1.2637513 ], [ 103.8117706, 1.2637687 ], [ 103.8117304, 1.263691 ], [ 103.8110666, 1.26358 ], [ 103.811065, 1.2636788 ], [ 103.8110548, 1.2637456 ], [ 103.8110421, 1.2638068 ], [ 103.8110433, 1.2638799 ], [ 103.8110615, 1.2639298 ], [ 103.8111081, 1.2640142 ], [ 103.8112038, 1.2641124 ], [ 103.8112725, 1.2642305 ], [ 103.8113504, 1.2644945 ], [ 103.8113372, 1.2645289 ], [ 103.8113348, 1.264615 ], [ 103.8114286, 1.2647488 ], [ 103.8115563, 1.2648276 ], [ 103.8116673, 1.2649003 ], [ 103.811772, 1.2649178 ], [ 103.8119624, 1.2649218 ], [ 103.8121367, 1.2648561 ], [ 103.812194498449458, 1.264825927250138 ], [ 103.812195725365228, 1.264824868412498 ], [ 103.8122024, 1.2647113 ] ] ] } },
{ "type": "Feature", "properties": { "id": 159567844, "name": null, "forest_area_ha": 37.482893048124218, "source_layer": "natural", "source": "OSM" }, "geometry": { "type": "Polygon", "coordinates": [ [ [ 103.8305531, 1.2487485 ], [ 103.8316149, 1.2516253 ], [ 103.832484, 1.2531216 ], [ 103.8331387, 1.2526099 ], [ 103.8337607, 1.2524995 ], [ 103.8349248, 1.2516145 ], [ 103.8357754, 1.2518481 ], [ 103.836268, 1.2516518 ], [ 103.8360317, 1.2511542 ], [ 103.8362328, 1.2509862 ], [ 103.836198300000021, 1.2509088 ], [ 103.8362014, 1.2508498 ], [ 103.8362363, 1.2508118 ], [ 103.8362783, 1.2507929 ], [ 103.8363946, 1.2507761 ], [ 103.8365809, 1.2505438 ], [ 103.8368439, 1.2503614 ], [ 103.8373285, 1.249693 ], [ 103.8382615, 1.2491421 ], [ 103.8380954, 1.2488128 ], [ 103.8384868, 1.2485307 ], [ 103.8392002, 1.248225 ], [ 103.839323900000011, 1.2480298 ], [ 103.8390755, 1.24778 ], [ 103.8388873, 1.2477705 ], [ 103.8387016, 1.2477295 ], [ 103.838326900000013, 1.2478724 ], [ 103.8380699, 1.2479414 ], [ 103.8377547, 1.247914 ], [ 103.8374943, 1.2477853 ], [ 103.8377538, 1.2475623 ], [ 103.8380864, 1.2464901 ], [ 103.8383154, 1.2460279 ], [ 103.8389005, 1.2463088 ], [ 103.8390669, 1.2459516 ], [ 103.8391669, 1.2458133 ], [ 103.8393298, 1.2454428 ], [ 103.839454100000012, 1.2450515 ], [ 103.839529, 1.2447997 ], [ 103.839455700000016, 1.244482 ], [ 103.8390623, 1.2443306 ], [ 103.8390738, 1.2443828 ], [ 103.8392205, 1.2445297 ], [ 103.8392286, 1.2446772 ], [ 103.8391049, 1.244826 ], [ 103.8389625, 1.2450611 ], [ 103.8386772, 1.2452468 ], [ 103.838538, 1.2455905 ], [ 103.8383448, 1.2458814 ], [ 103.836944, 1.2465601 ], [ 103.8365616, 1.2462499 ], [ 103.8360301, 1.2463061 ], [ 103.836328, 1.2472158 ], [ 103.8363085, 1.2473347 ], [ 103.8364539, 1.2472908 ], [ 103.8368679, 1.2469995 ], [ 103.8372961, 1.2475632 ], [ 103.836837, 1.247902 ], [ 103.8370064, 1.2482068 ], [ 103.836749, 1.2483409 ], [ 103.836620200000013, 1.2481371 ], [ 103.836357400000011, 1.2483462 ], [ 103.8360462, 1.2489576 ], [ 103.83553120000002, 1.2490381 ], [ 103.8352845, 1.2490113 ], [ 103.8351718, 1.2487109 ], [ 103.8352308, 1.2484428 ], [ 103.8348497, 1.2475225 ], [ 103.8343079, 1.2472436 ], [ 103.8346512, 1.2470505 ], [ 103.8344476, 1.2463565 ], [ 103.8339595, 1.24663 ], [ 103.833026, 1.2475418 ], [ 103.8314435, 1.2477456 ], [ 103.8312236, 1.2480566 ], [ 103.8305531, 1.2487485 ] ] ] } },
{ "type": "Feature", "properties": { "id": 159593006, "name": null, "forest_area_ha": 0.28055505129258324, "source_layer": "natural", "source": "OSM" }, "geometry": { "type": "Polygon", "coordinates": [ [ [ 103.8386696, 1.2464463 ], [ 103.8385502, 1.2467144 ], [ 103.838687, 1.2469115 ], [ 103.8386428, 1.2471542 ], [ 103.8384, 1.2474304 ], [ 103.8381788, 1.2475497 ], [ 103.8379789, 1.2475564 ], [ 103.8378421, 1.2475444 ], [ 103.8378073, 1.2476195 ], [ 103.8379441, 1.2476597 ], [ 103.8380943, 1.247661 ], [ 103.8382539, 1.2476168 ], [ 103.838416100000018, 1.2475471 ], [ 103.8385945, 1.2474532 ], [ 103.8386642, 1.247295 ], [ 103.8387903, 1.2471703 ], [ 103.8387662, 1.2469826 ], [ 103.8387809, 1.2467144 ], [ 103.8388265, 1.2464637 ], [ 103.8386696, 1.2464463 ] ] ] } },
{ "type": "Feature", "properties": { "id": 159636079, "name": null, "forest_area_ha": 0.3994771115479927, "source_layer": "natural", "source": "OSM" }, "geometry": { "type": "Polygon", "coordinates": [ [ [ 103.81481, 1.2493362 ], [ 103.8147309, 1.2494174 ], [ 103.814684, 1.2495193 ], [ 103.8146585, 1.2496172 ], [ 103.8147014, 1.2496682 ], [ 103.8147738, 1.2496588 ], [ 103.8148918, 1.2496212 ], [ 103.81503, 1.2495689 ], [ 103.815207, 1.2494563 ], [ 103.8153263, 1.2493437 ], [ 103.8154537, 1.2492544 ], [ 103.8155436, 1.2491927 ], [ 103.8157676, 1.2490608 ], [ 103.8158293, 1.2489911 ], [ 103.8159097, 1.2488342 ], [ 103.8158923, 1.2487618 ], [ 103.8158185, 1.2487503 ], [ 103.8157542, 1.2487926 ], [ 103.8156831, 1.2488798 ], [ 103.8155584, 1.2489817 ], [ 103.8153988, 1.2490814 ], [ 103.8151936, 1.2491646 ], [ 103.8149549, 1.2492311 ], [ 103.81481, 1.2493362 ] ] ] } },
{ "type": "Feature", "properties": { "id": 159638484, "name": null, "forest_area_ha": 15.811438278855503, "source_layer": "natural", "source": "OSM" }, "geometry": { "type": "Polygon", "coordinates": [ [ [ 103.8149704, 1.2540367 ], [ 103.8151963, 1.2542215 ], [ 103.8150448, 1.2543327 ], [ 103.8153653, 1.2543756 ], [ 103.81532510000001, 1.2548422 ], [ 103.8151534, 1.2548489 ], [ 103.8148503, 1.2548717 ], [ 103.814625, 1.2549736 ], [ 103.8146599, 1.2550313 ], [ 103.814236100000016, 1.2553692 ], [ 103.8142669, 1.2554067 ], [ 103.8142307, 1.2554496 ], [ 103.8142937, 1.2554925 ], [ 103.8144104, 1.2554054 ], [ 103.8144211, 1.2553598 ], [ 103.8144681, 1.2552914 ], [ 103.8145486, 1.2552646 ], [ 103.8146116, 1.2552632 ], [ 103.8147135, 1.2553571 ], [ 103.814697400000014, 1.255451 ], [ 103.8146491, 1.2555059 ], [ 103.8145727, 1.2555247 ], [ 103.8144721, 1.2555099 ], [ 103.8144131, 1.2555475 ], [ 103.81424410000001, 1.2556682 ], [ 103.8141194, 1.2558036 ], [ 103.8139236, 1.2558934 ], [ 103.8137372, 1.2561026 ], [ 103.8135427, 1.2562434 ], [ 103.8133402, 1.2563332 ], [ 103.8132007, 1.2564767 ], [ 103.8128789, 1.2568816 ], [ 103.8126013, 1.2570894 ], [ 103.8124859, 1.2572007 ], [ 103.8124028, 1.2573468 ], [ 103.8123424, 1.2578013 ], [ 103.8124658, 1.257863 ], [ 103.8129312, 1.2581821 ], [ 103.8132665, 1.2583605 ], [ 103.8134448, 1.2584235 ], [ 103.8138203, 1.2585468 ], [ 103.8139719, 1.2585736 ], [ 103.8140604, 1.2585656 ], [ 103.81413280000001, 1.2585307 ], [ 103.8141771, 1.2584329 ], [ 103.8142012, 1.2582532 ], [ 103.8142803, 1.2580735 ], [ 103.8144024, 1.2579555 ], [ 103.8145807, 1.2579073 ], [ 103.8147417, 1.2579046 ], [ 103.8150555, 1.2580266 ], [ 103.8151842, 1.2580279 ], [ 103.8153532, 1.257973 ], [ 103.8155115, 1.2578617 ], [ 103.8156174, 1.2576981 ], [ 103.8158025, 1.2573643 ], [ 103.8158508, 1.2572288 ], [ 103.8159151, 1.2569473 ], [ 103.8159192, 1.2567274 ], [ 103.8159057, 1.2562232 ], [ 103.8158789, 1.2560959 ], [ 103.815887, 1.2557902 ], [ 103.815946, 1.2555435 ], [ 103.8158347, 1.2555073 ], [ 103.815862800000019, 1.2554375 ], [ 103.8159688, 1.2554563 ], [ 103.816005, 1.2554013 ], [ 103.8159956, 1.2553638 ], [ 103.8159406, 1.2553196 ], [ 103.8159057, 1.2552244 ], [ 103.8159205, 1.2551305 ], [ 103.8159674, 1.2550527 ], [ 103.8160868, 1.2550085 ], [ 103.816241, 1.2550581 ], [ 103.8163322, 1.2550192 ], [ 103.8168673, 1.2548597 ], [ 103.8170697, 1.2550059 ], [ 103.8171566, 1.2551219 ], [ 103.8172702, 1.2551164 ], [ 103.8172771, 1.2550317 ], [ 103.8173989, 1.2549379 ], [ 103.8174312, 1.2548189 ], [ 103.8174366, 1.2546264 ], [ 103.8174163, 1.2545363 ], [ 103.8173369, 1.2544405 ], [ 103.8171215, 1.2542469 ], [ 103.817037, 1.2541296 ], [ 103.8169008, 1.2537937 ], [ 103.8168546, 1.2535893 ], [ 103.8168418, 1.253472 ], [ 103.8168713, 1.2532849 ], [ 103.8169451, 1.2531334 ], [ 103.8170323, 1.2529993 ], [ 103.8171416, 1.2528887 ], [ 103.8173193, 1.2527841 ], [ 103.8175111, 1.2527245 ], [ 103.8176297, 1.2527198 ], [ 103.8178369, 1.2527392 ], [ 103.8180153, 1.2528197 ], [ 103.817965, 1.2525562 ], [ 103.8179322, 1.2524395 ], [ 103.8179107, 1.2523793 ], [ 103.8178356, 1.2523028 ], [ 103.817912, 1.252239 ], [ 103.8178637, 1.2520977 ], [ 103.8173261, 1.2523559 ], [ 103.8171665, 1.2521122 ], [ 103.8172844, 1.2520548 ], [ 103.817287, 1.2519046 ], [ 103.8170537, 1.2519314 ], [ 103.816884700000017, 1.2520735 ], [ 103.8170215, 1.2525608 ], [ 103.8168257, 1.2525911 ], [ 103.81657890000001, 1.2522076 ], [ 103.8164368, 1.2524007 ], [ 103.8162155, 1.2526078 ], [ 103.8159292, 1.252823 ], [ 103.815712, 1.2531106 ], [ 103.8150233, 1.2538568 ], [ 103.8149151, 1.2539915 ], [ 103.8149704, 1.2540367 ] ] ] } },
{ "type": "Feature", "properties": { "id": 160419672, "name": null, "forest_area_ha": 19.643261765249996, "source_layer": "natural", "source": "OSM" }, "geometry": { "type": "Polygon", "coordinates": [ [ [ 103.8359846, 1.2556825 ], [ 103.8331683, 1.2565674 ], [ 103.833431100000013, 1.2573719 ], [ 103.8332487, 1.257683 ], [ 103.8324724, 1.2579453 ], [ 103.8323368, 1.2581764 ], [ 103.831049300000018, 1.2585303 ], [ 103.8310708, 1.2590506 ], [ 103.8306294, 1.2596799 ], [ 103.8306758, 1.2600725 ], [ 103.8309257, 1.2602057 ], [ 103.8313878, 1.2599886 ], [ 103.8314945, 1.260098 ], [ 103.8319485, 1.259769 ], [ 103.8322221, 1.2593431 ], [ 103.8329754, 1.2588873 ], [ 103.8330054, 1.2590031 ], [ 103.8322825, 1.2595092 ], [ 103.832374, 1.2597156 ], [ 103.8324095, 1.2601367 ], [ 103.8328991, 1.260471 ], [ 103.8325289, 1.2611822 ], [ 103.8323673, 1.2615727 ], [ 103.8320653, 1.2614433 ], [ 103.8317137, 1.2619263 ], [ 103.8311016, 1.2615678 ], [ 103.8308318, 1.2617787 ], [ 103.8307506, 1.2619942 ], [ 103.8306295, 1.2620815 ], [ 103.8302882, 1.2618649 ], [ 103.8300871, 1.2616239 ], [ 103.830184100000011, 1.261433 ], [ 103.8306789, 1.2614645 ], [ 103.8306833, 1.2614095 ], [ 103.8301079, 1.2613573 ], [ 103.8299949, 1.2614222 ], [ 103.8299669, 1.2617206 ], [ 103.8300633, 1.2619594 ], [ 103.8305126, 1.2621856 ], [ 103.830774, 1.2624287 ], [ 103.832003300000011, 1.2624528 ], [ 103.8324939, 1.2620952 ], [ 103.8331683, 1.2608687 ], [ 103.833844200000016, 1.2605737 ], [ 103.8337959, 1.2603431 ], [ 103.834504, 1.2599408 ], [ 103.8346113, 1.2594742 ], [ 103.8347132, 1.259603 ], [ 103.8348527, 1.2594903 ], [ 103.8349761, 1.2587449 ], [ 103.8357593, 1.2580477 ], [ 103.8354662, 1.2577293 ], [ 103.8353248, 1.2575757 ], [ 103.8369063, 1.256086 ], [ 103.8364178, 1.2557074 ], [ 103.8362417, 1.2550719 ], [ 103.8359846, 1.2556825 ] ] ] } },
{ "type": "Feature", "properties": { "id": 160827404, "name": null, "forest_area_ha": 3.2218192673437929, "source_layer": "natural", "source": "OSM" }, "geometry": { "type": "Polygon", "coordinates": [ [ [ 103.8601352, 1.2227731 ], [ 103.860116300000016, 1.2231164 ], [ 103.8605201, 1.2233617 ], [ 103.860637100000019, 1.2236673 ], [ 103.86089, 1.2235843 ], [ 103.8609353, 1.2236409 ], [ 103.8608447, 1.2238031 ], [ 103.8615125, 1.2238572 ], [ 103.8618157, 1.223948 ], [ 103.8619922, 1.2236503 ], [ 103.8620561, 1.2233202 ], [ 103.8623392, 1.2227919 ], [ 103.8624902, 1.2222901 ], [ 103.8625139, 1.2219628 ], [ 103.8623145, 1.2220137 ], [ 103.8621769, 1.2218788 ], [ 103.862098, 1.2220623 ], [ 103.8617961, 1.2222547 ], [ 103.8617093, 1.2222309 ], [ 103.8610523, 1.2226335 ], [ 103.8608183, 1.2227165 ], [ 103.8605721, 1.2227044 ], [ 103.860356600000017, 1.2226953 ], [ 103.8602559, 1.2225316 ], [ 103.8601352, 1.2227731 ] ] ] } },
{ "type": "Feature", "properties": { "id": 160827405, "name": null, "forest_area_ha": 1.5722731059126391, "source_layer": "natural", "source": "OSM" }, "geometry": { "type": "Polygon", "coordinates": [ [ [ 103.8586333, 1.2250295 ], [ 103.8588484, 1.224739 ], [ 103.8589967, 1.2245946 ], [ 103.8592695, 1.2244612 ], [ 103.8596502, 1.2243442 ], [ 103.8600033, 1.2241127 ], [ 103.8595693, 1.2240447 ], [ 103.8593353, 1.2239542 ], [ 103.859301300000013, 1.2237995 ], [ 103.859324, 1.2235957 ], [ 103.8593353, 1.2234788 ], [ 103.8591541, 1.2234825 ], [ 103.8590107, 1.2236297 ], [ 103.8591897, 1.2237598 ], [ 103.859042100000011, 1.2238944 ], [ 103.85895210000001, 1.2238926 ], [ 103.8584975, 1.2242862 ], [ 103.8585276, 1.2244749 ], [ 103.858236911559999, 1.224520151499441 ], [ 103.85806095770306, 1.224734079580912 ], [ 103.85800128791, 1.224828134119597 ], [ 103.857975899999985, 1.224927209777445 ], [ 103.857975899999971, 1.224970429645564 ], [ 103.858124830092564, 1.225349074481999 ], [ 103.858203087525226, 1.225388231611651 ], [ 103.858245715564181, 1.225398896901768 ], [ 103.858499634569554, 1.225410650159253 ], [ 103.8585616, 1.2253578 ], [ 103.8586333, 1.2250295 ] ] ] } },
{ "type": "Feature", "properties": { "id": 161720124, "name": null, "forest_area_ha": 55.457177611137965, "source_layer": "natural", "source": "OSM" }, "geometry": { "type": "Polygon", "coordinates": [ [ [ 103.8808113, 1.4242353 ], [ 103.8803965, 1.4235548 ], [ 103.8798617, 1.422806 ], [ 103.8788297, 1.4212252 ], [ 103.8785649, 1.4202881 ], [ 103.8779626, 1.4192288 ], [ 103.877132, 1.4196376 ], [ 103.8746355, 1.4225378 ], [ 103.8741651, 1.4229345 ], [ 103.8737802, 1.4233043 ], [ 103.8741033, 1.4237694 ], [ 103.8747987, 1.4248259 ], [ 103.8739333, 1.4254231 ], [ 103.875521800000016, 1.4279124 ], [ 103.875237, 1.4281144 ], [ 103.8751792, 1.4282246 ], [ 103.8752613, 1.4283837 ], [ 103.8757613, 1.429111 ], [ 103.8761024, 1.4296757 ], [ 103.8758411, 1.429845 ], [ 103.8755002, 1.4293152 ], [ 103.8753441, 1.4290767 ], [ 103.8749709, 1.4286221 ], [ 103.8745612, 1.4286367 ], [ 103.8742558, 1.42826 ], [ 103.8741323, 1.4283247 ], [ 103.8741134, 1.4284147 ], [ 103.8742483, 1.4287421 ], [ 103.8740509, 1.4289167 ], [ 103.8740171, 1.4289571 ], [ 103.8743359, 1.4292968 ], [ 103.875015, 1.4298554 ], [ 103.8747655, 1.4300565 ], [ 103.874394, 1.4305496 ], [ 103.8745861, 1.4307263 ], [ 103.8751791, 1.4309798 ], [ 103.8755225, 1.4310433 ], [ 103.8759005, 1.4310905 ], [ 103.8763701, 1.4310601 ], [ 103.87673980000001, 1.4309458 ], [ 103.8770859, 1.4307829 ], [ 103.8774467, 1.43053 ], [ 103.8778071, 1.4302147 ], [ 103.878357, 1.4295256 ], [ 103.8785155, 1.4293357 ], [ 103.8786849, 1.4291051 ], [ 103.8791846, 1.4284892 ], [ 103.8795355, 1.4280767 ], [ 103.8781101, 1.4262924 ], [ 103.8785198, 1.4260711 ], [ 103.8766733, 1.423248 ], [ 103.8775533, 1.4226929 ], [ 103.879850200000021, 1.4262116 ], [ 103.8805967, 1.425722 ], [ 103.880564, 1.4253811 ], [ 103.8811545, 1.4247796 ], [ 103.8808113, 1.4242353 ] ] ] } },
{ "type": "Feature", "properties": { "id": 162210907, "name": null, "forest_area_ha": 1.2763753796989876, "source_layer": "natural", "source": "OSM" }, "geometry": { "type": "Polygon", "coordinates": [ [ [ 103.7537079, 1.3503538 ], [ 103.7538313, 1.3503082 ], [ 103.753973500000015, 1.3501822 ], [ 103.7541076, 1.350032 ], [ 103.7542853, 1.3498754 ], [ 103.7543121, 1.349744 ], [ 103.7542531, 1.3496046 ], [ 103.7541612, 1.3494555 ], [ 103.7540888, 1.3492651 ], [ 103.7541136, 1.3491407 ], [ 103.7540942, 1.3490345 ], [ 103.7540083, 1.349056 ], [ 103.7538796, 1.3491471 ], [ 103.7537052, 1.3492169 ], [ 103.7535014, 1.3493027 ], [ 103.7533244, 1.3493617 ], [ 103.7531071, 1.3495467 ], [ 103.7530669, 1.3497505 ], [ 103.753142, 1.349965 ], [ 103.7533109, 1.3502224 ], [ 103.7535175, 1.3502305 ], [ 103.7536194, 1.3503404 ], [ 103.7537079, 1.3503538 ] ] ] } },
{ "type": "Feature", "properties": { "id": 162219029, "name": null, "forest_area_ha": 12.216173434242332, "source_layer": "natural", "source": "OSM" }, "geometry": { "type": "Polygon", "coordinates": [ [ [ 103.7513692, 1.3517789 ], [ 103.7511465, 1.3516656 ], [ 103.7509776, 1.3511346 ], [ 103.7509561, 1.3511072 ], [ 103.750881, 1.3511447 ], [ 103.7507711, 1.3512466 ], [ 103.7507389, 1.3513378 ], [ 103.7506987, 1.3514102 ], [ 103.750623600000011, 1.3515094 ], [ 103.7505149, 1.3516146 ], [ 103.750413, 1.351746 ], [ 103.7502588, 1.3518714 ], [ 103.7499999, 1.3520785 ], [ 103.7499825, 1.3521234 ], [ 103.7500603, 1.3521824 ], [ 103.7501729, 1.3523085 ], [ 103.7502293, 1.3524988 ], [ 103.7503124, 1.3528555 ], [ 103.7503258, 1.3531558 ], [ 103.7502118, 1.353261 ], [ 103.750016, 1.3532852 ], [ 103.7498323, 1.3533006 ], [ 103.7496271, 1.3533066 ], [ 103.7494367, 1.3533442 ], [ 103.7493079, 1.3533737 ], [ 103.7491068, 1.3534166 ], [ 103.7489579, 1.3534829 ], [ 103.7487836, 1.3535419 ], [ 103.7486548, 1.3535258 ], [ 103.74851, 1.3534588 ], [ 103.7484188, 1.3534588 ], [ 103.7483906, 1.3535158 ], [ 103.748389300000014, 1.3535956 ], [ 103.7483812, 1.3536653 ], [ 103.7483329, 1.3537699 ], [ 103.748223, 1.3538798 ], [ 103.748105, 1.354046 ], [ 103.7479829, 1.3541674 ], [ 103.747848800000014, 1.3544141 ], [ 103.7477324, 1.3546259 ], [ 103.7476563, 1.3548539 ], [ 103.7476745, 1.3549075 ], [ 103.747716, 1.3549604 ], [ 103.7476919, 1.355073 ], [ 103.7476651, 1.3551294 ], [ 103.7475742, 1.3551972 ], [ 103.7475542, 1.3557725 ], [ 103.7475524, 1.3562958 ], [ 103.7482686, 1.3563253 ], [ 103.7484872, 1.356275 ], [ 103.7484322, 1.3561188 ], [ 103.7484159, 1.3560823 ], [ 103.748341, 1.355915 ], [ 103.748349, 1.3554806 ], [ 103.7480406, 1.3543866 ], [ 103.748087500000011, 1.3543068 ], [ 103.7486562, 1.3540816 ], [ 103.7493589, 1.3539073 ], [ 103.7494447, 1.354339 ], [ 103.7495212, 1.3548639 ], [ 103.749607, 1.3549175 ], [ 103.7497277, 1.3549363 ], [ 103.7498484, 1.3548988 ], [ 103.7498752, 1.3548478 ], [ 103.7498457, 1.3547459 ], [ 103.7498055, 1.3546789 ], [ 103.7498403, 1.3546038 ], [ 103.7498994, 1.354577 ], [ 103.7499235, 1.3544938 ], [ 103.7499798, 1.3544215 ], [ 103.7500066, 1.3543222 ], [ 103.7500066, 1.3542364 ], [ 103.7500683, 1.354223 ], [ 103.7501743, 1.3542746 ], [ 103.7502936, 1.3542767 ], [ 103.75037810000002, 1.354213 ], [ 103.7504358, 1.3540916 ], [ 103.750468, 1.3539147 ], [ 103.7505485, 1.3537886 ], [ 103.7507778, 1.3537089 ], [ 103.751244500000013, 1.3533066 ], [ 103.7513518, 1.3531806 ], [ 103.7514912, 1.353076 ], [ 103.7515449, 1.352958 ], [ 103.7515999, 1.3528528 ], [ 103.751671, 1.352759 ], [ 103.751695, 1.3525687 ], [ 103.7517294, 1.3525601 ], [ 103.7520173, 1.3524883 ], [ 103.7521466, 1.3526791 ], [ 103.7522536, 1.3526624 ], [ 103.7523105, 1.3525397 ], [ 103.7524742, 1.3524184 ], [ 103.7526914, 1.3523621 ], [ 103.7528587, 1.3522922 ], [ 103.752965, 1.3523272 ], [ 103.7531886, 1.3523244 ], [ 103.753244, 1.3520698 ], [ 103.7532198, 1.3517616 ], [ 103.7531957, 1.3515846 ], [ 103.7532466, 1.351413 ], [ 103.75336830000002, 1.3513001 ], [ 103.7534693, 1.3512896 ], [ 103.7535149, 1.3511288 ], [ 103.75321, 1.350611 ], [ 103.7529221, 1.3500642 ], [ 103.75280410000002, 1.3497451 ], [ 103.7527353, 1.3497288 ], [ 103.7523812, 1.3499808 ], [ 103.7517044, 1.3504611 ], [ 103.751230400000011, 1.3508723 ], [ 103.7511596, 1.3509863 ], [ 103.7515721, 1.3513115 ], [ 103.7516354, 1.351633 ], [ 103.7514036, 1.3517599 ], [ 103.7513692, 1.3517789 ] ] ] } },
{ "type": "Feature", "properties": { "id": 162268274, "name": null, "forest_area_ha": 0.39420887265439974, "source_layer": "natural", "source": "OSM" }, "geometry": { "type": "Polygon", "coordinates": [ [ [ 103.8371502, 1.2436051 ], [ 103.8372205, 1.2436535 ], [ 103.8374874, 1.2437823 ], [ 103.837574600000011, 1.2437903 ], [ 103.8378602, 1.243797 ], [ 103.838166, 1.2438332 ], [ 103.838331, 1.2439016 ], [ 103.8384557, 1.243978 ], [ 103.838557, 1.2440395 ], [ 103.8386562, 1.2440784 ], [ 103.8387373, 1.2441309 ], [ 103.838800300000017, 1.2441483 ], [ 103.8388741, 1.2442019 ], [ 103.8389023, 1.2441966 ], [ 103.8389285, 1.2441682 ], [ 103.8389036, 1.2440813 ], [ 103.8388427, 1.2439845 ], [ 103.8387547, 1.2438976 ], [ 103.83865280000002, 1.2438426 ], [ 103.8385489, 1.2438049 ], [ 103.8384792, 1.2437928 ], [ 103.8383666, 1.2437874 ], [ 103.8382633, 1.2437097 ], [ 103.8382043, 1.2436533 ], [ 103.8380822, 1.2436386 ], [ 103.8376477, 1.2436466 ], [ 103.8375807, 1.2435018 ], [ 103.8374895, 1.2436091 ], [ 103.837222600000018, 1.243471 ], [ 103.8371502, 1.2436051 ] ] ] } },
{ "type": "Feature", "properties": { "id": 162377381, "name": null, "forest_area_ha": 0.80761128077916411, "source_layer": "natural", "source": "OSM" }, "geometry": { "type": "Polygon", "coordinates": [ [ [ 103.7595847, 1.3475892 ], [ 103.759627600000016, 1.3476482 ], [ 103.7596786, 1.3477394 ], [ 103.7597818, 1.3478499 ], [ 103.7598797, 1.3479083 ], [ 103.7599736, 1.3479217 ], [ 103.7601104, 1.3479137 ], [ 103.7602096, 1.3479432 ], [ 103.7603411, 1.3480665 ], [ 103.7604349, 1.3481121 ], [ 103.760502, 1.3480987 ], [ 103.760612, 1.3479995 ], [ 103.7606568, 1.3479043 ], [ 103.7606549, 1.3477474 ], [ 103.7606281, 1.3475892 ], [ 103.7605249, 1.3475093 ], [ 103.7603277, 1.3474846 ], [ 103.760333, 1.3473827 ], [ 103.7602606, 1.3473881 ], [ 103.7602579, 1.3468894 ], [ 103.7600648, 1.3468706 ], [ 103.7601145, 1.3473055 ], [ 103.7595364, 1.3473667 ], [ 103.7595847, 1.3475892 ] ] ] } },
{ "type": "Feature", "properties": { "id": 162377385, "name": null, "forest_area_ha": 0.66641822222526537, "source_layer": "natural", "source": "OSM" }, "geometry": { "type": "Polygon", "coordinates": [ [ [ 103.7604148, 1.3482502 ], [ 103.760227, 1.3480571 ], [ 103.7601654, 1.3480357 ], [ 103.7597617, 1.3479834 ], [ 103.759649, 1.3479512 ], [ 103.7594693, 1.347844 ], [ 103.7593674, 1.3477763 ], [ 103.7592333, 1.3476938 ], [ 103.7589705, 1.347665 ], [ 103.7598239, 1.3486462 ], [ 103.76015240000001, 1.3484567 ], [ 103.7604939, 1.3482582 ], [ 103.7604148, 1.3482502 ] ] ] } },
{ "type": "Feature", "properties": { "id": 163216552, "name": null, "forest_area_ha": 0.097516998821831555, "source_layer": "natural", "source": "OSM" }, "geometry": { "type": "Polygon", "coordinates": [ [ [ 103.8119257, 1.2634806 ], [ 103.811992100000012, 1.2635174 ], [ 103.8128309, 1.2635181 ], [ 103.8127873, 1.263498 ], [ 103.8126526, 1.263494 ], [ 103.812598900000012, 1.2634021 ], [ 103.811682300000015, 1.2634544 ], [ 103.8116333, 1.2634786 ], [ 103.8119257, 1.2634806 ] ] ] } },
{ "type": "Feature", "properties": { "id": 163216554, "name": null, "forest_area_ha": 0.010878794184665726, "source_layer": "natural", "source": "OSM" }, "geometry": { "type": "Polygon", "coordinates": [ [ [ 103.8114809, 1.2634362 ], [ 103.8114643, 1.2634445 ], [ 103.8114515, 1.2634581 ], [ 103.8114441, 1.2634752 ], [ 103.811443, 1.2634937 ], [ 103.8114497, 1.263514 ], [ 103.8114616, 1.2635284 ], [ 103.8114776, 1.2635378 ], [ 103.8114959, 1.2635411 ], [ 103.8115152, 1.2635377 ], [ 103.811531200000019, 1.2635282 ], [ 103.811543, 1.2635138 ], [ 103.8115491, 1.2634963 ], [ 103.8115495, 1.2634812 ], [ 103.8115441, 1.2634634 ], [ 103.811533, 1.2634485 ], [ 103.8115174, 1.2634383 ], [ 103.8114993, 1.263434 ], [ 103.8114809, 1.2634362 ] ] ] } },
{ "type": "Feature", "properties": { "id": 163502456, "name": null, "forest_area_ha": 0.95501163627469754, "source_layer": "natural", "source": "OSM" }, "geometry": { "type": "Polygon", "coordinates": [ [ [ 103.8188803, 1.250061 ], [ 103.8188642, 1.2503023 ], [ 103.8186684, 1.2506617 ], [ 103.8189259, 1.2508695 ], [ 103.8197359, 1.2508561 ], [ 103.819910300000018, 1.2508212 ], [ 103.8200659, 1.250785 ], [ 103.8201611, 1.2507421 ], [ 103.8204776, 1.2505853 ], [ 103.8204253, 1.2505008 ], [ 103.8201235, 1.2506871 ], [ 103.8200136, 1.250537 ], [ 103.8198794, 1.2506362 ], [ 103.8197775, 1.2505008 ], [ 103.8197306, 1.2504874 ], [ 103.819689, 1.2504512 ], [ 103.81965550000001, 1.2503788 ], [ 103.8196112, 1.2503452 ], [ 103.8194545, 1.2502671 ], [ 103.8194114, 1.2500784 ], [ 103.8188803, 1.250061 ] ] ] } },
{ "type": "Feature", "properties": { "id": 165822235, "name": null, "forest_area_ha": 28.127274666438847, "source_layer": "natural", "source": "OSM" }, "geometry": { "type": "Polygon", "coordinates": [ [ [ 103.8137525, 1.3066143 ], [ 103.8133158, 1.3065824 ], [ 103.8128717, 1.3067001 ], [ 103.8123065, 1.3070136 ], [ 103.8109839, 1.3078148 ], [ 103.8100988, 1.3083431 ], [ 103.8092059, 1.3089228 ], [ 103.8088089, 1.3091856 ], [ 103.8084626, 1.3097241 ], [ 103.8080271, 1.3102604 ], [ 103.8077729, 1.3108126 ], [ 103.8078082, 1.3114883 ], [ 103.8079745, 1.3119388 ], [ 103.8084093, 1.3125429 ], [ 103.8084805, 1.3127486 ], [ 103.8086504, 1.3132394 ], [ 103.808751, 1.3134919 ], [ 103.8088891, 1.3139526 ], [ 103.8101536, 1.3127121 ], [ 103.8108582, 1.3121505 ], [ 103.8112703, 1.3119798 ], [ 103.8116999, 1.3116155 ], [ 103.8119241, 1.3113916 ], [ 103.8122005, 1.3111429 ], [ 103.8125165, 1.3108465 ], [ 103.8125905, 1.3100524 ], [ 103.812653600000019, 1.3098727 ], [ 103.8128708, 1.3094786 ], [ 103.8131417, 1.3093592 ], [ 103.8135052, 1.3089114 ], [ 103.8140237, 1.3079647 ], [ 103.8145454, 1.3067611 ], [ 103.8137525, 1.3066143 ] ] ] } },
{ "type": "Feature", "properties": { "id": 168817123, "name": null, "forest_area_ha": 36.827394214625343, "source_layer": "natural", "source": "OSM" }, "geometry": { "type": "Polygon", "coordinates": [ [ [ 103.7972216, 1.347852 ], [ 103.7980193, 1.3470628 ], [ 103.7995036, 1.3459055 ], [ 103.8021965, 1.3430632 ], [ 103.804084800000012, 1.3410252 ], [ 103.8046105, 1.3403495 ], [ 103.8055225, 1.3395129 ], [ 103.8058572, 1.3389669 ], [ 103.8055568, 1.3385272 ], [ 103.8047393, 1.3383759 ], [ 103.8033789, 1.3384521 ], [ 103.8016923, 1.3383652 ], [ 103.7999671, 1.3376369 ], [ 103.7997133, 1.3385208 ], [ 103.7999254, 1.3395746 ], [ 103.8000093, 1.3405613 ], [ 103.7999006, 1.3415723 ], [ 103.7993534, 1.3426019 ], [ 103.8001709, 1.3432787 ], [ 103.7994821, 1.3443932 ], [ 103.7983771, 1.3437603 ], [ 103.7982187, 1.343848 ], [ 103.79777, 1.3446953 ], [ 103.7974127, 1.345551 ], [ 103.797540200000014, 1.346474 ], [ 103.7973712, 1.3471708 ], [ 103.797313, 1.3475031 ], [ 103.7970969, 1.3479766 ], [ 103.7972216, 1.347852 ] ], [ [ 103.799038891867681, 1.344239062037555 ], [ 103.799005942564435, 1.344218105117435 ], [ 103.798974922006224, 1.344194352791238 ], [ 103.799005942564435, 1.344218105117435 ], [ 103.799038891867681, 1.344239062037555 ], [ 103.79907352192545, 1.34425706582087 ], [ 103.799109572097137, 1.344271980963216 ], [ 103.799146771053756, 1.344283695206866 ], [ 103.799109572097137, 1.344271980963217 ], [ 103.79907352192545, 1.34425706582087 ], [ 103.799038891867681, 1.344239062037555 ] ], [ [ 103.8010671252419, 1.338311098872945 ], [ 103.8010642328004, 1.338309669938936 ], [ 103.801063994683915, 1.338309552368412 ], [ 103.801068927738882, 1.338311987886979 ], [ 103.8010671252419, 1.338311098872945 ] ], [ [ 103.801128920528882, 1.338340690492694 ], [ 103.801128819890934, 1.338340643464412 ], [ 103.801127690409587, 1.338340118013784 ], [ 103.801131455347445, 1.338341865295506 ], [ 103.801128920528882, 1.338340690492694 ] ], [ [ 103.801145387415374, 1.338348273805522 ], [ 103.80114194775345, 1.33834670107045 ], [ 103.801141240592045, 1.338346377298656 ], [ 103.801146933825564, 1.3383489810389 ], [ 103.801145387415374, 1.338348273805522 ] ], [ [ 103.801157843161377, 1.338353929864823 ], [ 103.801155004631369, 1.338352647438665 ], [ 103.801154749442219, 1.33835253167665 ], [ 103.801158138785411, 1.338354062810282 ], [ 103.801157843161377, 1.338353929864823 ] ], [ [ 103.801170325864959, 1.338359525331988 ], [ 103.801168091162623, 1.33835852869296 ], [ 103.8011677694805, 1.33835838489477 ], [ 103.80117318056918, 1.338360796001609 ], [ 103.801170325864959, 1.338359525331988 ] ], [ [ 103.801182833728987, 1.338365062920116 ], [ 103.801181205550108, 1.338364344833311 ], [ 103.801180866795434, 1.338364195608721 ], [ 103.801184122254696, 1.338365629069213 ], [ 103.801182833728987, 1.338365062920116 ] ], [ [ 103.801220525144885, 1.338381322765881 ], [ 103.801220512776766, 1.338381317557845 ], [ 103.801217153084551, 1.338379893139672 ], [ 103.801220525144885, 1.338381322765881 ] ], [ [ 103.801236918570979, 1.338388198178152 ], [ 103.801233943459422, 1.338386959159769 ], [ 103.801233123079825, 1.33838661729922 ], [ 103.801236918570979, 1.338388198178152 ] ], [ [ 103.801262639675059, 1.338398749735959 ], [ 103.801260475957235, 1.338397872474029 ], [ 103.801260143492286, 1.338397737719355 ], [ 103.801264286724432, 1.338399415369814 ], [ 103.801262639675059, 1.338398749735959 ] ], [ [ 103.801309372572604, 1.338417187627066 ], [ 103.801315269783728, 1.338419447711134 ], [ 103.80131385456086, 1.338418906882634 ], [ 103.801313764705426, 1.338418872515615 ], [ 103.801313543661081, 1.338418788406815 ], [ 103.801309372572604, 1.338417187627066 ] ], [ [ 103.801330593727755, 1.33842525302735 ], [ 103.801327263685621, 1.33842400043896 ], [ 103.801326327392061, 1.338423647724548 ], [ 103.801332274922828, 1.338425884295768 ], [ 103.801330593727755, 1.33842525302735 ] ], [ [ 103.801343406213732, 1.338430031856944 ], [ 103.801340696173838, 1.338429026168187 ], [ 103.801340405940792, 1.338428918545014 ], [ 103.801344728885738, 1.338430521135429 ], [ 103.801343406213732, 1.338430031856944 ] ], [ [ 103.801356242063079, 1.338434749190005 ], [ 103.801354153822615, 1.33843398678343 ], [ 103.80135381147339, 1.338433861072283 ], [ 103.801358097577932, 1.338435425678902 ], [ 103.801356242063079, 1.338434749190005 ] ], [ [ 103.801369100377201, 1.338439406835227 ], [ 103.801367635733413, 1.338438879571586 ], [ 103.801367295181265, 1.338438756573571 ], [ 103.801370060931944, 1.338439751410658 ], [ 103.801369100377201, 1.338439406835227 ] ], [ [ 103.801401861676567, 1.33845096323275 ], [ 103.801411131166546, 1.338454153047341 ], [ 103.801408221646469, 1.338453155495328 ], [ 103.801407801122863, 1.338453011695875 ], [ 103.801403492553263, 1.33845152667313 ], [ 103.801401861676567, 1.33845096323275 ] ], [ [ 103.801425062359016, 1.338458882151125 ], [ 103.801421797011045, 1.338457780592556 ], [ 103.80142074390487, 1.338457425163563 ], [ 103.801426045377923, 1.338459212257006 ], [ 103.801425062359016, 1.338458882151125 ] ], [ [ 103.801439540772463, 1.338463712550799 ], [ 103.801438032098901, 1.338463213321922 ], [ 103.801435493253265, 1.338462369948324 ], [ 103.801439540772463, 1.338463712550799 ] ], [ [ 103.801451021607917, 1.338467482996135 ], [ 103.801449013337759, 1.338466827305688 ], [ 103.80144866290135, 1.338466712446819 ], [ 103.801452766601528, 1.338468051864152 ], [ 103.801451021607917, 1.338467482996135 ] ], [ [ 103.801464030886052, 1.33847169207811 ], [ 103.801462655198449, 1.338471248921568 ], [ 103.801462317341787, 1.338471140393422 ], [ 103.80146786412152, 1.338472919350702 ], [ 103.801464030886052, 1.33847169207811 ] ], [ [ 103.801490107851208, 1.338479923943567 ], [ 103.801489954198274, 1.338479876010244 ], [ 103.801487626940641, 1.338479151583966 ], [ 103.801491665945719, 1.338480406894509 ], [ 103.801490107851208, 1.338479923943567 ] ], [ [ 103.80151719389751, 1.338488188379052 ], [ 103.801516260298612, 1.338487908918257 ], [ 103.801513649097217, 1.338487123895884 ], [ 103.801523051578997, 1.338489938400588 ], [ 103.801520627276986, 1.338489214877437 ], [ 103.801517431116054, 1.338488259826932 ], [ 103.80151719389751, 1.338488188379052 ] ], [ [ 103.801544585456483, 1.338496253858046 ], [ 103.801542487329783, 1.338495646097818 ], [ 103.801539610155629, 1.338494811331947 ], [ 103.801544942182957, 1.338496356960232 ], [ 103.801544585456483, 1.338496253858046 ] ], [ [ 103.801560010058083, 1.338500666453013 ], [ 103.801558726920959, 1.338500302881797 ], [ 103.801558394455455, 1.338500208823574 ], [ 103.801563566540423, 1.338501671248201 ], [ 103.801560010058083, 1.338500666453013 ] ], [ [ 103.801599937371975, 1.338511662235401 ], [ 103.801599886154307, 1.338511648669258 ], [ 103.801599554587284, 1.33851156003723 ], [ 103.801599937371975, 1.338511662235401 ] ], [ [ 103.801613463688184, 1.338515247397199 ], [ 103.801613439068888, 1.338515240981035 ], [ 103.801612773239142, 1.338515066430036 ], [ 103.801613463688184, 1.338515247397199 ] ], [ [ 103.801628896023985, 1.338519252942561 ], [ 103.801627159115768, 1.338518807068323 ], [ 103.801626920998501, 1.33851874556845 ], [ 103.801628896023985, 1.338519252942561 ] ], [ [ 103.801644976578032, 1.338523330930703 ], [ 103.801643678164893, 1.338523005342656 ], [ 103.801641246090597, 1.338522393361993 ], [ 103.801644976578032, 1.338523330930703 ] ], [ [ 103.801656949834523, 1.338526302827727 ], [ 103.801654448255022, 1.338525686018705 ], [ 103.801654110398033, 1.338525602812779 ], [ 103.801660274491212, 1.33852711951197 ], [ 103.801656949834523, 1.338526302827727 ] ], [ [ 103.801670236780467, 1.338529537911787 ], [ 103.801668117087075, 1.338529026918379 ], [ 103.801667754070465, 1.338528939190314 ], [ 103.801673432943886, 1.338530307567408 ], [ 103.801670236780467, 1.338529537911787 ] ], [ [ 103.801685294781137, 1.338533125720893 ], [ 103.801683538104186, 1.338532711499188 ], [ 103.801682157936966, 1.338532384340774 ], [ 103.801685294781137, 1.338533125720893 ] ], [ [ 103.801696853805694, 1.338535820876841 ], [ 103.801695502377441, 1.338535507044849 ], [ 103.801695153737697, 1.338535426551895 ], [ 103.801700749046191, 1.338536718056864 ], [ 103.801696853805694, 1.338535820876841 ] ], [ [ 103.801723529240633, 1.338541850620328 ], [ 103.801722734018455, 1.338541674258955 ], [ 103.801719712174133, 1.338541003181378 ], [ 103.801723529240633, 1.338541850620328 ] ], [ [ 103.801736887176958, 1.33854477098614 ], [ 103.801736702972946, 1.338544731191719 ], [ 103.80173666110079, 1.338544721959898 ], [ 103.801736887176958, 1.33854477098614 ] ], [ [ 103.801750450360728, 1.338547668205566 ], [ 103.801750448187846, 1.338547667841043 ], [ 103.80175025949103, 1.338547628046565 ], [ 103.801750450360728, 1.338547668205566 ] ], [ [ 103.801791541866251, 1.338556031935092 ], [ 103.801790452815837, 1.338555817586631 ], [ 103.801786185197457, 1.338554975927162 ], [ 103.801795783951334, 1.338556859483398 ], [ 103.801794925829896, 1.338556693069259 ], [ 103.801791814128862, 1.338556085296108 ], [ 103.801791541866251, 1.338556031935092 ] ], [ [ 103.801817310669975, 1.338560961054373 ], [ 103.80181283136551, 1.338560122650649 ], [ 103.801812746002639, 1.338560106370996 ], [ 103.801820547270751, 1.338561563402912 ], [ 103.801819453727404, 1.338561359906776 ], [ 103.801819097000447, 1.338561293883558 ], [ 103.801817310669975, 1.338560961054373 ] ], [ [ 103.801835242265653, 1.338564248650735 ], [ 103.801833292397745, 1.338563896827794 ], [ 103.801832919496761, 1.338563828995642 ], [ 103.80183932979989, 1.338564982143079 ], [ 103.801835242265653, 1.338564248650735 ] ], [ [ 103.801860673217433, 1.338568712017535 ], [ 103.801864700548848, 1.338569397577762 ], [ 103.801862176502894, 1.338568967972073 ], [ 103.801861004784882, 1.338568768996778 ], [ 103.801860988610855, 1.33856876628348 ], [ 103.801860673217433, 1.338568712017535 ] ], [ [ 103.805067171191084, 1.338477953132305 ], [ 103.805065984195792, 1.338477885291205 ], [ 103.805065848513522, 1.338477877150348 ], [ 103.805067171191084, 1.338477953132305 ] ], [ [ 103.805103701163063, 1.338480899974964 ], [ 103.805103647249595, 1.338480894548162 ], [ 103.805103130578971, 1.33848084208903 ], [ 103.805103701163063, 1.338480899974964 ] ], [ [ 103.805118860474607, 1.338482615926027 ], [ 103.805118690001521, 1.338482594927447 ], [ 103.805118560609259, 1.338482578647383 ], [ 103.805118860474607, 1.338482615926027 ] ], [ [ 103.80517113572337, 1.338490773602352 ], [ 103.805170979735536, 1.338490743855607 ], [ 103.80517085753182, 1.33849072034071 ], [ 103.80517113572337, 1.338490773602352 ] ], [ [ 103.805215313613417, 1.338500441867108 ], [ 103.805215301033627, 1.338500439153858 ], [ 103.805215081785917, 1.338500384889471 ], [ 103.805215313613417, 1.338500441867108 ] ], [ [ 103.805229974011681, 1.338504230554748 ], [ 103.80522994659907, 1.338504223183497 ], [ 103.805229785757575, 1.338504179772157 ], [ 103.805229974011681, 1.338504230554748 ] ], [ [ 103.805244580694207, 1.338508297118404 ], [ 103.805244519378206, 1.338508279425891 ], [ 103.80524433517428, 1.338508226066274 ], [ 103.805244580694207, 1.338508297118404 ] ], [ [ 103.805258956472144, 1.338512588888679 ], [ 103.805256857446309, 1.338511944052672 ], [ 103.805256558227313, 1.338511851804043 ], [ 103.805259159545713, 1.338512651292158 ], [ 103.805258956472144, 1.338512588888679 ] ], [ [ 103.805275037020508, 1.338517737620469 ], [ 103.805273429504993, 1.338517206740043 ], [ 103.805272929009661, 1.338517041235604 ], [ 103.805275037020508, 1.338517737620469 ] ], [ [ 103.805282064621395, 1.338520104423026 ], [ 103.80528060357058, 1.338519607005784 ], [ 103.805280449917618, 1.338519554550885 ], [ 103.805282309028414, 1.338520187627376 ], [ 103.805282064621395, 1.338520104423026 ] ], [ [ 103.805313362190645, 1.338531529618716 ], [ 103.805316125246506, 1.338532608557214 ], [ 103.80531610817394, 1.338532602226477 ], [ 103.805315985071942, 1.338532554293745 ], [ 103.805313741380743, 1.33853167793884 ], [ 103.805313362190645, 1.338531529618716 ] ], [ [ 103.80533041945327, 1.338538381279568 ], [ 103.805330159771017, 1.338538273657216 ], [ 103.805330014205182, 1.33853821306313 ], [ 103.80533041945327, 1.338538381279568 ] ], [ [ 103.805411916488865, 1.3385776569524 ], [ 103.8054118832424, 1.338577638864728 ], [ 103.805410551586633, 1.33857690540993 ], [ 103.80541194973533, 1.338577675040072 ], [ 103.805411916488865, 1.3385776569524 ] ], [ [ 103.805431737485776, 1.338588978842745 ], [ 103.805431674769579, 1.338588941837853 ], [ 103.805431515725758, 1.338588847782141 ], [ 103.805431737485776, 1.338588978842745 ] ], [ [ 103.805457475806307, 1.338604814632955 ], [ 103.805457444356961, 1.338604794736579 ], [ 103.805455430701343, 1.338603507802979 ], [ 103.805457475806307, 1.338604814632955 ] ], [ [ 103.805506819759643, 1.338640367570735 ], [ 103.805506554687724, 1.338640108015125 ], [ 103.805506378131355, 1.338639934756508 ], [ 103.805506819759643, 1.338640367570735 ] ], [ [ 103.805521960240085, 1.338655948469192 ], [ 103.805521911777802, 1.338655896584374 ], [ 103.805521815633156, 1.338655792581377 ], [ 103.805521960240085, 1.338655948469192 ] ], [ [ 103.805552344530099, 1.338691939713945 ], [ 103.805552419599124, 1.338692038518574 ], [ 103.805552266021095, 1.33869183784364 ], [ 103.805552344530099, 1.338691939713945 ] ], [ [ 103.805554393545719, 1.33869463659464 ], [ 103.805554507655827, 1.338694788948024 ], [ 103.805554253606587, 1.338694452409061 ], [ 103.805554393545719, 1.33869463659464 ] ], [ [ 103.805653862015191, 1.338977575378513 ], [ 103.805653859730214, 1.338977497307072 ], [ 103.805653857035594, 1.338977400540045 ], [ 103.805653862015191, 1.338977575378513 ] ], [ [ 103.805652174149444, 1.339036286483165 ], [ 103.805652176070168, 1.339036264696156 ], [ 103.805652189550244, 1.339036114571819 ], [ 103.805652174149444, 1.339036286483165 ] ], [ [ 103.805648563523434, 1.339066560862891 ], [ 103.805648729769345, 1.339065448496557 ], [ 103.805648761221207, 1.339065241397462 ], [ 103.805648563523434, 1.339066560862891 ] ], [ [ 103.805638219643598, 1.339117172595227 ], [ 103.805638234021146, 1.339117117429154 ], [ 103.80563828703842, 1.339116914852136 ], [ 103.805638219643598, 1.339117172595227 ] ], [ [ 103.805634646826775, 1.339130218915603 ], [ 103.805634813965341, 1.33912963379373 ], [ 103.805635053343934, 1.339128798413228 ], [ 103.805634646826775, 1.339130218915603 ] ], [ [ 103.805630038615931, 1.33914527627728 ], [ 103.805630048731942, 1.339145244877995 ], [ 103.805630095458611, 1.339145101084577 ], [ 103.805630038615931, 1.33914527627728 ] ], [ [ 103.805617558377648, 1.339179504772879 ], [ 103.80561758443659, 1.339179439658931 ], [ 103.805617601016166, 1.339179398785826 ], [ 103.805617558377648, 1.339179504772879 ] ], [ [ 103.805572300590129, 1.339265414354599 ], [ 103.80557320815025, 1.339264033400494 ], [ 103.805573358212186, 1.339263805502372 ], [ 103.805572180181144, 1.339265597939209 ], [ 103.805572300590129, 1.339265414354599 ] ], [ [ 103.80409960070412, 1.340961091210624 ], [ 103.804099712126899, 1.34096097454897 ], [ 103.804101332249957, 1.340959280693943 ], [ 103.80409960070412, 1.340961091210624 ] ] ] } },
{ "type": "Feature", "properties": { "id": 168817130, "name": null, "forest_area_ha": 1.4073594608226845, "source_layer": "natural", "source": "OSM" }, "geometry": { "type": "Polygon", "coordinates": [ [ [ 103.7891025, 1.3468598 ], [ 103.789764, 1.3480839 ], [ 103.7898589, 1.3480182 ], [ 103.7891562, 1.3464308 ], [ 103.78936, 1.3462699 ], [ 103.7891723, 1.3458355 ], [ 103.7890596, 1.3446664 ], [ 103.7884373, 1.3454869 ], [ 103.7891025, 1.3468598 ] ] ] } },
{ "type": "Feature", "properties": { "id": 171142598, "name": "Nibong Island", "forest_area_ha": 0.079297733197978809, "source_layer": "natural", "source": "OSM" }, "geometry": { "type": "Polygon", "coordinates": [ [ [ 103.8627842, 1.2833918 ], [ 103.8627464, 1.2834184 ], [ 103.8627391, 1.2834636 ], [ 103.8627518, 1.2835203 ], [ 103.862780200000017, 1.2836263 ], [ 103.8628232, 1.2837124 ], [ 103.8628832, 1.2837402 ], [ 103.8629404, 1.2837136 ], [ 103.8629717, 1.2836678 ], [ 103.8630168, 1.2835985 ], [ 103.8630119, 1.2835364 ], [ 103.8629095, 1.2834394 ], [ 103.8628449, 1.2833966 ], [ 103.8627842, 1.2833918 ] ] ] } },
{ "type": "Feature", "properties": { "id": 171979073, "name": "Dragonfly Island", "forest_area_ha": 0.021254499124734354, "source_layer": "natural", "source": "OSM" }, "geometry": { "type": "Polygon", "coordinates": [ [ [ 103.8623137, 1.2816285 ], [ 103.8623348, 1.2816104 ], [ 103.8623459, 1.2815937 ], [ 103.862332, 1.2815378 ], [ 103.8622962, 1.2814864 ], [ 103.8622652, 1.2814798 ], [ 103.8622399, 1.2814864 ], [ 103.8622109, 1.2815148 ], [ 103.8621894, 1.2815529 ], [ 103.8621883, 1.2815792 ], [ 103.862198300000017, 1.281603 ], [ 103.8622573, 1.2816258 ], [ 103.8623137, 1.2816285 ] ] ] } },
{ "type": "Feature", "properties": { "id": 172243875, "name": null, "forest_area_ha": 4.9421882879647772, "source_layer": "natural", "source": "OSM" }, "geometry": { "type": "Polygon", "coordinates": [ [ [ 103.8363881, 1.2869677 ], [ 103.8365115, 1.2870106 ], [ 103.8367786, 1.2878292 ], [ 103.8370721, 1.2878713 ], [ 103.8371649, 1.2876844 ], [ 103.8370388, 1.2876228 ], [ 103.8370495, 1.2872902 ], [ 103.836852100000016, 1.2871902 ], [ 103.8366351, 1.2864768 ], [ 103.8365418, 1.2864073 ], [ 103.8365238, 1.2861507 ], [ 103.8366445, 1.2858209 ], [ 103.8367288, 1.2857395 ], [ 103.8365946, 1.2854285 ], [ 103.8369754, 1.2852811 ], [ 103.8371909, 1.2855904 ], [ 103.8374619, 1.2857013 ], [ 103.8370844, 1.2852497 ], [ 103.8365404, 1.2842372 ], [ 103.8363901, 1.2843112 ], [ 103.8363201, 1.2842617 ], [ 103.836225200000015, 1.2844777 ], [ 103.8356672, 1.2842547 ], [ 103.8353227, 1.2851156 ], [ 103.8357007, 1.285304 ], [ 103.8357739, 1.2851245 ], [ 103.8359592, 1.2851981 ], [ 103.8359018, 1.2853572 ], [ 103.8359974, 1.2854923 ], [ 103.8365131, 1.2857244 ], [ 103.8364797, 1.2857992 ], [ 103.8359509, 1.2860586 ], [ 103.834944, 1.2856198 ], [ 103.8349387, 1.2858879 ], [ 103.8349816, 1.2863384 ], [ 103.8352712, 1.2874833 ], [ 103.8363881, 1.2869677 ] ] ] } },
{ "type": "Feature", "properties": { "id": 172252141, "name": null, "forest_area_ha": 3.6889416904523196, "source_layer": "natural", "source": "OSM" }, "geometry": { "type": "Polygon", "coordinates": [ [ [ 103.8372346, 1.2750518 ], [ 103.837294, 1.275124 ], [ 103.8386117, 1.2754799 ], [ 103.8387125, 1.2750599 ], [ 103.8386562, 1.2743573 ], [ 103.8385798, 1.2736087 ], [ 103.8382881, 1.2736018 ], [ 103.8382851, 1.2736948 ], [ 103.8380315, 1.2736634 ], [ 103.8380354, 1.2735528 ], [ 103.8376512, 1.2734159 ], [ 103.8376428, 1.2737986 ], [ 103.8370771, 1.2737887 ], [ 103.8370845, 1.2733959 ], [ 103.8367304, 1.2733786 ], [ 103.8367196, 1.273939 ], [ 103.8369567, 1.2739461 ], [ 103.836961, 1.2742688 ], [ 103.836556, 1.2742742 ], [ 103.8365694, 1.2744941 ], [ 103.8372346, 1.2750518 ] ] ] } },
{ "type": "Feature", "properties": { "id": 172401122, "name": null, "forest_area_ha": 2.8873077542247607, "source_layer": "natural", "source": "OSM" }, "geometry": { "type": "Polygon", "coordinates": [ [ [ 103.8081846, 1.2658573 ], [ 103.8083363, 1.2661351 ], [ 103.8084143, 1.2662408 ], [ 103.8085814, 1.266246 ], [ 103.8087106, 1.2663804 ], [ 103.8089839, 1.266785 ], [ 103.8090713, 1.2668606 ], [ 103.809448, 1.2671809 ], [ 103.8094157, 1.2668801 ], [ 103.8093345, 1.2668186 ], [ 103.8100503, 1.2657935 ], [ 103.810059600000017, 1.2657275 ], [ 103.809864300000015, 1.2654698 ], [ 103.8097543, 1.2653362 ], [ 103.809482, 1.2652127 ], [ 103.8094963, 1.265177 ], [ 103.8092979, 1.2651221 ], [ 103.8092204, 1.2651228 ], [ 103.8090659, 1.265105 ], [ 103.8087456, 1.2650316 ], [ 103.8084906, 1.2650429 ], [ 103.808276118090589, 1.265100912434014 ], [ 103.808268411459494, 1.265103468565661 ], [ 103.8082711, 1.2652134 ], [ 103.8081599, 1.2654943 ], [ 103.8081459, 1.2656411 ], [ 103.8081523, 1.2657363 ], [ 103.8081846, 1.2658573 ] ] ] } },
{ "type": "Feature", "properties": { "id": 172468358, "name": "Fragile Forest", "forest_area_ha": 3.3592138971090084, "source_layer": "natural", "source": "OSM" }, "geometry": { "type": "Polygon", "coordinates": [ [ [ 103.8622706, 1.2786203 ], [ 103.8622752, 1.2787124 ], [ 103.8623768, 1.2787983 ], [ 103.8625673, 1.2788936 ], [ 103.8627282, 1.2790279 ], [ 103.8628235, 1.2792059 ], [ 103.8628266, 1.2794292 ], [ 103.8627907, 1.2796603 ], [ 103.8626782, 1.2798789 ], [ 103.8625377, 1.2799992 ], [ 103.8624064, 1.280057 ], [ 103.8624984, 1.280225 ], [ 103.862633100000011, 1.2802448 ], [ 103.862865, 1.2801411 ], [ 103.8631853, 1.2800505 ], [ 103.8636448, 1.280119 ], [ 103.8644091, 1.2804348 ], [ 103.8646259, 1.2801402 ], [ 103.8642773, 1.2798495 ], [ 103.8639337, 1.2798519 ], [ 103.8639342, 1.2798234 ], [ 103.8642137, 1.2797845 ], [ 103.8640743, 1.2796268 ], [ 103.8639896, 1.2795466 ], [ 103.863675500000014, 1.2790819 ], [ 103.8627394, 1.2776167 ], [ 103.862330500000013, 1.277926 ], [ 103.862294, 1.2781503 ], [ 103.8622706, 1.2786203 ] ] ] } },
{ "type": "Feature", "properties": { "id": 173191782, "name": null, "forest_area_ha": 2.5597063166590486, "source_layer": "natural", "source": "OSM" }, "geometry": { "type": "Polygon", "coordinates": [ [ [ 103.964822, 1.3685354 ], [ 103.964572500000017, 1.3688974 ], [ 103.9643848, 1.36951 ], [ 103.9652686, 1.3703912 ], [ 103.9654698, 1.3701832 ], [ 103.9655904, 1.3700571 ], [ 103.9655616, 1.3697755 ], [ 103.9654013, 1.3697709 ], [ 103.9649293, 1.3693519 ], [ 103.9656883, 1.3685462 ], [ 103.9659133, 1.368575 ], [ 103.9662295, 1.3687808 ], [ 103.9668055, 1.3693721 ], [ 103.966544, 1.3696107 ], [ 103.9668591, 1.3699848 ], [ 103.9674103, 1.3694377 ], [ 103.9655355, 1.3681975 ], [ 103.965341, 1.368093 ], [ 103.9652123, 1.3680997 ], [ 103.9651372, 1.3681184 ], [ 103.9650661, 1.3681774 ], [ 103.964822, 1.3685354 ] ], [ [ 103.965005477118567, 1.368458772004099 ], [ 103.965009455608111, 1.368452038810019 ], [ 103.96503269131648, 1.368412714966834 ], [ 103.965035906094059, 1.368407274148058 ], [ 103.965080055824615, 1.36833255604186 ], [ 103.965114076039328, 1.36827498067469 ], [ 103.965135453678897, 1.368238804112861 ], [ 103.965191008174571, 1.368216283334273 ], [ 103.965135454577464, 1.368238804112811 ], [ 103.965080057621805, 1.368332556946121 ], [ 103.965035906992668, 1.368407275052368 ], [ 103.965032692215104, 1.368412715871145 ], [ 103.965009456506735, 1.36845203971433 ], [ 103.965005478017176, 1.36845877290841 ], [ 103.964994855234295, 1.368476750400939 ], [ 103.964948468272084, 1.368555255192783 ], [ 103.964875319940475, 1.368679047383166 ], [ 103.964874678406261, 1.368679836926518 ], [ 103.964875319041909, 1.368679047383216 ], [ 103.964948467373461, 1.368555254288456 ], [ 103.964994854335686, 1.368476749496628 ], [ 103.965005477118567, 1.368458772004099 ] ] ] } },
{ "type": "Feature", "properties": { "id": 173552525, "name": null, "forest_area_ha": 0.071450826716460622, "source_layer": "natural", "source": "OSM" }, "geometry": { "type": "Polygon", "coordinates": [ [ [ 103.7610942, 1.3003208 ], [ 103.7611356, 1.3002999 ], [ 103.7611917, 1.3002451 ], [ 103.7612238, 1.3001755 ], [ 103.7611922, 1.3001049 ], [ 103.7611328, 1.3000599 ], [ 103.7610441, 1.3000576 ], [ 103.7609578, 1.3001054 ], [ 103.7609239, 1.3001398 ], [ 103.7609271, 1.3001964 ], [ 103.7609601, 1.3002586 ], [ 103.761017600000017, 1.3003152 ], [ 103.7610942, 1.3003208 ] ] ] } },
{ "type": "Feature", "properties": { "id": 173623405, "name": null, "forest_area_ha": 0.088082133114268962, "source_layer": "natural", "source": "OSM" }, "geometry": { "type": "Polygon", "coordinates": [ [ [ 103.8162546, 1.3217388 ], [ 103.8163212, 1.3216996 ], [ 103.8163723, 1.3216164 ], [ 103.8164424, 1.3215487 ], [ 103.816402, 1.3214774 ], [ 103.8163652, 1.3214477 ], [ 103.8163307, 1.3214572 ], [ 103.816257, 1.3214263 ], [ 103.8162071, 1.3214382 ], [ 103.8161572, 1.3215131 ], [ 103.8161061, 1.321563 ], [ 103.8160989, 1.3216366 ], [ 103.816147700000016, 1.3217162 ], [ 103.8161976, 1.3217543 ], [ 103.8162546, 1.3217388 ] ] ] } },
{ "type": "Feature", "properties": { "id": 173845990, "name": "Kampong Teban Forest", "forest_area_ha": 74.858813353625891, "source_layer": "natural", "source": "OSM" }, "geometry": { "type": "Polygon", "coordinates": [ [ [ 103.905682, 1.3804317 ], [ 103.9057247, 1.3805773 ], [ 103.9057032, 1.3807274 ], [ 103.905435, 1.3809205 ], [ 103.9053766, 1.3827829 ], [ 103.9056128, 1.3833107 ], [ 103.9059961, 1.38377 ], [ 103.906692, 1.384327 ], [ 103.9073082, 1.3845986 ], [ 103.90923140000001, 1.3849671 ], [ 103.9095082, 1.3849966 ], [ 103.9098155, 1.3850027 ], [ 103.9101252, 1.3849631 ], [ 103.9109564, 1.384717 ], [ 103.9111859, 1.3845128 ], [ 103.9118458, 1.3843519 ], [ 103.913170800000017, 1.3843627 ], [ 103.9141683, 1.3848139 ], [ 103.9147211, 1.3846254 ], [ 103.9147476, 1.3847871 ], [ 103.9145333, 1.3852851 ], [ 103.9158959, 1.3836923 ], [ 103.9164323, 1.3828825 ], [ 103.9162607, 1.3820191 ], [ 103.9156706, 1.3819011 ], [ 103.915665, 1.3809688 ], [ 103.9148176, 1.3803298 ], [ 103.9148016, 1.3797399 ], [ 103.911416300000013, 1.3775419 ], [ 103.9108692, 1.3770753 ], [ 103.9100645, 1.3762334 ], [ 103.9098341, 1.3767313 ], [ 103.9087234, 1.3782498 ], [ 103.9077313, 1.379209 ], [ 103.9063258, 1.3799973 ], [ 103.9054782, 1.3803995 ], [ 103.905682, 1.3804317 ] ] ] } },
{ "type": "Feature", "properties": { "id": 174726338, "name": null, "forest_area_ha": 4.3984039317735979, "source_layer": "natural", "source": "OSM" }, "geometry": { "type": "Polygon", "coordinates": [ [ [ 104.0031296, 1.3738459 ], [ 104.0027671, 1.3739449 ], [ 104.002958, 1.3744355 ], [ 104.0030686, 1.3744882 ], [ 104.004108200000019, 1.3740313 ], [ 104.0043152, 1.373874 ], [ 104.0045101, 1.3732488 ], [ 104.0045382, 1.3727907 ], [ 104.0040069, 1.3726544 ], [ 104.0039857, 1.3720304 ], [ 104.0036572, 1.3720289 ], [ 104.0036528, 1.3715334 ], [ 104.001762, 1.3719876 ], [ 104.001519, 1.3722544 ], [ 104.0031048, 1.3722936 ], [ 104.0031296, 1.3738459 ] ] ] } },
{ "type": "Feature", "properties": { "id": 174774041, "name": null, "forest_area_ha": 0.53084503323202614, "source_layer": "natural", "source": "OSM" }, "geometry": { "type": "Polygon", "coordinates": [ [ [ 103.772974800000014, 1.295716 ], [ 103.7731944, 1.2952494 ], [ 103.7727826, 1.2949531 ], [ 103.7727442, 1.2949379 ], [ 103.7727059, 1.2949268 ], [ 103.7726489, 1.2949196 ], [ 103.7725945, 1.2949259 ], [ 103.7725415, 1.2949435 ], [ 103.7724961, 1.2949703 ], [ 103.7724658, 1.2950012 ], [ 103.7724396, 1.2950358 ], [ 103.7724226, 1.2950743 ], [ 103.772426300000021, 1.2951079 ], [ 103.772435500000014, 1.2951391 ], [ 103.7726724, 1.2958276 ], [ 103.772974800000014, 1.295716 ] ] ] } },
{ "type": "Feature", "properties": { "id": 174774799, "name": null, "forest_area_ha": 4.1067198136953262, "source_layer": "natural", "source": "OSM" }, "geometry": { "type": "Polygon", "coordinates": [ [ [ 103.7761015, 1.293641 ], [ 103.7761685, 1.293488 ], [ 103.7759376, 1.2929104 ], [ 103.777081, 1.2924335 ], [ 103.7772803, 1.292911 ], [ 103.777927700000021, 1.2927352 ], [ 103.7781366, 1.2926784 ], [ 103.7786025, 1.2926467 ], [ 103.7787163, 1.2928266 ], [ 103.7790498, 1.2927075 ], [ 103.7788963, 1.2925355 ], [ 103.7791928, 1.2921835 ], [ 103.7795899, 1.2921385 ], [ 103.7789757, 1.2914875 ], [ 103.779296, 1.2910243 ], [ 103.7787666, 1.2905691 ], [ 103.7783722, 1.2910111 ], [ 103.7787666, 1.2913128 ], [ 103.7785575, 1.2915378 ], [ 103.7782716, 1.2916225 ], [ 103.778036, 1.2914425 ], [ 103.7778639, 1.2919136 ], [ 103.7775198, 1.2919586 ], [ 103.7768421, 1.2918077 ], [ 103.7770089, 1.2923238 ], [ 103.7758494, 1.2926572 ], [ 103.7756085, 1.2929775 ], [ 103.7756953, 1.2932788 ], [ 103.7755738, 1.2933156 ], [ 103.7756665, 1.2936384 ], [ 103.7761015, 1.293641 ] ] ] } },
{ "type": "Feature", "properties": { "id": 176908008, "name": null, "forest_area_ha": 0.016498709813208806, "source_layer": "natural", "source": "OSM" }, "geometry": { "type": "Polygon", "coordinates": [ [ [ 103.8243097, 1.2543508 ], [ 103.8242947, 1.2543268 ], [ 103.8242459, 1.2543056 ], [ 103.8241786, 1.2543012 ], [ 103.8241326, 1.2542657 ], [ 103.8240812, 1.2542551 ], [ 103.8240989, 1.2543083 ], [ 103.8240918, 1.2543667 ], [ 103.8243097, 1.2543508 ] ] ] } },
{ "type": "Feature", "properties": { "id": 186498924, "name": null, "forest_area_ha": 0.51239391972293924, "source_layer": "natural", "source": "OSM" }, "geometry": { "type": "Polygon", "coordinates": [ [ [ 103.7577686, 1.4214805 ], [ 103.7581971, 1.4205523 ], [ 103.7584022, 1.4201677 ], [ 103.75831, 1.4201055 ], [ 103.7578838, 1.4201999 ], [ 103.7577271, 1.4210867 ], [ 103.7576926, 1.4211857 ], [ 103.7576419, 1.4212732 ], [ 103.7575682, 1.4213515 ], [ 103.7577686, 1.4214805 ] ] ] } },
{ "type": "Feature", "properties": { "id": 186500507, "name": null, "forest_area_ha": 1.6635693282376185, "source_layer": "natural", "source": "OSM" }, "geometry": { "type": "Polygon", "coordinates": [ [ [ 103.7580009, 1.4172602 ], [ 103.7579226, 1.4172095 ], [ 103.757812, 1.4169585 ], [ 103.7576991, 1.4168272 ], [ 103.7576207, 1.4168226 ], [ 103.757466400000013, 1.4167328 ], [ 103.757180700000021, 1.4164725 ], [ 103.7569618, 1.4165439 ], [ 103.7568167, 1.4168802 ], [ 103.7568328, 1.4170022 ], [ 103.7568582, 1.4173592 ], [ 103.757007900000019, 1.4175481 ], [ 103.757107, 1.4177531 ], [ 103.7573381, 1.4178008 ], [ 103.7582362, 1.4178602 ], [ 103.7586502, 1.4178816 ], [ 103.7585501, 1.4177866 ], [ 103.7584589, 1.4176993 ], [ 103.7581669, 1.4173955 ], [ 103.7580009, 1.4172602 ] ] ] } },
{ "type": "Feature", "properties": { "id": 186500561, "name": null, "forest_area_ha": 0.21547007033693602, "source_layer": "natural", "source": "OSM" }, "geometry": { "type": "Polygon", "coordinates": [ [ [ 103.7562405, 1.4166988 ], [ 103.7565696, 1.4170392 ], [ 103.7567602, 1.4171336 ], [ 103.7567325, 1.4168128 ], [ 103.756638, 1.4167004 ], [ 103.7565191, 1.4166467 ], [ 103.7564816, 1.4165636 ], [ 103.7563562, 1.4165147 ], [ 103.7561086, 1.4165441 ], [ 103.7562405, 1.4166988 ] ] ] } },
{ "type": "Feature", "properties": { "id": 186500819, "name": null, "forest_area_ha": 1.1082525527788207, "source_layer": "natural", "source": "OSM" }, "geometry": { "type": "Polygon", "coordinates": [ [ [ 103.7556057, 1.414381 ], [ 103.755594200000019, 1.414457 ], [ 103.7556748, 1.4145468 ], [ 103.75579, 1.4144708 ], [ 103.7558223, 1.4143879 ], [ 103.7558983, 1.4143925 ], [ 103.7559006, 1.4145146 ], [ 103.7560043, 1.4145284 ], [ 103.7560181, 1.4146067 ], [ 103.7561817, 1.414609 ], [ 103.7563406, 1.4148555 ], [ 103.7564121, 1.4148785 ], [ 103.7564743, 1.4148439 ], [ 103.7565342, 1.4148831 ], [ 103.7565203, 1.4149729 ], [ 103.7567231, 1.4150812 ], [ 103.7569005, 1.4151272 ], [ 103.7569627, 1.4150927 ], [ 103.7571101, 1.4149936 ], [ 103.7572668, 1.4148094 ], [ 103.7572161, 1.414662 ], [ 103.7571032, 1.4145583 ], [ 103.7569535, 1.4145077 ], [ 103.7569051, 1.4145376 ], [ 103.7568498, 1.4146044 ], [ 103.7567415, 1.4145238 ], [ 103.7566609, 1.4143741 ], [ 103.756601, 1.4142382 ], [ 103.7564328, 1.4140954 ], [ 103.75623, 1.4140033 ], [ 103.7560803, 1.4139319 ], [ 103.756025, 1.413971 ], [ 103.7560043, 1.4140493 ], [ 103.7558522, 1.4142175 ], [ 103.7558061, 1.4141806 ], [ 103.7558545, 1.4140493 ], [ 103.7557877, 1.4140148 ], [ 103.7557508, 1.4140516 ], [ 103.7557554, 1.4141299 ], [ 103.7557186, 1.4141576 ], [ 103.7556287, 1.4141392 ], [ 103.7556057, 1.4141944 ], [ 103.7556057, 1.414381 ] ] ] } },
{ "type": "Feature", "properties": { "id": 186501275, "name": null, "forest_area_ha": 0.09794431731273856, "source_layer": "natural", "source": "OSM" }, "geometry": { "type": "Polygon", "coordinates": [ [ [ 103.756637400000017, 1.4196019 ], [ 103.7568128, 1.4191851 ], [ 103.7567281, 1.4191306 ], [ 103.7566249, 1.4191924 ], [ 103.7566159, 1.419243 ], [ 103.7566417, 1.4192901 ], [ 103.75659, 1.419339 ], [ 103.7565444, 1.4193962 ], [ 103.75648, 1.4194383 ], [ 103.7564255, 1.4195019 ], [ 103.7564408, 1.4195634 ], [ 103.7565641, 1.4195724 ], [ 103.756637400000017, 1.4196019 ] ] ] } },
{ "type": "Feature", "properties": { "id": 186501632, "name": null, "forest_area_ha": 0.091515361507221296, "source_layer": "natural", "source": "OSM" }, "geometry": { "type": "Polygon", "coordinates": [ [ [ 103.7566378, 1.4189206 ], [ 103.7566609, 1.4189759 ], [ 103.7567784, 1.4190104 ], [ 103.7568751, 1.4189667 ], [ 103.7569373, 1.4189229 ], [ 103.7569737, 1.4189099 ], [ 103.7570009, 1.4188407 ], [ 103.7569949, 1.4187778 ], [ 103.7569466, 1.4187179 ], [ 103.7568475, 1.4187225 ], [ 103.7567646, 1.4187525 ], [ 103.7567231, 1.4187939 ], [ 103.7566332, 1.4188584 ], [ 103.7566378, 1.4189206 ] ] ] } },
{ "type": "Feature", "properties": { "id": 203981475, "name": null, "forest_area_ha": 14.093497646133494, "source_layer": "natural", "source": "OSM" }, "geometry": { "type": "Polygon", "coordinates": [ [ [ 103.7403708, 1.4208904 ], [ 103.7404103, 1.4209164 ], [ 103.740475, 1.4209184 ], [ 103.740567, 1.4209519 ], [ 103.7408883, 1.4212239 ], [ 103.7410572, 1.4214638 ], [ 103.7411657, 1.4215828 ], [ 103.7413195, 1.4217087 ], [ 103.741471, 1.4217597 ], [ 103.7416852, 1.4219107 ], [ 103.741933500000016, 1.4221519 ], [ 103.7420185, 1.4224485 ], [ 103.7422247, 1.4225635 ], [ 103.742445, 1.4227973 ], [ 103.742747, 1.4229629 ], [ 103.742896, 1.4232051 ], [ 103.7431127, 1.4234861 ], [ 103.7433739, 1.423826 ], [ 103.7437261, 1.4240735 ], [ 103.7439676, 1.4244626 ], [ 103.7439603, 1.4245642 ], [ 103.7438798, 1.424687 ], [ 103.743901800000017, 1.4248405 ], [ 103.7439845, 1.4248703 ], [ 103.7441676, 1.4248085 ], [ 103.7443524, 1.4250257 ], [ 103.7442222, 1.4251997 ], [ 103.7442392, 1.4252423 ], [ 103.7443261, 1.4251627 ], [ 103.7443874, 1.4252883 ], [ 103.7442655, 1.4254295 ], [ 103.7443601, 1.4257358 ], [ 103.7445475, 1.4260415 ], [ 103.7449961, 1.4265216 ], [ 103.7449987, 1.4266907 ], [ 103.745138, 1.4267659 ], [ 103.7451223, 1.4268759 ], [ 103.7453183, 1.4270422 ], [ 103.7453088, 1.4271413 ], [ 103.7454871, 1.4273103 ], [ 103.7457579, 1.427562 ], [ 103.7458703, 1.4275542 ], [ 103.7462465, 1.4277526 ], [ 103.74660830000002, 1.427962 ], [ 103.746677800000015, 1.4281706 ], [ 103.7468553, 1.4283984 ], [ 103.7467778, 1.4289314 ], [ 103.7464759, 1.4297691 ], [ 103.7463562, 1.4303564 ], [ 103.7464274, 1.4308436 ], [ 103.7466068, 1.4310634 ], [ 103.7469351, 1.4309223 ], [ 103.746784, 1.4301352 ], [ 103.7470773, 1.4293155 ], [ 103.74728140000002, 1.4287316 ], [ 103.7473664, 1.4280529 ], [ 103.7472237, 1.4273076 ], [ 103.7469348, 1.4267979 ], [ 103.7465593, 1.426278 ], [ 103.7462859, 1.4259046 ], [ 103.7458302, 1.425275 ], [ 103.7453046, 1.4245456 ], [ 103.744896800000021, 1.4239853 ], [ 103.744449, 1.423358 ], [ 103.7438877, 1.422799 ], [ 103.7435781, 1.4224589 ], [ 103.7434687, 1.4224589 ], [ 103.743094, 1.4223414 ], [ 103.7429706, 1.4221496 ], [ 103.7427354, 1.4217731 ], [ 103.7426399, 1.4216105 ], [ 103.7425901, 1.4215069 ], [ 103.7425942, 1.4214317 ], [ 103.7426084, 1.4213443 ], [ 103.742628700000012, 1.4212488 ], [ 103.742684600000018, 1.4212244 ], [ 103.7427354, 1.4212996 ], [ 103.7426958, 1.4213473 ], [ 103.7426704, 1.4214164 ], [ 103.7426602, 1.4215231 ], [ 103.7426897, 1.421582 ], [ 103.7427517, 1.4216156 ], [ 103.7428798, 1.4216125 ], [ 103.7430389, 1.4215122 ], [ 103.7428844, 1.4211583 ], [ 103.741194, 1.4213996 ], [ 103.7403339, 1.4206866 ], [ 103.7402788, 1.4207657 ], [ 103.7403708, 1.4208904 ] ] ] } },
{ "type": "Feature", "properties": { "id": 213598449, "name": null, "forest_area_ha": 22.288743405258607, "source_layer": "natural", "source": "OSM" }, "geometry": { "type": "Polygon", "coordinates": [ [ [ 103.9668055, 1.3798918 ], [ 103.9667601, 1.3793163 ], [ 103.9654301, 1.3761148 ], [ 103.96506, 1.3762141 ], [ 103.9647442, 1.3760078 ], [ 103.964210400000013, 1.3745878 ], [ 103.9640484, 1.3743375 ], [ 103.9638792, 1.3743446 ], [ 103.9636304, 1.3746755 ], [ 103.9634136, 1.3747153 ], [ 103.963203, 1.3748486 ], [ 103.9622925, 1.3752291 ], [ 103.9615936, 1.3753026 ], [ 103.9621784, 1.3778958 ], [ 103.9623696, 1.3778525 ], [ 103.9622549, 1.3774224 ], [ 103.9629341, 1.3772465 ], [ 103.9631401, 1.3782068 ], [ 103.9624955, 1.3783551 ], [ 103.9624017, 1.3779818 ], [ 103.9622082, 1.3780282 ], [ 103.9623031, 1.3785544 ], [ 103.9624293, 1.3785979 ], [ 103.9623964, 1.3793105 ], [ 103.9626471, 1.379414 ], [ 103.9629697, 1.3793573 ], [ 103.9634092, 1.3791166 ], [ 103.9636664, 1.3790605 ], [ 103.964757, 1.3792758 ], [ 103.9648299, 1.3795391 ], [ 103.9650734, 1.3797007 ], [ 103.9650263, 1.3810915 ], [ 103.965615959740461, 1.381415036637448 ], [ 103.965692921235444, 1.381307950112608 ], [ 103.96598761222333, 1.380897907710673 ], [ 103.966044460184179, 1.380829461515065 ], [ 103.966050749794789, 1.380822361921884 ], [ 103.966224245112372, 1.380610654646647 ], [ 103.966542289579209, 1.380712411345539 ], [ 103.9668055, 1.3798918 ] ] ] } },
{ "type": "Feature", "properties": { "id": 218215456, "name": null, "forest_area_ha": 17.734185196758098, "source_layer": "natural", "source": "OSM" }, "geometry": { "type": "Polygon", "coordinates": [ [ [ 103.9240913, 1.4030024 ], [ 103.9242421, 1.4028785 ], [ 103.9243967, 1.402706 ], [ 103.9244757, 1.4025265 ], [ 103.9245013, 1.4023224 ], [ 103.924394, 1.401204 ], [ 103.9253878, 1.4004824 ], [ 103.9255105, 1.4002741 ], [ 103.9255149, 1.4000224 ], [ 103.9254104, 1.3997768 ], [ 103.9253658, 1.3996252 ], [ 103.9244911, 1.399104 ], [ 103.9240737, 1.3994089 ], [ 103.9239537, 1.3995111 ], [ 103.923933300000016, 1.3994852 ], [ 103.9239174, 1.3994651 ], [ 103.9240268, 1.3993366 ], [ 103.92422, 1.399159 ], [ 103.924334, 1.3990208 ], [ 103.923221600000019, 1.3983823 ], [ 103.9224025, 1.3990835 ], [ 103.9215908, 1.399728 ], [ 103.9210206, 1.4001228 ], [ 103.9217235, 1.4009914 ], [ 103.9209379, 1.4015535 ], [ 103.9222613, 1.4033836 ], [ 103.9227072, 1.4037322 ], [ 103.9240913, 1.4030024 ] ], [ [ 103.922182937423543, 1.400416992405499 ], [ 103.922124834886489, 1.400477744593588 ], [ 103.922066038353478, 1.400537816659246 ], [ 103.922124834886489, 1.400477744593587 ], [ 103.922182937423543, 1.400416992405498 ], [ 103.922240338198236, 1.400355568215537 ], [ 103.922182937423543, 1.400416992405499 ] ], [ [ 103.922372533574332, 1.400208500372039 ], [ 103.922314094603394, 1.400274507753292 ], [ 103.922254864959271, 1.400339797379808 ], [ 103.922314094603394, 1.40027450775329 ], [ 103.922372533574332, 1.400208500372037 ], [ 103.922430173285846, 1.400141784934306 ], [ 103.922372533574332, 1.400208500372039 ] ], [ [ 103.922130987314986, 1.402484494487089 ], [ 103.922129641455669, 1.402482801169227 ], [ 103.922128340960924, 1.402481072318214 ], [ 103.922129641455669, 1.402482801169227 ], [ 103.922130987314986, 1.402484494487088 ], [ 103.922132377580823, 1.402486151066423 ], [ 103.922130987314986, 1.402484494487089 ] ], [ [ 103.923479528906512, 1.400572686640033 ], [ 103.923510867998587, 1.400638381330301 ], [ 103.923535974902038, 1.400706734207072 ], [ 103.923554630216231, 1.400777147957955 ], [ 103.923535974902038, 1.400706734207072 ], [ 103.923510867998587, 1.400638381330301 ], [ 103.923479528906512, 1.400572686640033 ], [ 103.923442231487414, 1.400510224219681 ], [ 103.923399301670671, 1.40045153990696 ], [ 103.923442231487414, 1.400510224219681 ], [ 103.923479528906512, 1.400572686640033 ] ], [ [ 103.92298638871938, 1.40028725184894 ], [ 103.92298541408914, 1.400289868996924 ], [ 103.922984477489777, 1.400292500173056 ], [ 103.922985414089126, 1.400289868996922 ], [ 103.92298638871938, 1.400287251848938 ], [ 103.922987401173174, 1.400284649285865 ], [ 103.92298638871938, 1.40028725184894 ] ], [ [ 103.923254530744785, 1.400654403604206 ], [ 103.923261397704195, 1.400665736061266 ], [ 103.923267987185781, 1.400677234176379 ], [ 103.923261397704195, 1.400665736061268 ], [ 103.923254530744785, 1.400654403604208 ], [ 103.923247390416705, 1.400643243586505 ], [ 103.923254530744785, 1.400654403604206 ] ] ] } },
{ "type": "Feature", "properties": { "id": 229239647, "name": null, "forest_area_ha": 2.5603127135544841, "source_layer": "natural", "source": "OSM" }, "geometry": { "type": "Polygon", "coordinates": [ [ [ 103.9084017, 1.3003963 ], [ 103.9086498, 1.3003721 ], [ 103.9088864, 1.3002256 ], [ 103.9091123, 1.3000631 ], [ 103.9092668, 1.299919 ], [ 103.909339100000011, 1.299691 ], [ 103.9094035, 1.2990193 ], [ 103.9088483, 1.2987431 ], [ 103.9084131, 1.298679 ], [ 103.9080653, 1.2987225 ], [ 103.9080304, 1.2988123 ], [ 103.9079871, 1.2993297 ], [ 103.9078093, 1.2997355 ], [ 103.9079508, 1.300186 ], [ 103.9080756, 1.3002169 ], [ 103.9080433, 1.3003157 ], [ 103.9084017, 1.3003963 ] ] ] } },
{ "type": "Feature", "properties": { "id": 229239655, "name": null, "forest_area_ha": 2.1073773145456096, "source_layer": "natural", "source": "OSM" }, "geometry": { "type": "Polygon", "coordinates": [ [ [ 103.9046972, 1.2991252 ], [ 103.9048391, 1.2991898 ], [ 103.905338, 1.29934 ], [ 103.9054232, 1.2993366 ], [ 103.9055739, 1.298761 ], [ 103.9055163, 1.2987459 ], [ 103.9055689, 1.298545 ], [ 103.9056812, 1.2981683 ], [ 103.9047591, 1.297881 ], [ 103.9044327, 1.2976554 ], [ 103.9040339, 1.2989049 ], [ 103.9046972, 1.2991252 ] ] ] } },
{ "type": "Feature", "properties": { "id": 229630029, "name": null, "forest_area_ha": 1.1195925370222433, "source_layer": "natural", "source": "OSM" }, "geometry": { "type": "Polygon", "coordinates": [ [ [ 103.9594019, 1.3139875 ], [ 103.9596916, 1.3144326 ], [ 103.9599759, 1.3146579 ], [ 103.9605177, 1.3148349 ], [ 103.9607957, 1.3145763 ], [ 103.9608686, 1.3143989 ], [ 103.9609161, 1.3143492 ], [ 103.9609798, 1.3143227 ], [ 103.9610366, 1.3143163 ], [ 103.9610831, 1.3142141 ], [ 103.9607837, 1.3141004 ], [ 103.960761, 1.314287 ], [ 103.9603613, 1.3142414 ], [ 103.9600509, 1.314197 ], [ 103.9600997, 1.3140215 ], [ 103.960133, 1.3138821 ], [ 103.9593429, 1.3135531 ], [ 103.9594019, 1.3139875 ] ] ] } },
{ "type": "Feature", "properties": { "id": 229630134, "name": null, "forest_area_ha": 9.2924751243426122, "source_layer": "natural", "source": "OSM" }, "geometry": { "type": "Polygon", "coordinates": [ [ [ 103.9391357, 1.3099635 ], [ 103.939313100000021, 1.3100083 ], [ 103.9394115, 1.3100266 ], [ 103.9395098, 1.31004 ], [ 103.9396964, 1.3100518 ], [ 103.9397946, 1.3100524 ], [ 103.9398883, 1.3100512 ], [ 103.9400463, 1.3100448 ], [ 103.9400853, 1.3100446 ], [ 103.9401232, 1.3100468 ], [ 103.9401608, 1.3100539 ], [ 103.940198800000019, 1.3100655 ], [ 103.9402326, 1.3100788 ], [ 103.9402563, 1.3100909 ], [ 103.9402756, 1.3101051 ], [ 103.9402959, 1.3101229 ], [ 103.940310100000019, 1.3101377 ], [ 103.9403236, 1.3101539 ], [ 103.940333400000014, 1.3101681 ], [ 103.9403425, 1.3101845 ], [ 103.940376400000019, 1.3102601 ], [ 103.9403891, 1.3102819 ], [ 103.9404054, 1.3103013 ], [ 103.9404269, 1.3103163 ], [ 103.9404501, 1.3103275 ], [ 103.9418348, 1.3107408 ], [ 103.943146, 1.3110913 ], [ 103.9435443, 1.3111918 ], [ 103.9438762, 1.3112602 ], [ 103.944217, 1.3113158 ], [ 103.9449476, 1.3110161 ], [ 103.9451809, 1.3104143 ], [ 103.9450475, 1.3103633 ], [ 103.9449805, 1.3105365 ], [ 103.9447588, 1.3104473 ], [ 103.9448255, 1.3102777 ], [ 103.9440153, 1.3099656 ], [ 103.9439402, 1.3101175 ], [ 103.9436206, 1.3102085 ], [ 103.9435041, 1.3103232 ], [ 103.943190200000018, 1.3103041 ], [ 103.9430901, 1.3103685 ], [ 103.9429012, 1.3103485 ], [ 103.9428489, 1.3101713 ], [ 103.942918, 1.3100558 ], [ 103.9430199, 1.3099734 ], [ 103.9429614, 1.3098428 ], [ 103.9427333, 1.3098399 ], [ 103.9428081, 1.3094678 ], [ 103.94233340000001, 1.3092931 ], [ 103.9423505, 1.3096924 ], [ 103.9421812, 1.3096534 ], [ 103.9421243, 1.3092374 ], [ 103.9399333, 1.3083989 ], [ 103.9398605, 1.3085755 ], [ 103.9400171, 1.3086431 ], [ 103.9399246, 1.3088573 ], [ 103.9395153, 1.3086831 ], [ 103.939419, 1.3089181 ], [ 103.9392789, 1.3094593 ], [ 103.9391842, 1.3096884 ], [ 103.9391642, 1.3098665 ], [ 103.9391357, 1.3099635 ] ] ] } },
{ "type": "Feature", "properties": { "id": 234156246, "name": null, "forest_area_ha": 28.351609332976981, "source_layer": "natural", "source": "OSM" }, "geometry": { "type": "Polygon", "coordinates": [ [ [ 103.8189938, 1.4598934 ], [ 103.819052700000015, 1.4600106 ], [ 103.8201815, 1.4587204 ], [ 103.8207793, 1.4597471 ], [ 103.8212341, 1.459517 ], [ 103.8213637, 1.458431 ], [ 103.8215839, 1.4575162 ], [ 103.8225763, 1.4587764 ], [ 103.8234486, 1.4584718 ], [ 103.826576, 1.4592762 ], [ 103.8261329, 1.4582348 ], [ 103.8256931, 1.4579506 ], [ 103.8247704, 1.4583206 ], [ 103.8232362, 1.4580846 ], [ 103.8229518, 1.4583045 ], [ 103.8227587, 1.458342 ], [ 103.8218199, 1.4572775 ], [ 103.8225495, 1.4569075 ], [ 103.8244485, 1.4570711 ], [ 103.8249721, 1.4572223 ], [ 103.8253798, 1.4566056 ], [ 103.8260101, 1.4567155 ], [ 103.826251, 1.4564759 ], [ 103.826996600000015, 1.4564276 ], [ 103.8269955, 1.4556906 ], [ 103.8267204, 1.4554863 ], [ 103.8263224, 1.4551711 ], [ 103.8265138, 1.4547812 ], [ 103.8259586, 1.4540305 ], [ 103.8257253, 1.4541591 ], [ 103.825564400000019, 1.453789 ], [ 103.8256341, 1.4536737 ], [ 103.8255134, 1.4535785 ], [ 103.8253981, 1.4536576 ], [ 103.8251875, 1.4539405 ], [ 103.82469, 1.4536027 ], [ 103.8245626, 1.4533935 ], [ 103.8245277, 1.453167 ], [ 103.8246444, 1.4526134 ], [ 103.8246725, 1.4523478 ], [ 103.824572, 1.4520207 ], [ 103.8244767, 1.4519524 ], [ 103.8242139, 1.4534378 ], [ 103.8228499, 1.4552799 ], [ 103.8213029, 1.453948 ], [ 103.8202428, 1.4556232 ], [ 103.821312, 1.4572818 ], [ 103.8206333, 1.457896 ], [ 103.8195839, 1.4588208 ], [ 103.818405, 1.4597711 ], [ 103.8176331, 1.4603235 ], [ 103.817926, 1.4607175 ], [ 103.8189938, 1.4598934 ] ] ] } },
{ "type": "Feature", "properties": { "id": 238932572, "name": null, "forest_area_ha": 20.701568976777644, "source_layer": "natural", "source": "OSM" }, "geometry": { "type": "Polygon", "coordinates": [ [ [ 103.7859469, 1.2835119 ], [ 103.785731700000014, 1.2835567 ], [ 103.7855013, 1.2836353 ], [ 103.7852327, 1.2837748 ], [ 103.7848711, 1.2840138 ], [ 103.7847709, 1.2841733 ], [ 103.7844527, 1.28468 ], [ 103.784099800000021, 1.2855031 ], [ 103.7844894, 1.2859998 ], [ 103.7847159, 1.2862788 ], [ 103.7849349, 1.2865644 ], [ 103.7849349, 1.2867691 ], [ 103.7847796, 1.2867902 ], [ 103.7846435, 1.2868087 ], [ 103.7843397, 1.28685 ], [ 103.7839208, 1.28733 ], [ 103.7839208, 1.2884623 ], [ 103.7828689, 1.2893137 ], [ 103.7810626, 1.2897439 ], [ 103.780966500000019, 1.2897668 ], [ 103.7817819, 1.2899706 ], [ 103.7822433, 1.2903352 ], [ 103.7826199, 1.290734 ], [ 103.7828118, 1.2909311 ], [ 103.7828883, 1.2910097 ], [ 103.7829109, 1.2910322 ], [ 103.78298740000001, 1.2911082 ], [ 103.7832007, 1.2913156 ], [ 103.7834058, 1.2915243 ], [ 103.7835503, 1.2913452 ], [ 103.7830512, 1.2907836 ], [ 103.7827972, 1.2905326 ], [ 103.7827165, 1.2900666 ], [ 103.7829825, 1.2898903 ], [ 103.7834891, 1.2905452 ], [ 103.784173700000011, 1.2899848 ], [ 103.7840476, 1.2898215 ], [ 103.7845376, 1.2896209 ], [ 103.7847051, 1.2898215 ], [ 103.7848954, 1.2896974 ], [ 103.7854013, 1.2894772 ], [ 103.7853926, 1.2890332 ], [ 103.7854033, 1.2890261 ], [ 103.7856485, 1.2888621 ], [ 103.78604270000001, 1.2888204 ], [ 103.7863064, 1.2886696 ], [ 103.7860361, 1.2883205 ], [ 103.7863465, 1.2882784 ], [ 103.7864835, 1.2883665 ], [ 103.7868409, 1.2878849 ], [ 103.7869579, 1.2868909 ], [ 103.786592, 1.2868733 ], [ 103.7860485, 1.2868471 ], [ 103.785709200000014, 1.2866702 ], [ 103.7855338, 1.2865788 ], [ 103.7855441, 1.2863535 ], [ 103.7855917, 1.2861075 ], [ 103.785784, 1.285723 ], [ 103.7859639, 1.2855928 ], [ 103.7863877, 1.2854564 ], [ 103.7866069, 1.2853571 ], [ 103.7868488, 1.2849789 ], [ 103.7871797, 1.2844869 ], [ 103.7876925, 1.2834553 ], [ 103.7877586, 1.2832714 ], [ 103.7878082, 1.2827918 ], [ 103.7877938, 1.2826491 ], [ 103.787631, 1.2824199 ], [ 103.7873782, 1.2822026 ], [ 103.786449800000014, 1.2836848 ], [ 103.786385, 1.2837108 ], [ 103.7863174, 1.2837318 ], [ 103.7860246, 1.2834962 ], [ 103.7860133, 1.2834871 ], [ 103.7860031, 1.2834817 ], [ 103.7859469, 1.2835119 ] ] ] } },
{ "type": "Feature", "properties": { "id": 238933498, "name": null, "forest_area_ha": 0.58334873405470711, "source_layer": "natural", "source": "OSM" }, "geometry": { "type": "Polygon", "coordinates": [ [ [ 103.7826589, 1.2922822 ], [ 103.782895, 1.292141 ], [ 103.7829877, 1.2919667 ], [ 103.7826544, 1.2918123 ], [ 103.7820542, 1.2915056 ], [ 103.7818071, 1.2915475 ], [ 103.7818203, 1.2918057 ], [ 103.7817541, 1.2919115 ], [ 103.781815200000011, 1.2919545 ], [ 103.7820966, 1.291796 ], [ 103.7823136, 1.292181 ], [ 103.7823941, 1.2923042 ], [ 103.7826589, 1.2922822 ] ] ] } },
{ "type": "Feature", "properties": { "id": 241883373, "name": null, "forest_area_ha": 0.28865629726462982, "source_layer": "natural", "source": "OSM" }, "geometry": { "type": "Polygon", "coordinates": [ [ [ 103.7750674, 1.3027042 ], [ 103.7750981, 1.3026648 ], [ 103.7751651, 1.3026407 ], [ 103.7753084, 1.3025756 ], [ 103.7754126, 1.3025203 ], [ 103.7754957, 1.3023998 ], [ 103.7755673, 1.3023624 ], [ 103.775709, 1.3023738 ], [ 103.7758197, 1.30239 ], [ 103.7758214, 1.3023884 ], [ 103.775901100000013, 1.3023819 ], [ 103.7759826, 1.3023754 ], [ 103.7760037, 1.3023038 ], [ 103.7758116, 1.3020677 ], [ 103.7748398, 1.3026248 ], [ 103.7748642, 1.3026378 ], [ 103.77490490000001, 1.3026411 ], [ 103.7749082, 1.3027143 ], [ 103.774957, 1.3028039 ], [ 103.7750336, 1.3028153 ], [ 103.7750674, 1.3027042 ] ] ] } },
{ "type": "Feature", "properties": { "id": 241884044, "name": null, "forest_area_ha": 0.75797572879143393, "source_layer": "natural", "source": "OSM" }, "geometry": { "type": "Polygon", "coordinates": [ [ [ 103.7746505, 1.307815 ], [ 103.7751136, 1.3074831 ], [ 103.7753158, 1.3073946 ], [ 103.7754774, 1.3073536 ], [ 103.7755646, 1.3074022 ], [ 103.7756043, 1.3074009 ], [ 103.7756627, 1.3073651 ], [ 103.7757512, 1.3073352 ], [ 103.7758629, 1.3072787 ], [ 103.775528600000015, 1.3071599 ], [ 103.7751655, 1.30715 ], [ 103.77497240000001, 1.3071822 ], [ 103.774672, 1.3072144 ], [ 103.7744168, 1.3071285 ], [ 103.7741785, 1.3071393 ], [ 103.7741463, 1.3073109 ], [ 103.7742536, 1.3075683 ], [ 103.7744145, 1.3077292 ], [ 103.7746505, 1.307815 ] ] ] } },
{ "type": "Feature", "properties": { "id": 244549075, "name": null, "forest_area_ha": 1.2457794238384805, "source_layer": "natural", "source": "OSM" }, "geometry": { "type": "Polygon", "coordinates": [ [ [ 103.9648715, 1.3448362 ], [ 103.9648998, 1.3449427 ], [ 103.9648032, 1.3451678 ], [ 103.9646837, 1.3452331 ], [ 103.9645189, 1.3454762 ], [ 103.96433380000002, 1.3453743 ], [ 103.964283, 1.3453957 ], [ 103.9648059, 1.3470261 ], [ 103.9650914, 1.346539 ], [ 103.9649614, 1.3464013 ], [ 103.964855400000019, 1.346067 ], [ 103.9649883, 1.3460741 ], [ 103.9650446, 1.3459267 ], [ 103.964555, 1.3455978 ], [ 103.9646596, 1.3453725 ], [ 103.9653608, 1.3452196 ], [ 103.9654923, 1.3453676 ], [ 103.9658786, 1.3455566 ], [ 103.9659212, 1.3454672 ], [ 103.9658466, 1.3451785 ], [ 103.9656708, 1.3452224 ], [ 103.9656184, 1.3451502 ], [ 103.966285, 1.3449971 ], [ 103.966257, 1.3449346 ], [ 103.9653101, 1.3451329 ], [ 103.9653101, 1.3450605 ], [ 103.9651948, 1.3446048 ], [ 103.9648715, 1.3448362 ] ] ] } },
{ "type": "Feature", "properties": { "id": 244549081, "name": null, "forest_area_ha": 3.6563563304418989, "source_layer": "natural", "source": "OSM" }, "geometry": { "type": "Polygon", "coordinates": [ [ [ 103.9675027, 1.3445171 ], [ 103.9679226, 1.3449025 ], [ 103.967657100000011, 1.3453153 ], [ 103.9674425, 1.3452456 ], [ 103.9674639, 1.3457255 ], [ 103.967323, 1.3459222 ], [ 103.9673942, 1.3459883 ], [ 103.9678851, 1.3452616 ], [ 103.9678663, 1.3451383 ], [ 103.9680084, 1.3450017 ], [ 103.9681291, 1.34494 ], [ 103.969076, 1.3435054 ], [ 103.9704492, 1.3414246 ], [ 103.9710286, 1.3408508 ], [ 103.9712156, 1.3403939 ], [ 103.971110300000021, 1.3403716 ], [ 103.9709225, 1.3406987 ], [ 103.9703914, 1.3413101 ], [ 103.9702573, 1.3414254 ], [ 103.9700025, 1.3414629 ], [ 103.9697209, 1.3417418 ], [ 103.9697316, 1.3419563 ], [ 103.9695331, 1.3419805 ], [ 103.9694929, 1.3420582 ], [ 103.9695734, 1.342254 ], [ 103.9694285, 1.3424068 ], [ 103.9693749, 1.3423934 ], [ 103.96929710000002, 1.3425248 ], [ 103.969332, 1.3425758 ], [ 103.9691335, 1.3427152 ], [ 103.9690342, 1.342986 ], [ 103.9690074, 1.3433051 ], [ 103.9689135, 1.3433829 ], [ 103.9686882, 1.3434499 ], [ 103.9685315, 1.3437414 ], [ 103.9684966, 1.3440953 ], [ 103.9682767, 1.3444091 ], [ 103.9682016, 1.3443689 ], [ 103.9679961, 1.3446539 ], [ 103.967721, 1.3444286 ], [ 103.9675554, 1.3442847 ], [ 103.9675264, 1.3441889 ], [ 103.9675066, 1.3439894 ], [ 103.9675833, 1.3438595 ], [ 103.967717800000017, 1.3436771 ], [ 103.9678463, 1.3436267 ], [ 103.9680353, 1.343492 ], [ 103.9681029, 1.3427264 ], [ 103.9680767, 1.3425811 ], [ 103.9678889, 1.3425784 ], [ 103.967690500000018, 1.342734 ], [ 103.9676046, 1.3427581 ], [ 103.9675456, 1.3433212 ], [ 103.9675724, 1.3435947 ], [ 103.96743050000002, 1.3438357 ], [ 103.9673954, 1.3439138 ], [ 103.967129900000018, 1.3438468 ], [ 103.9664485, 1.3432353 ], [ 103.9664728, 1.3427246 ], [ 103.9663843, 1.342169 ], [ 103.9665666, 1.3418942 ], [ 103.966434300000017, 1.3418281 ], [ 103.9662057, 1.3421115 ], [ 103.9663252, 1.3432261 ], [ 103.966352300000011, 1.343325 ], [ 103.9673335, 1.3444685 ], [ 103.967343, 1.3446744 ], [ 103.9673901, 1.3446003 ], [ 103.9675027, 1.3445171 ] ] ] } },
{ "type": "Feature", "properties": { "id": 244550984, "name": "Kuala Loyang (Old Tampines Road) Forest", "forest_area_ha": 8.0214970299550927, "source_layer": "natural", "source": "OSM" }, "geometry": { "type": "Polygon", "coordinates": [ [ [ 103.968429500000013, 1.3643271 ], [ 103.9676942, 1.365047 ], [ 103.968756200000016, 1.366179 ], [ 103.9689698, 1.3673624 ], [ 103.9694822, 1.3664534 ], [ 103.9711441, 1.3670364 ], [ 103.9708093, 1.3657081 ], [ 103.9698996, 1.3635977 ], [ 103.968429500000013, 1.3643271 ] ] ] } },
{ "type": "Feature", "properties": { "id": 244551506, "name": null, "forest_area_ha": 2.9567055734348657, "source_layer": "natural", "source": "OSM" }, "geometry": { "type": "Polygon", "coordinates": [ [ [ 103.9325324, 1.3711899 ], [ 103.93254060000001, 1.370794 ], [ 103.9324557, 1.3707421 ], [ 103.9322353, 1.3706713 ], [ 103.9320776, 1.3705968 ], [ 103.9317805, 1.3704312 ], [ 103.931491800000018, 1.3702307 ], [ 103.9313916, 1.3701446 ], [ 103.930805, 1.3695301 ], [ 103.9307246, 1.3701811 ], [ 103.93062620000002, 1.3711358 ], [ 103.9306331, 1.3716911 ], [ 103.9307695, 1.3717727 ], [ 103.9309303, 1.3718137 ], [ 103.9325324, 1.3711899 ] ] ] } },
{ "type": "Feature", "properties": { "id": 244557183, "name": null, "forest_area_ha": 15.216804524739377, "source_layer": "natural", "source": "OSM" }, "geometry": { "type": "Polygon", "coordinates": [ [ [ 103.9754728, 1.3528825 ], [ 103.9747057, 1.3535689 ], [ 103.9753602, 1.3561056 ], [ 103.9762509, 1.3584438 ], [ 103.9766425, 1.3586047 ], [ 103.9769587, 1.359554 ], [ 103.9783865, 1.3590914 ], [ 103.9787827, 1.3589533 ], [ 103.9785469, 1.3583696 ], [ 103.9781567, 1.3575807 ], [ 103.9781008, 1.3576017 ], [ 103.9770854, 1.3580212 ], [ 103.9768676, 1.3581221 ], [ 103.9765073, 1.3576118 ], [ 103.9761581, 1.3571173 ], [ 103.976079, 1.3570052 ], [ 103.9760578, 1.3569752 ], [ 103.9774418, 1.3563853 ], [ 103.9778761, 1.3571996 ], [ 103.9780158, 1.3570878 ], [ 103.9779405, 1.3567384 ], [ 103.9777527, 1.3563845 ], [ 103.9772645, 1.3554299 ], [ 103.9765835, 1.3537521 ], [ 103.975215600000013, 1.3506738 ], [ 103.9746735, 1.3508446 ], [ 103.9754728, 1.3528825 ] ] ] } },
{ "type": "Feature", "properties": { "id": 245154743, "name": null, "forest_area_ha": 0.47668012494279444, "source_layer": "natural", "source": "OSM" }, "geometry": { "type": "Polygon", "coordinates": [ [ [ 103.8510632, 1.3769149 ], [ 103.85096320000001, 1.3772029 ], [ 103.850876, 1.3771719 ], [ 103.8508408, 1.3772777 ], [ 103.8510151, 1.3773449 ], [ 103.8510741, 1.3773958 ], [ 103.8511571, 1.3778963 ], [ 103.8511356, 1.3781644 ], [ 103.851178600000011, 1.3782872 ], [ 103.8511196, 1.3784205 ], [ 103.8508983, 1.3783293 ], [ 103.8507521, 1.3783548 ], [ 103.8506407, 1.3783353 ], [ 103.8506225, 1.3784293 ], [ 103.8510678, 1.3785029 ], [ 103.8510065, 1.3788958 ], [ 103.8508701, 1.3788643 ], [ 103.8507636, 1.379335 ], [ 103.8512303, 1.3785788 ], [ 103.8512805, 1.3782046 ], [ 103.8512982, 1.3780427 ], [ 103.8511557, 1.3769042 ], [ 103.8510632, 1.3769149 ] ] ] } },
{ "type": "Feature", "properties": { "id": 251786241, "name": null, "forest_area_ha": 7.3807827590275892, "source_layer": "natural", "source": "OSM" }, "geometry": { "type": "Polygon", "coordinates": [ [ [ 103.7701232, 1.4311931 ], [ 103.7700937, 1.4310885 ], [ 103.770032, 1.4310724 ], [ 103.7700294, 1.4304746 ], [ 103.7703619, 1.4305926 ], [ 103.7703631, 1.4305808 ], [ 103.7703888, 1.4303111 ], [ 103.770946, 1.4295757 ], [ 103.7714348, 1.4295978 ], [ 103.7714643, 1.4294771 ], [ 103.771366200000017, 1.4294629 ], [ 103.7714724, 1.4287773 ], [ 103.771585, 1.4281311 ], [ 103.7715207, 1.4276029 ], [ 103.7715368, 1.4270827 ], [ 103.7715369, 1.4270711 ], [ 103.7715421, 1.4264338 ], [ 103.7716172, 1.4256535 ], [ 103.7715122, 1.4256498 ], [ 103.7715152, 1.4251105 ], [ 103.7716092, 1.4240929 ], [ 103.7715502, 1.4239187 ], [ 103.7714107, 1.4239187 ], [ 103.7712884, 1.4245641 ], [ 103.770813600000011, 1.4264732 ], [ 103.7697622, 1.4297579 ], [ 103.7697987, 1.4303325 ], [ 103.7696361, 1.4303934 ], [ 103.7695315, 1.430986 ], [ 103.76962, 1.4311978 ], [ 103.7697783, 1.4313479 ], [ 103.7700562, 1.4314317 ], [ 103.7701232, 1.4311931 ] ], [ [ 103.771062112425042, 1.425980798980285 ], [ 103.771122311028705, 1.425758232700164 ], [ 103.771062112425057, 1.425980798980286 ], [ 103.770998638500842, 1.426202441621557 ], [ 103.770931903236715, 1.426423111805355 ], [ 103.770998638500842, 1.426202441621556 ], [ 103.771062112425042, 1.425980798980285 ] ], [ [ 103.770181561698337, 1.428942591244001 ], [ 103.770188292082139, 1.428888354064094 ], [ 103.770181561698337, 1.428942591244001 ], [ 103.770174466622109, 1.428996781323211 ], [ 103.770167007178657, 1.429050921817947 ], [ 103.770174466622109, 1.42899678132321 ], [ 103.770181561698337, 1.428942591244001 ] ] ] } },
{ "type": "Feature", "properties": { "id": 252398232, "name": null, "forest_area_ha": 3.4395265658047092, "source_layer": "natural", "source": "OSM" }, "geometry": { "type": "Polygon", "coordinates": [ [ [ 103.7582749, 1.3813413 ], [ 103.7573272, 1.3825178 ], [ 103.7572598, 1.3826667 ], [ 103.7571298, 1.3828271 ], [ 103.756637, 1.3833946 ], [ 103.756594, 1.3834541 ], [ 103.7566426, 1.3835531 ], [ 103.7566187, 1.3835717 ], [ 103.7565683, 1.3835655 ], [ 103.7565117, 1.3836354 ], [ 103.756422400000019, 1.3837378 ], [ 103.7556795, 1.3846701 ], [ 103.7548391, 1.3861504 ], [ 103.7538127, 1.3879325 ], [ 103.753657, 1.3882855 ], [ 103.7537039, 1.3883377 ], [ 103.753858, 1.3882462 ], [ 103.7540452, 1.3879131 ], [ 103.7545632, 1.3876109 ], [ 103.754413500000013, 1.3873599 ], [ 103.754586300000014, 1.3872572 ], [ 103.754823800000011, 1.3868385 ], [ 103.755514600000012, 1.3864375 ], [ 103.7552328, 1.3859578 ], [ 103.7553509, 1.3857422 ], [ 103.7556057, 1.3856 ], [ 103.755778, 1.3852836 ], [ 103.7558716, 1.3851336 ], [ 103.7557208, 1.3849563 ], [ 103.7558037, 1.3848055 ], [ 103.756769600000013, 1.3835755 ], [ 103.7569816, 1.3835755 ], [ 103.7571599, 1.3833473 ], [ 103.7571586, 1.3830867 ], [ 103.7576304, 1.3824908 ], [ 103.7580792, 1.3827198 ], [ 103.758245, 1.3824191 ], [ 103.7585231, 1.3819508 ], [ 103.7584284, 1.3814467 ], [ 103.758296142046177, 1.38135588574488 ], [ 103.758260731790145, 1.381403671527136 ], [ 103.758260605085781, 1.381403845160892 ], [ 103.758260471192699, 1.381404022411868 ], [ 103.758258107852868, 1.381406903638575 ], [ 103.75826046939558, 1.381404021507449 ], [ 103.758260604187228, 1.381403844256501 ], [ 103.758260730891607, 1.381403670622745 ], [ 103.758296141780349, 1.381355885562344 ], [ 103.7582749, 1.3813413 ] ] ] } },
{ "type": "Feature", "properties": { "id": 255170829, "name": null, "forest_area_ha": 0.10347548909365467, "source_layer": "natural", "source": "OSM" }, "geometry": { "type": "Polygon", "coordinates": [ [ [ 103.8262603, 1.3030455 ], [ 103.8261708, 1.3031264 ], [ 103.8260922, 1.3031357 ], [ 103.8260089, 1.3031023 ], [ 103.825624, 1.3028639 ], [ 103.8255918, 1.3029435 ], [ 103.8261442, 1.3033451 ], [ 103.8262603, 1.3030455 ] ] ] } },
{ "type": "Feature", "properties": { "id": 255170830, "name": null, "forest_area_ha": 0.49285365982194701, "source_layer": "natural", "source": "OSM" }, "geometry": { "type": "Polygon", "coordinates": [ [ [ 103.8263557, 1.3033604 ], [ 103.8267207, 1.303673 ], [ 103.8270857, 1.3039761 ], [ 103.8271579, 1.3034589 ], [ 103.8272061, 1.3033583 ], [ 103.8264764, 1.303019 ], [ 103.8263557, 1.3033604 ] ] ] } },
{ "type": "Feature", "properties": { "id": 255713968, "name": null, "forest_area_ha": 0.13307652047296051, "source_layer": "natural", "source": "OSM" }, "geometry": { "type": "Polygon", "coordinates": [ [ [ 103.8539722, 1.2924842 ], [ 103.8540017, 1.2925338 ], [ 103.8546951, 1.2919492 ], [ 103.8547259, 1.2918943 ], [ 103.8546387, 1.2917749 ], [ 103.8539722, 1.2924842 ] ] ] } },
{ "type": "Feature", "properties": { "id": 255909849, "name": null, "forest_area_ha": 1.7265552045529418, "source_layer": "natural", "source": "OSM" }, "geometry": { "type": "Polygon", "coordinates": [ [ [ 103.8183059, 1.2991936 ], [ 103.8186153, 1.2990649 ], [ 103.8189693, 1.2989487 ], [ 103.8192304, 1.298997 ], [ 103.8193037, 1.2985965 ], [ 103.8186725, 1.2985983 ], [ 103.818651, 1.2982658 ], [ 103.818335800000014, 1.2983543 ], [ 103.8182263, 1.2982623 ], [ 103.8180301, 1.2981425 ], [ 103.8180757, 1.298003 ], [ 103.818022, 1.297885 ], [ 103.8178678, 1.2977885 ], [ 103.8175982, 1.2977215 ], [ 103.8174941, 1.2978368 ], [ 103.8174614, 1.2981907 ], [ 103.8173917, 1.2983597 ], [ 103.817528100000018, 1.2984428 ], [ 103.817816, 1.2985679 ], [ 103.817814200000015, 1.2987539 ], [ 103.8176872, 1.298845 ], [ 103.817703300000019, 1.2992204 ], [ 103.8183059, 1.2991936 ] ] ] } },
{ "type": "Feature", "properties": { "id": 255909851, "name": null, "forest_area_ha": 1.4875270443013455, "source_layer": "natural", "source": "OSM" }, "geometry": { "type": "Polygon", "coordinates": [ [ [ 103.8174357, 1.3044458 ], [ 103.8174813, 1.3044306 ], [ 103.8177518, 1.3036924 ], [ 103.8177291, 1.3035862 ], [ 103.8175571, 1.3033637 ], [ 103.8158957, 1.3044129 ], [ 103.8159766, 1.3047491 ], [ 103.8172461, 1.3044432 ], [ 103.8174357, 1.3044458 ] ] ] } },
{ "type": "Feature", "properties": { "id": 255911507, "name": null, "forest_area_ha": 0.38539596908532531, "source_layer": "natural", "source": "OSM" }, "geometry": { "type": "Polygon", "coordinates": [ [ [ 103.8338644, 1.3009813 ], [ 103.8335791, 1.3010178 ], [ 103.8334308, 1.3011718 ], [ 103.8325686, 1.301874 ], [ 103.832734700000017, 1.302105 ], [ 103.8338644, 1.3009813 ] ] ] } },
{ "type": "Feature", "properties": { "id": 256464020, "name": null, "forest_area_ha": 0.3532116100658601, "source_layer": "natural", "source": "OSM" }, "geometry": { "type": "Polygon", "coordinates": [ [ [ 103.783295, 1.356706 ], [ 103.7834107, 1.356803 ], [ 103.783520300000021, 1.3569274 ], [ 103.7836078, 1.357063 ], [ 103.7837967, 1.3568702 ], [ 103.783965, 1.3566959 ], [ 103.7838942, 1.3566545 ], [ 103.7838256, 1.3566094 ], [ 103.783757800000018, 1.3565582 ], [ 103.7836993, 1.3565085 ], [ 103.7836396, 1.3564482 ], [ 103.7835847, 1.3563862 ], [ 103.783539, 1.3563274 ], [ 103.7835067, 1.3562459 ], [ 103.7831434, 1.3566276 ], [ 103.783295, 1.356706 ] ] ] } },
{ "type": "Feature", "properties": { "id": 257536661, "name": null, "forest_area_ha": 97.626219409774549, "source_layer": "natural", "source": "OSM" }, "geometry": { "type": "Polygon", "coordinates": [ [ [ 103.8551706, 1.4276404 ], [ 103.8536578, 1.4287129 ], [ 103.8528156, 1.4293994 ], [ 103.8524442, 1.42972 ], [ 103.8516794, 1.4304183 ], [ 103.8518625, 1.4316614 ], [ 103.852583, 1.4327213 ], [ 103.8529231, 1.4333407 ], [ 103.8530734, 1.4340378 ], [ 103.8522901, 1.4342845 ], [ 103.8530873, 1.435349 ], [ 103.8539853, 1.4358504 ], [ 103.8556622, 1.4376014 ], [ 103.8567533, 1.4378775 ], [ 103.8573112, 1.4384353 ], [ 103.8581728, 1.4384809 ], [ 103.8597676, 1.4381028 ], [ 103.86034, 1.4379231 ], [ 103.8610551, 1.4374164 ], [ 103.861591500000017, 1.4364832 ], [ 103.8621961, 1.4351667 ], [ 103.862085, 1.4337482 ], [ 103.8610159, 1.4315951 ], [ 103.860468700000013, 1.4309516 ], [ 103.8597714, 1.4308229 ], [ 103.8595316, 1.4301343 ], [ 103.8596818, 1.4297267 ], [ 103.8596748, 1.429214 ], [ 103.8594924, 1.4288494 ], [ 103.8591673, 1.4289974 ], [ 103.8586523, 1.4289974 ], [ 103.8575183, 1.429332 ], [ 103.856939, 1.429021 ], [ 103.8567104, 1.4286971 ], [ 103.8571181, 1.4281822 ], [ 103.8570538, 1.4274315 ], [ 103.8575864, 1.4268898 ], [ 103.8575151, 1.4266163 ], [ 103.8573756, 1.425769 ], [ 103.857068200000015, 1.4257082 ], [ 103.8564136, 1.4259517 ], [ 103.8562502, 1.4262049 ], [ 103.8559576, 1.4266736 ], [ 103.855661, 1.4271689 ], [ 103.8551706, 1.4276404 ] ] ] } },
{ "type": "Feature", "properties": { "id": 260177725, "name": null, "forest_area_ha": 23.346010204545941, "source_layer": "natural", "source": "OSM" }, "geometry": { "type": "Polygon", "coordinates": [ [ [ 103.6798187, 1.3326695 ], [ 103.6798133, 1.3331682 ], [ 103.6796631, 1.3337091 ], [ 103.6793091, 1.3334525 ], [ 103.6784184, 1.3330663 ], [ 103.6783797, 1.3331119 ], [ 103.6785916, 1.333368 ], [ 103.6783274, 1.3336147 ], [ 103.678437200000019, 1.3337421 ], [ 103.6783795, 1.3340652 ], [ 103.6781676, 1.3340277 ], [ 103.6782119, 1.3338011 ], [ 103.6781059, 1.3336858 ], [ 103.677925, 1.3336724 ], [ 103.6780451, 1.3339104 ], [ 103.6779733, 1.3340893 ], [ 103.6781047, 1.3343213 ], [ 103.6779009, 1.3343567 ], [ 103.6777574, 1.3340966 ], [ 103.6778352, 1.3339137 ], [ 103.677764100000019, 1.3338011 ], [ 103.6775978, 1.3337788 ], [ 103.6774959, 1.3338601 ], [ 103.6773993, 1.3339022 ], [ 103.6773135, 1.333929 ], [ 103.6772558, 1.3340939 ], [ 103.6770668, 1.3340263 ], [ 103.6771808, 1.3337327 ], [ 103.6773953, 1.3336684 ], [ 103.6774557, 1.333494 ], [ 103.6772598, 1.3333283 ], [ 103.6769112, 1.3330334 ], [ 103.676750200000015, 1.3326311 ], [ 103.6767717, 1.332219 ], [ 103.6763747, 1.332068 ], [ 103.6764445, 1.3314199 ], [ 103.6767878, 1.3311303 ], [ 103.6770453, 1.3313127 ], [ 103.6772169, 1.3312429 ], [ 103.6772223, 1.3309212 ], [ 103.6777695, 1.3309265 ], [ 103.6777748, 1.3311947 ], [ 103.678161100000011, 1.3313333 ], [ 103.678322, 1.3309257 ], [ 103.6779894, 1.3307487 ], [ 103.6779787, 1.3304439 ], [ 103.6768092, 1.3305297 ], [ 103.6761011, 1.3305503 ], [ 103.6758329, 1.3307112 ], [ 103.675554, 1.3311571 ], [ 103.6752428, 1.3309257 ], [ 103.675103400000012, 1.3309962 ], [ 103.6754091, 1.3313609 ], [ 103.6756183, 1.3317095 ], [ 103.6761387, 1.3331843 ], [ 103.6764927, 1.3344339 ], [ 103.6770131, 1.3364013 ], [ 103.6772438, 1.3372814 ], [ 103.6774905, 1.3379196 ], [ 103.6776085, 1.3380912 ], [ 103.6777426, 1.3378493 ], [ 103.6778446, 1.3376461 ], [ 103.6780162, 1.3373082 ], [ 103.678263, 1.3370186 ], [ 103.6786921, 1.3372975 ], [ 103.680972, 1.3373077 ], [ 103.680972, 1.3357103 ], [ 103.6805912, 1.3357103 ], [ 103.680607200000011, 1.3360696 ], [ 103.6804249, 1.3362136 ], [ 103.6802586, 1.3360589 ], [ 103.6802693, 1.3357417 ], [ 103.6801405, 1.335528 ], [ 103.6789014, 1.3355226 ], [ 103.678896, 1.3358015 ], [ 103.6790408, 1.3357854 ], [ 103.6790569, 1.3358444 ], [ 103.67845610000002, 1.3364501 ], [ 103.67845610000002, 1.3366485 ], [ 103.6781772, 1.3366646 ], [ 103.6781772, 1.3363911 ], [ 103.6785098, 1.3360045 ], [ 103.678322, 1.3358436 ], [ 103.6783166, 1.3355111 ], [ 103.6780377, 1.3354904 ], [ 103.677855300000019, 1.335377 ], [ 103.6775442, 1.335544 ], [ 103.6774905, 1.3353402 ], [ 103.67746910000001, 1.3348683 ], [ 103.6780377, 1.3348683 ], [ 103.6780055, 1.3350506 ], [ 103.678053800000015, 1.3352223 ], [ 103.6782362, 1.3352866 ], [ 103.6784508, 1.3353617 ], [ 103.6787833, 1.3353724 ], [ 103.679132, 1.3350292 ], [ 103.6792554, 1.3350131 ], [ 103.6795406, 1.3350393 ], [ 103.6796631, 1.3350506 ], [ 103.6803766, 1.3350981 ], [ 103.6803712, 1.3347021 ], [ 103.6800923, 1.3346967 ], [ 103.6800923, 1.3348951 ], [ 103.6799957, 1.3349219 ], [ 103.6799206, 1.3344814 ], [ 103.6800815, 1.3344071 ], [ 103.6803819, 1.3344017 ], [ 103.6803819, 1.3339998 ], [ 103.6819054, 1.3340094 ], [ 103.6819805, 1.3333659 ], [ 103.6814119, 1.3326912 ], [ 103.6809613, 1.3325732 ], [ 103.6805751, 1.3325614 ], [ 103.6802961, 1.3322836 ], [ 103.6799206, 1.3322729 ], [ 103.6798187, 1.3326695 ] ] ] } },
{ "type": "Feature", "properties": { "id": 260177729, "name": null, "forest_area_ha": 6.0906699194884304, "source_layer": "natural", "source": "OSM" }, "geometry": { "type": "Polygon", "coordinates": [ [ [ 103.6794646, 1.3302822 ], [ 103.6792608, 1.3308139 ], [ 103.6784293, 1.3313019 ], [ 103.6789067, 1.3320206 ], [ 103.6812456, 1.3318964 ], [ 103.6812671, 1.3315057 ], [ 103.6814065, 1.3312429 ], [ 103.682517, 1.3304055 ], [ 103.6822434, 1.3300845 ], [ 103.6794646, 1.3302822 ] ] ] } },
{ "type": "Feature", "properties": { "id": 266392280, "name": null, "forest_area_ha": 27.838480334257767, "source_layer": "natural", "source": "OSM" }, "geometry": { "type": "Polygon", "coordinates": [ [ [ 103.9846071, 1.3178613 ], [ 103.9885837, 1.3166591 ], [ 103.9957872, 1.3135117 ], [ 103.9957095, 1.3133555 ], [ 103.9955342, 1.3134095 ], [ 103.9953147, 1.3129583 ], [ 103.9971397, 1.3121185 ], [ 103.9970911, 1.3119448 ], [ 103.9969157, 1.312014 ], [ 103.99610850000002, 1.3122866 ], [ 103.9959061, 1.3122951 ], [ 103.9958345, 1.3123508 ], [ 103.9958297, 1.3124163 ], [ 103.9958891, 1.3124732 ], [ 103.9957509, 1.3125459 ], [ 103.995312, 1.3126861 ], [ 103.9941571, 1.3130451 ], [ 103.99382218459975, 1.313121847160576 ], [ 103.993042575920313, 1.313408436171589 ], [ 103.991273676597487, 1.314217687630475 ], [ 103.990710578352576, 1.314049750953206 ], [ 103.990688102678192, 1.314043047821228 ], [ 103.9906705, 1.3141385 ], [ 103.9902625, 1.3140492 ], [ 103.9898924, 1.3153471 ], [ 103.9890931, 1.3151325 ], [ 103.9889375, 1.315819 ], [ 103.9871783, 1.3151092 ], [ 103.9877144, 1.3132877 ], [ 103.98472670000001, 1.3123545 ], [ 103.985113, 1.3127388 ], [ 103.9853329, 1.3130839 ], [ 103.9852632, 1.3136183 ], [ 103.9848823, 1.3151754 ], [ 103.9846333, 1.3159704 ], [ 103.9843444, 1.3165944 ], [ 103.9841041, 1.3167159 ], [ 103.9846071, 1.3178613 ] ], [ [ 103.989090026072361, 1.315194224763618 ], [ 103.989090039547733, 1.315194178640337 ], [ 103.989090026072418, 1.315194225667977 ], [ 103.989070142638866, 1.315260511176091 ], [ 103.989090026072361, 1.315194224763618 ] ] ] } },
{ "type": "Feature", "properties": { "id": 266393001, "name": null, "forest_area_ha": 42.365724041670013, "source_layer": "natural", "source": "OSM" }, "geometry": { "type": "Polygon", "coordinates": [ [ [ 104.0216119, 1.325655 ], [ 104.0230174, 1.3248291 ], [ 104.0241391, 1.3246821 ], [ 104.0321477, 1.3248505 ], [ 104.0321584, 1.3246789 ], [ 104.0309138, 1.3245502 ], [ 104.0305491, 1.3242928 ], [ 104.0283926, 1.3242284 ], [ 104.0284462, 1.3229735 ], [ 104.0211077, 1.3227912 ], [ 104.0211935, 1.3217829 ], [ 104.0193481, 1.3217078 ], [ 104.0194769, 1.3189298 ], [ 104.0161617, 1.3188547 ], [ 104.016859, 1.3202599 ], [ 104.0177808, 1.322435 ], [ 104.0189325, 1.3251847 ], [ 104.0203518, 1.3252184 ], [ 104.0208668, 1.3258835 ], [ 104.020807300000016, 1.3271239 ], [ 104.0216119, 1.325655 ] ] ] } },
{ "type": "Feature", "properties": { "id": 272603712, "name": null, "forest_area_ha": 23.368575372127037, "source_layer": "natural", "source": "OSM" }, "geometry": { "type": "Polygon", "coordinates": [ [ [ 103.8068635, 1.3392695 ], [ 103.8068863, 1.339473 ], [ 103.8070157, 1.3396809 ], [ 103.8070566, 1.3398299 ], [ 103.8070787, 1.3400837 ], [ 103.8070034, 1.3403275 ], [ 103.8068089, 1.3405166 ], [ 103.8066666, 1.3405835 ], [ 103.8065063, 1.3405962 ], [ 103.8063863, 1.3405814 ], [ 103.8062461, 1.340527 ], [ 103.8058924, 1.340354 ], [ 103.805765, 1.3403263 ], [ 103.8056918, 1.3403305 ], [ 103.8056248, 1.3403493 ], [ 103.8047885, 1.3411399 ], [ 103.8050065, 1.3413682 ], [ 103.8049952, 1.3415121 ], [ 103.8049533, 1.3416501 ], [ 103.8049073, 1.341694 ], [ 103.8048006, 1.3416898 ], [ 103.8047441, 1.3416396 ], [ 103.8046814, 1.3417087 ], [ 103.804838300000014, 1.3418572 ], [ 103.805164600000012, 1.3415957 ], [ 103.8053741, 1.3414373 ], [ 103.805537, 1.3413678 ], [ 103.8056541, 1.3413259 ], [ 103.805815200000012, 1.3412695 ], [ 103.8059637, 1.341236 ], [ 103.806121, 1.3412354 ], [ 103.8066006, 1.3413023 ], [ 103.8075401, 1.3412559 ], [ 103.8075435, 1.3414846 ], [ 103.8078418, 1.341524 ], [ 103.8079472, 1.3408952 ], [ 103.8086244, 1.3410649 ], [ 103.8085823, 1.341347 ], [ 103.8087857, 1.3413535 ], [ 103.8088683, 1.3408368 ], [ 103.8093196, 1.3408949 ], [ 103.8097083, 1.3413113 ], [ 103.8097632, 1.341303 ], [ 103.8097464, 1.3409716 ], [ 103.811639700000015, 1.3404901 ], [ 103.8116282, 1.3396492 ], [ 103.811337900000012, 1.3396628 ], [ 103.8109651, 1.3396842 ], [ 103.8109463, 1.3391479 ], [ 103.8112616, 1.3391355 ], [ 103.811008, 1.3386385 ], [ 103.8114104, 1.3381746 ], [ 103.8116759, 1.3385151 ], [ 103.8120407, 1.3391372 ], [ 103.8126366, 1.3387386 ], [ 103.8124028, 1.3384481 ], [ 103.8124216, 1.3382014 ], [ 103.8123679, 1.3378447 ], [ 103.8124564, 1.3374613 ], [ 103.8117376, 1.3378555 ], [ 103.8114972, 1.337432 ], [ 103.8112159, 1.3369263 ], [ 103.8109417, 1.3365362 ], [ 103.810756, 1.3361268 ], [ 103.8105882, 1.335757 ], [ 103.8068635, 1.3392695 ] ] ] } },
{ "type": "Feature", "properties": { "id": 291910671, "name": null, "forest_area_ha": 3.1639585823524707, "source_layer": "natural", "source": "OSM" }, "geometry": { "type": "Polygon", "coordinates": [ [ [ 103.7884765, 1.3222684 ], [ 103.7888897, 1.3220516 ], [ 103.7887962, 1.321742 ], [ 103.7887338, 1.3215352 ], [ 103.7886873, 1.3213811 ], [ 103.7888616, 1.3213629 ], [ 103.788526, 1.3204113 ], [ 103.7884348, 1.3201807 ], [ 103.7882363, 1.3199769 ], [ 103.7880539, 1.3198482 ], [ 103.7872117, 1.3199179 ], [ 103.787319, 1.3202451 ], [ 103.787378, 1.3205132 ], [ 103.7874531, 1.3208082 ], [ 103.787539, 1.3210549 ], [ 103.7876838, 1.3214249 ], [ 103.7877535, 1.3217092 ], [ 103.7878126, 1.3221016 ], [ 103.7884765, 1.3222684 ] ] ] } },
{ "type": "Feature", "properties": { "id": 292023165, "name": null, "forest_area_ha": 1.2493130504976175, "source_layer": "natural", "source": "OSM" }, "geometry": { "type": "Polygon", "coordinates": [ [ [ 103.7749339, 1.3699682 ], [ 103.7749714, 1.3699333 ], [ 103.7750036, 1.3698851 ], [ 103.7750242, 1.3698261 ], [ 103.775018, 1.3697573 ], [ 103.7749868, 1.3696878 ], [ 103.7749366, 1.3696232 ], [ 103.7749144, 1.3695806 ], [ 103.7749096, 1.3694243 ], [ 103.7748958, 1.36937 ], [ 103.7748575, 1.3693327 ], [ 103.774854300000015, 1.3692663 ], [ 103.7739606, 1.3692411 ], [ 103.7739806, 1.3693095 ], [ 103.7737021, 1.3693095 ], [ 103.7736726, 1.3693685 ], [ 103.7737235, 1.3694172 ], [ 103.7738017, 1.3694365 ], [ 103.7737933, 1.3694894 ], [ 103.7737518, 1.369561 ], [ 103.7736549, 1.3696171 ], [ 103.77362220000002, 1.3697455 ], [ 103.7736145, 1.3698594 ], [ 103.7736531, 1.3699459 ], [ 103.7738321, 1.3699923 ], [ 103.7739468, 1.370054 ], [ 103.774078, 1.3701142 ], [ 103.7741514, 1.370145 ], [ 103.7742144, 1.3701574 ], [ 103.7742919, 1.3701645 ], [ 103.7748881, 1.3700011 ], [ 103.7749339, 1.3699682 ] ] ] } },
{ "type": "Feature", "properties": { "id": 292166906, "name": null, "forest_area_ha": 1.4024938260461883, "source_layer": "natural", "source": "OSM" }, "geometry": { "type": "Polygon", "coordinates": [ [ [ 103.7743865, 1.3715617 ], [ 103.7744429, 1.3715188 ], [ 103.7744965, 1.3714706 ], [ 103.7746094, 1.3714008 ], [ 103.7746731, 1.3712768 ], [ 103.774791600000015, 1.3711166 ], [ 103.7748613, 1.370937 ], [ 103.7749096, 1.3707922 ], [ 103.7749578, 1.3706286 ], [ 103.7749766, 1.3704878 ], [ 103.7750316, 1.3702424 ], [ 103.7750222, 1.3701969 ], [ 103.7749578, 1.3701808 ], [ 103.7748667, 1.3701942 ], [ 103.7747513, 1.3702371 ], [ 103.774469700000012, 1.3702639 ], [ 103.7743517, 1.3702746 ], [ 103.7742122, 1.3703194 ], [ 103.7736627, 1.3712388 ], [ 103.7738206, 1.3713499 ], [ 103.7739252, 1.3714223 ], [ 103.7740379, 1.3714384 ], [ 103.7741317, 1.3714732 ], [ 103.7742015, 1.3715027 ], [ 103.7742685, 1.3715135 ], [ 103.7743865, 1.3715617 ] ], [ [ 103.774884236915597, 1.370806850756896 ], [ 103.774890497088279, 1.370789396221354 ], [ 103.774884236915597, 1.370806850756896 ], [ 103.77487789103769, 1.370824273914753 ], [ 103.774884236915597, 1.370806850756896 ] ] ] } },
{ "type": "Feature", "properties": { "id": 292246934, "name": null, "forest_area_ha": 1.4060216982446325, "source_layer": "natural", "source": "OSM" }, "geometry": { "type": "Polygon", "coordinates": [ [ [ 103.8594244, 1.3525719 ], [ 103.8593902, 1.352369 ], [ 103.8587829, 1.352542 ], [ 103.8585347, 1.3527593 ], [ 103.8584917, 1.3529822 ], [ 103.8587145, 1.353286 ], [ 103.8587694, 1.3534566 ], [ 103.858823, 1.3537355 ], [ 103.8588362, 1.3540686 ], [ 103.8591409, 1.3539158 ], [ 103.859554, 1.3536221 ], [ 103.8594244, 1.3525719 ] ] ] } },
{ "type": "Feature", "properties": { "id": 293104317, "name": null, "forest_area_ha": 1.3404115506507812, "source_layer": "natural", "source": "OSM" }, "geometry": { "type": "Polygon", "coordinates": [ [ [ 103.9931345, 1.3883568 ], [ 103.9927957, 1.3883322 ], [ 103.9924282, 1.3884389 ], [ 103.992178700000011, 1.388649 ], [ 103.9922746, 1.3890187 ], [ 103.9923229, 1.3895672 ], [ 103.9923189, 1.3897541 ], [ 103.9921994, 1.3900396 ], [ 103.992168300000017, 1.3903646 ], [ 103.9926391, 1.3900687 ], [ 103.9926769, 1.3898124 ], [ 103.9929564, 1.3889796 ], [ 103.993017400000014, 1.3884308 ], [ 103.9935987, 1.3885871 ], [ 103.9935642, 1.3885017 ], [ 103.9931345, 1.3883568 ] ] ] } },
{ "type": "Feature", "properties": { "id": 293104320, "name": null, "forest_area_ha": 2.7858060222841217, "source_layer": "natural", "source": "OSM" }, "geometry": { "type": "Polygon", "coordinates": [ [ [ 103.991321, 1.3899457 ], [ 103.991800600000019, 1.3898924 ], [ 103.9919249, 1.3896616 ], [ 103.991889400000019, 1.3892532 ], [ 103.9917473, 1.3889159 ], [ 103.9916585, 1.388472 ], [ 103.9917635, 1.3884404 ], [ 103.991959, 1.388335 ], [ 103.9922446, 1.3881524 ], [ 103.9928519, 1.3879843 ], [ 103.9930848, 1.3880816 ], [ 103.993544, 1.3883337 ], [ 103.9932238, 1.3876768 ], [ 103.9929609, 1.3875481 ], [ 103.9914643, 1.3881863 ], [ 103.9912443, 1.387945 ], [ 103.9910405, 1.3881005 ], [ 103.9911102, 1.3883418 ], [ 103.9909423, 1.3886137 ], [ 103.9907814, 1.3888497 ], [ 103.9908994, 1.3890696 ], [ 103.9909959, 1.3892573 ], [ 103.9910925, 1.3891875 ], [ 103.9912212, 1.389268 ], [ 103.991114, 1.38952 ], [ 103.9910013, 1.3895039 ], [ 103.9908903, 1.3896986 ], [ 103.9903967, 1.3898649 ], [ 103.9904053, 1.3900155 ], [ 103.991321, 1.3899457 ] ] ] } },
{ "type": "Feature", "properties": { "id": 293110157, "name": null, "forest_area_ha": 17.929404489915679, "source_layer": "natural", "source": "OSM" }, "geometry": { "type": "Polygon", "coordinates": [ [ [ 103.9872623, 1.3843449 ], [ 103.987552, 1.3838408 ], [ 103.9886088, 1.3839159 ], [ 103.9888985, 1.3836638 ], [ 103.9892632, 1.3836906 ], [ 103.9884639, 1.3818351 ], [ 103.9881743, 1.3819531 ], [ 103.9878148, 1.381406 ], [ 103.9875681, 1.3811808 ], [ 103.9876807, 1.380859 ], [ 103.9876593, 1.3803871 ], [ 103.9876807, 1.3796417 ], [ 103.9876378, 1.3793092 ], [ 103.9872945, 1.3787139 ], [ 103.9865703, 1.37873 ], [ 103.9861841, 1.3788372 ], [ 103.9859534, 1.379041 ], [ 103.9856208, 1.3794003 ], [ 103.9853955, 1.3802369 ], [ 103.985241500000015, 1.3802215 ], [ 103.9847518, 1.3801726 ], [ 103.9845104, 1.3803871 ], [ 103.9849878, 1.380977 ], [ 103.9847518, 1.3820978 ], [ 103.9852399, 1.382795 ], [ 103.985889, 1.383267 ], [ 103.9861411, 1.3831114 ], [ 103.9864845, 1.383267 ], [ 103.9866347, 1.3843449 ], [ 103.9872623, 1.3843449 ] ] ] } },
{ "type": "Feature", "properties": { "id": 293110162, "name": null, "forest_area_ha": 8.3916922492407355, "source_layer": "natural", "source": "OSM" }, "geometry": { "type": "Polygon", "coordinates": [ [ [ 103.9834965, 1.382972 ], [ 103.9829869, 1.3829184 ], [ 103.9829064, 1.3827253 ], [ 103.9826114, 1.3826717 ], [ 103.9826006, 1.3828862 ], [ 103.982766900000016, 1.3836155 ], [ 103.98296, 1.3841894 ], [ 103.983239, 1.3842698 ], [ 103.9835072, 1.3845916 ], [ 103.9836252, 1.3850474 ], [ 103.9837754, 1.3858894 ], [ 103.9839256, 1.3860664 ], [ 103.984269, 1.3862648 ], [ 103.98454790000001, 1.3863881 ], [ 103.9852667, 1.3863452 ], [ 103.9857854, 1.3860423 ], [ 103.9858699, 1.3856798 ], [ 103.9859534, 1.3852013 ], [ 103.9857398, 1.3852877 ], [ 103.9856146, 1.3851038 ], [ 103.985745, 1.3849939 ], [ 103.9858617, 1.3849511 ], [ 103.9858502, 1.3846252 ], [ 103.985653, 1.3848651 ], [ 103.9855886, 1.3845916 ], [ 103.9852882, 1.383948 ], [ 103.9850736, 1.3837764 ], [ 103.9845157, 1.3835673 ], [ 103.984623, 1.3833581 ], [ 103.9839525, 1.3832026 ], [ 103.983593, 1.3829076 ], [ 103.9834965, 1.382972 ] ] ] } },
{ "type": "Feature", "properties": { "id": 293112609, "name": null, "forest_area_ha": 2.689990614671173, "source_layer": "natural", "source": "OSM" }, "geometry": { "type": "Polygon", "coordinates": [ [ [ 103.9824236, 1.3717314 ], [ 103.9826757, 1.3717368 ], [ 103.9831263, 1.3724018 ], [ 103.9832658, 1.3723213 ], [ 103.9830512, 1.3718548 ], [ 103.983155, 1.3717813 ], [ 103.9836593, 1.3723659 ], [ 103.983895300000015, 1.3720977 ], [ 103.9838524, 1.3718832 ], [ 103.9839382, 1.3718564 ], [ 103.9841617, 1.3723213 ], [ 103.9847357, 1.3729971 ], [ 103.984866, 1.37287 ], [ 103.9845549, 1.3723498 ], [ 103.9846836, 1.3723015 ], [ 103.9843618, 1.3714756 ], [ 103.9842759, 1.3714971 ], [ 103.9843763, 1.3718548 ], [ 103.9840885, 1.3719475 ], [ 103.9839329, 1.3717062 ], [ 103.9837183, 1.3717491 ], [ 103.9831765, 1.3705049 ], [ 103.982978, 1.3706605 ], [ 103.9833857, 1.3712611 ], [ 103.9831604, 1.3714542 ], [ 103.9828064, 1.3710841 ], [ 103.9825044, 1.3710896 ], [ 103.9822459, 1.3707682 ], [ 103.9820983, 1.3708106 ], [ 103.9818998, 1.3709769 ], [ 103.9818515, 1.3712128 ], [ 103.9816584, 1.3712826 ], [ 103.9816423, 1.3715292 ], [ 103.9824236, 1.3717314 ] ] ] } },
{ "type": "Feature", "properties": { "id": 293474489, "name": null, "forest_area_ha": 7.2839382788226761, "source_layer": "natural", "source": "OSM" }, "geometry": { "type": "Polygon", "coordinates": [ [ [ 103.9865755, 1.3877119 ], [ 103.9865176, 1.3873868 ], [ 103.9862984, 1.3873952 ], [ 103.9856414, 1.3875186 ], [ 103.9855985, 1.3874006 ], [ 103.9857719, 1.3869765 ], [ 103.9858077, 1.3870654 ], [ 103.9860437, 1.3868269 ], [ 103.9861618, 1.3868162 ], [ 103.9861367, 1.3865394 ], [ 103.9863279, 1.3864971 ], [ 103.9865881, 1.3865293 ], [ 103.9868322, 1.3864783 ], [ 103.9869421, 1.3865239 ], [ 103.986926100000019, 1.3866687 ], [ 103.9871004, 1.3868028 ], [ 103.9873272, 1.3867815 ], [ 103.9873311, 1.3866794 ], [ 103.9871701, 1.3865373 ], [ 103.9873534, 1.3864238 ], [ 103.9873579, 1.3860359 ], [ 103.9870843, 1.3860064 ], [ 103.9870199, 1.3861807 ], [ 103.986818, 1.3861855 ], [ 103.9867061, 1.3860975 ], [ 103.9869636, 1.3858535 ], [ 103.9873337, 1.3857516 ], [ 103.9873732, 1.385542 ], [ 103.9871935, 1.3855688 ], [ 103.9865264, 1.385757 ], [ 103.9864693, 1.3861051 ], [ 103.9863727, 1.386089 ], [ 103.9863816, 1.3854942 ], [ 103.9863328, 1.3854898 ], [ 103.9863435, 1.38616 ], [ 103.9863521, 1.3861968 ], [ 103.9863889, 1.3863567 ], [ 103.986285, 1.38643 ], [ 103.9860213, 1.3865207 ], [ 103.985957, 1.3867003 ], [ 103.9857648, 1.3868148 ], [ 103.9854756, 1.3871152 ], [ 103.9853347, 1.3873492 ], [ 103.9852971, 1.387006 ], [ 103.9850987, 1.3869899 ], [ 103.9850718, 1.3872205 ], [ 103.9849699, 1.3872902 ], [ 103.984937700000017, 1.3875423 ], [ 103.9834877, 1.3876498 ], [ 103.9833965, 1.3876927 ], [ 103.9832381, 1.3878966 ], [ 103.9833884, 1.3881085 ], [ 103.9829431, 1.3881567 ], [ 103.9823101, 1.3880414 ], [ 103.9817978, 1.3879342 ], [ 103.9817683, 1.388087 ], [ 103.9819882, 1.3882318 ], [ 103.982227, 1.3882667 ], [ 103.9824898, 1.3882426 ], [ 103.982581, 1.3884839 ], [ 103.9828305, 1.3885482 ], [ 103.9833481, 1.3884678 ], [ 103.983374900000015, 1.3885938 ], [ 103.9835466, 1.3886099 ], [ 103.9835681, 1.3884517 ], [ 103.983592, 1.3884333 ], [ 103.9836485, 1.38839 ], [ 103.9839508, 1.3884669 ], [ 103.9839741, 1.3883664 ], [ 103.9834887, 1.3883142 ], [ 103.9834815, 1.3881857 ], [ 103.9837224, 1.3880657 ], [ 103.9841438, 1.3880974 ], [ 103.9842543, 1.3881159 ], [ 103.9842788, 1.3879848 ], [ 103.9843728, 1.3879589 ], [ 103.9844747, 1.3879428 ], [ 103.9846273, 1.3879154 ], [ 103.9847285, 1.3879633 ], [ 103.9847875, 1.3881322 ], [ 103.9850584, 1.3880545 ], [ 103.9852247, 1.3879713 ], [ 103.9854554, 1.3881134 ], [ 103.9855117, 1.3883172 ], [ 103.9854313, 1.3885022 ], [ 103.9853352, 1.3885932 ], [ 103.9852116, 1.3886538 ], [ 103.9852489, 1.3890037 ], [ 103.9852569, 1.3892477 ], [ 103.9854098, 1.389666 ], [ 103.9854366, 1.3902398 ], [ 103.9856307, 1.3903367 ], [ 103.9856763, 1.3902188 ], [ 103.9857594, 1.3899774 ], [ 103.9860518, 1.3900069 ], [ 103.9862395, 1.3901115 ], [ 103.9865613, 1.3901919 ], [ 103.9865613, 1.3902858 ], [ 103.9860766, 1.3906785 ], [ 103.9857755, 1.390873 ], [ 103.9856629, 1.3907953 ], [ 103.9854742, 1.3908565 ], [ 103.9854152, 1.3906742 ], [ 103.9850236, 1.3907251 ], [ 103.9850692, 1.3909745 ], [ 103.9852811, 1.390937 ], [ 103.9852471, 1.3911707 ], [ 103.9857503, 1.3909963 ], [ 103.986150900000013, 1.390746 ], [ 103.9865835, 1.3904209 ], [ 103.9866646, 1.390333 ], [ 103.9867431, 1.3901308 ], [ 103.9861116, 1.3898944 ], [ 103.9865824, 1.3883637 ], [ 103.9865755, 1.3877119 ] ] ] } },
{ "type": "Feature", "properties": { "id": 295577858, "name": null, "forest_area_ha": 1.880614344769773, "source_layer": "natural", "source": "OSM" }, "geometry": { "type": "Polygon", "coordinates": [ [ [ 103.9137848, 1.3409934 ], [ 103.9142517, 1.3402118 ], [ 103.9137124, 1.3397218 ], [ 103.912646800000019, 1.3391231 ], [ 103.9124376, 1.339536 ], [ 103.9129828, 1.3399149 ], [ 103.912838, 1.3403654 ], [ 103.9137848, 1.3409934 ] ] ] } },
{ "type": "Feature", "properties": { "id": 298299695, "name": null, "forest_area_ha": 9.0785801243212116, "source_layer": "natural", "source": "OSM" }, "geometry": { "type": "Polygon", "coordinates": [ [ [ 103.902434, 1.4143837 ], [ 103.902987400000015, 1.4142177 ], [ 103.9038902, 1.413946 ], [ 103.9044831, 1.4137606 ], [ 103.9045537, 1.4137327 ], [ 103.9061885, 1.4148286 ], [ 103.906791, 1.4143651 ], [ 103.9071652, 1.4142231 ], [ 103.9067241, 1.4134163 ], [ 103.9065218, 1.4130559 ], [ 103.9061951, 1.4124712 ], [ 103.905948, 1.4121108 ], [ 103.9052771, 1.4124302 ], [ 103.903789, 1.4130057 ], [ 103.9024593, 1.41336 ], [ 103.9020288, 1.4134773 ], [ 103.9016739, 1.4135808 ], [ 103.9015648, 1.4136382 ], [ 103.9014789, 1.4137696 ], [ 103.9014333, 1.4140619 ], [ 103.9016624, 1.4149081 ], [ 103.902434, 1.4143837 ] ], [ [ 103.90713234845785, 1.414175692811618 ], [ 103.907120585697115, 1.414155535311897 ], [ 103.907132348457864, 1.414175692811615 ], [ 103.907143933974638, 1.414195954018617 ], [ 103.907155341344833, 1.414216317354344 ], [ 103.907143933974638, 1.41419595401862 ], [ 103.90713234845785, 1.414175692811618 ] ] ] } },
{ "type": "Feature", "properties": { "id": 299649618, "name": null, "forest_area_ha": 4.8295982521757779, "source_layer": "natural", "source": "OSM" }, "geometry": { "type": "Polygon", "coordinates": [ [ [ 103.9294993, 1.3911521 ], [ 103.927541, 1.3927883 ], [ 103.927528, 1.3930033 ], [ 103.927751, 1.3933777 ], [ 103.9280515, 1.3937477 ], [ 103.9286094, 1.3943213 ], [ 103.9298485, 1.3933187 ], [ 103.9291088, 1.392483 ], [ 103.9300589, 1.3916425 ], [ 103.9296, 1.391161 ], [ 103.9294993, 1.3911521 ] ] ] } },
{ "type": "Feature", "properties": { "id": 326750722, "name": null, "forest_area_ha": 0.081262555006468937, "source_layer": "natural", "source": "OSM" }, "geometry": { "type": "Polygon", "coordinates": [ [ [ 103.7711484, 1.3679736 ], [ 103.7712342, 1.3680755 ], [ 103.7713428, 1.3682356 ], [ 103.7714637, 1.3681716 ], [ 103.7712611, 1.3679648 ], [ 103.7711267, 1.36784 ], [ 103.770997, 1.3677322 ], [ 103.7708328, 1.3678094 ], [ 103.7709178, 1.3678226 ], [ 103.7709969, 1.3678487 ], [ 103.7710599, 1.3678986 ], [ 103.7711484, 1.3679736 ] ] ] } },
{ "type": "Feature", "properties": { "id": 326926567, "name": null, "forest_area_ha": 0.070396713715241338, "source_layer": "natural", "source": "OSM" }, "geometry": { "type": "Polygon", "coordinates": [ [ [ 103.8431795, 1.2792977 ], [ 103.842874, 1.2791104 ], [ 103.8428533, 1.2791197 ], [ 103.8428502, 1.2791352 ], [ 103.8432064, 1.279365 ], [ 103.8432551, 1.279364 ], [ 103.843282, 1.279334 ], [ 103.8433089, 1.2789551 ], [ 103.8432033, 1.2789478 ], [ 103.8431795, 1.2792977 ] ] ] } },
{ "type": "Feature", "properties": { "id": 370372760, "name": null, "forest_area_ha": 8.1223993173633762, "source_layer": "natural", "source": "OSM" }, "geometry": { "type": "Polygon", "coordinates": [ [ [ 103.7642085, 1.3298788 ], [ 103.7644469, 1.3314691 ], [ 103.7645279, 1.3316883 ], [ 103.7646693, 1.3318789 ], [ 103.7648696, 1.3320298 ], [ 103.7651031, 1.3321379 ], [ 103.7654305, 1.3321585 ], [ 103.7660494, 1.3320175 ], [ 103.767081, 1.3319198 ], [ 103.7680184, 1.3319829 ], [ 103.7690155, 1.3322487 ], [ 103.7691876, 1.3322882 ], [ 103.7694826, 1.3321681 ], [ 103.7697122, 1.3319591 ], [ 103.7692241, 1.3317476 ], [ 103.7686323, 1.3316824 ], [ 103.7684413, 1.3315633 ], [ 103.7684206, 1.3309084 ], [ 103.7681298, 1.331212 ], [ 103.7676332, 1.3314383 ], [ 103.7670785, 1.3311915 ], [ 103.7670356, 1.3313066 ], [ 103.766194, 1.3313701 ], [ 103.7657131, 1.3315072 ], [ 103.7654524, 1.3315116 ], [ 103.7652681, 1.3313948 ], [ 103.7651418, 1.3311933 ], [ 103.765184, 1.330979 ], [ 103.765794, 1.3305703 ], [ 103.7657513, 1.3297165 ], [ 103.7654524, 1.329602 ], [ 103.765396200000012, 1.3300693 ], [ 103.7651041, 1.3299524 ], [ 103.7650906, 1.3293571 ], [ 103.7653378, 1.3292695 ], [ 103.7652659, 1.3289325 ], [ 103.7650232, 1.32891 ], [ 103.7649378, 1.3282045 ], [ 103.764828400000013, 1.3281914 ], [ 103.7647252, 1.3281472 ], [ 103.7646406, 1.3281044 ], [ 103.7645736, 1.3280399 ], [ 103.7645173, 1.3279568 ], [ 103.7644717, 1.3278428 ], [ 103.764461, 1.3277423 ], [ 103.7644771, 1.3276015 ], [ 103.7645173, 1.3275049 ], [ 103.7644409, 1.32745 ], [ 103.7643577, 1.3274607 ], [ 103.764305600000014, 1.3274396 ], [ 103.7642085, 1.3298788 ] ], [ [ 103.767496881281645, 1.331529544663834 ], [ 103.767450505002756, 1.331518144559464 ], [ 103.767405367414767, 1.331502498795793 ], [ 103.767361851339103, 1.331482740067848 ], [ 103.767320325844793, 1.331459035953575 ], [ 103.767361851339118, 1.331482740067842 ], [ 103.767405367414781, 1.331502498795786 ], [ 103.767450505002756, 1.331518144559455 ], [ 103.767496881281645, 1.331529544663825 ], [ 103.767544102924404, 1.331536602422201 ], [ 103.767591769434318, 1.331539257976244 ], [ 103.76763947654166, 1.33153748880364 ], [ 103.767686819632331, 1.331531309909112 ], [ 103.76763947654166, 1.331537488803642 ], [ 103.767591769434318, 1.33153925797625 ], [ 103.767544102924404, 1.331536602422209 ], [ 103.767496881281645, 1.331529544663834 ] ], [ [ 103.76717638243737, 1.331323111136361 ], [ 103.767151086715558, 1.331284358371104 ], [ 103.767129309441856, 1.331243498256715 ], [ 103.767151086715558, 1.3312843583711 ], [ 103.76717638243737, 1.331323111136357 ], [ 103.767204996814044, 1.331359450471441 ], [ 103.767236703840595, 1.331393089357311 ], [ 103.76727125308534, 1.331423762103891 ], [ 103.767308371667937, 1.331451226448573 ], [ 103.76727125308534, 1.331423762103895 ], [ 103.767236703840595, 1.331393089357315 ], [ 103.767204996814044, 1.331359450471445 ], [ 103.76717638243737, 1.331323111136361 ] ] ] } },
{ "type": "Feature", "properties": { "id": 372071639, "name": null, "forest_area_ha": 0.43813592080231911, "source_layer": "natural", "source": "OSM" }, "geometry": { "type": "Polygon", "coordinates": [ [ [ 103.816801500000011, 1.3108741 ], [ 103.8169947, 1.3107263 ], [ 103.8171681, 1.3103756 ], [ 103.817176, 1.3102338 ], [ 103.8170124, 1.3102751 ], [ 103.8168647, 1.3104062 ], [ 103.8167084, 1.3105475 ], [ 103.8165276, 1.3106672 ], [ 103.8161965, 1.3106554 ], [ 103.8161925, 1.3110396 ], [ 103.8166301, 1.3109844 ], [ 103.816801500000011, 1.3108741 ] ] ] } },
{ "type": "Feature", "properties": { "id": 372071649, "name": null, "forest_area_ha": 0.58495630203197269, "source_layer": "natural", "source": "OSM" }, "geometry": { "type": "Polygon", "coordinates": [ [ [ 103.8152058, 1.3116034 ], [ 103.816064, 1.3110969 ], [ 103.816064, 1.3110258 ], [ 103.8160425, 1.3109748 ], [ 103.8157824, 1.3107483 ], [ 103.8157327, 1.3106383 ], [ 103.8156643, 1.3105002 ], [ 103.8156567, 1.3104903 ], [ 103.815646200000018, 1.3104834 ], [ 103.815634, 1.3104803 ], [ 103.8156215, 1.3104812 ], [ 103.81561, 1.3104862 ], [ 103.8156007, 1.3104946 ], [ 103.8155946, 1.3105056 ], [ 103.815549, 1.3106531 ], [ 103.8154538, 1.3107751 ], [ 103.815313, 1.3108408 ], [ 103.8151989, 1.3111148 ], [ 103.81538620000002, 1.3112241 ], [ 103.815396, 1.3112744 ], [ 103.8152088, 1.3114507 ], [ 103.8150626, 1.3115371 ], [ 103.815176, 1.3116823 ], [ 103.8152058, 1.3116034 ] ] ] } },
{ "type": "Feature", "properties": { "id": 372071656, "name": "Rain Forest", "forest_area_ha": 6.1502872146549521, "source_layer": "natural", "source": "OSM" }, "geometry": { "type": "Polygon", "coordinates": [ [ [ 103.8161499, 1.3111526 ], [ 103.8153044, 1.3116097 ], [ 103.815271, 1.3116368 ], [ 103.8152476, 1.3116729 ], [ 103.815236700000014, 1.3117146 ], [ 103.8152393, 1.3117575 ], [ 103.8152709, 1.3118836 ], [ 103.815395, 1.3120905 ], [ 103.815535, 1.3126481 ], [ 103.8155902, 1.3129889 ], [ 103.8157656, 1.3133791 ], [ 103.8157774, 1.313647 ], [ 103.8157025, 1.313913 ], [ 103.8157123, 1.3142263 ], [ 103.8157872, 1.3145533 ], [ 103.8158779, 1.3146814 ], [ 103.8160316, 1.3146972 ], [ 103.8163371, 1.3147484 ], [ 103.8165125, 1.3148706 ], [ 103.8167175, 1.3149179 ], [ 103.816881, 1.3148903 ], [ 103.817153, 1.3150065 ], [ 103.8171767, 1.3149553 ], [ 103.8171096, 1.3145711 ], [ 103.8171254, 1.3142164 ], [ 103.8170683, 1.3136982 ], [ 103.8169965, 1.3132816 ], [ 103.8169571, 1.3129816 ], [ 103.8169196, 1.3124614 ], [ 103.8169709, 1.3120851 ], [ 103.8167738, 1.3120871 ], [ 103.8167462, 1.3118112 ], [ 103.8168704, 1.3116871 ], [ 103.816839300000012, 1.3115635 ], [ 103.8166134, 1.3113499 ], [ 103.8168805, 1.3111333 ], [ 103.8169453, 1.3111729 ], [ 103.8171561, 1.31123 ], [ 103.8171731, 1.3111612 ], [ 103.8171196, 1.3111317 ], [ 103.8169895, 1.3110115 ], [ 103.8168499, 1.3110048 ], [ 103.8166933, 1.3110715 ], [ 103.8165642, 1.311121 ], [ 103.8161499, 1.3111526 ] ] ] } },
{ "type": "Feature", "properties": { "id": 372071695, "name": null, "forest_area_ha": 3.6435976166397981, "source_layer": "natural", "source": "OSM" }, "geometry": { "type": "Polygon", "coordinates": [ [ [ 103.8223665, 1.3090766 ], [ 103.8227561, 1.3086969 ], [ 103.8226998, 1.3086191 ], [ 103.8223068, 1.3089557 ], [ 103.822217, 1.3088685 ], [ 103.822046, 1.3086457 ], [ 103.8221097, 1.3085481 ], [ 103.8220145, 1.3085199 ], [ 103.8219836, 1.3083818 ], [ 103.8218187, 1.3084288 ], [ 103.8218147, 1.3089168 ], [ 103.8215384, 1.3089597 ], [ 103.8215062, 1.3086245 ], [ 103.8217369, 1.3085333 ], [ 103.8214445, 1.3084556 ], [ 103.8214579, 1.3082893 ], [ 103.8216644, 1.3079595 ], [ 103.8214847, 1.3079407 ], [ 103.8212112, 1.3081257 ], [ 103.8209805, 1.3080131 ], [ 103.8211924, 1.3077624 ], [ 103.8216108, 1.3077128 ], [ 103.82207750000002, 1.307871 ], [ 103.822327, 1.3080265 ], [ 103.8225415, 1.3077825 ], [ 103.822681, 1.3078978 ], [ 103.823145, 1.3072945 ], [ 103.8229546, 1.3073039 ], [ 103.8228916, 1.3072087 ], [ 103.8227588, 1.3072717 ], [ 103.822854, 1.3073307 ], [ 103.822854, 1.307509 ], [ 103.8223216, 1.3075197 ], [ 103.8220909, 1.3074446 ], [ 103.8219434, 1.3074446 ], [ 103.8216618, 1.3073615 ], [ 103.8211897, 1.3075653 ], [ 103.8211303, 1.3074373 ], [ 103.8210851, 1.3073401 ], [ 103.8207673, 1.3074567 ], [ 103.8207015, 1.3076645 ], [ 103.820782, 1.3080185 ], [ 103.8205245, 1.3081472 ], [ 103.8206962, 1.308646 ], [ 103.8208812, 1.3085601 ], [ 103.8210154, 1.3088109 ], [ 103.8204011, 1.3091152 ], [ 103.8202858, 1.3088967 ], [ 103.8200994, 1.3089959 ], [ 103.8202322, 1.3092332 ], [ 103.8201296, 1.3093505 ], [ 103.8195053, 1.3096395 ], [ 103.8196582, 1.3099063 ], [ 103.8197789, 1.3097695 ], [ 103.8200659, 1.3099143 ], [ 103.8203582, 1.3093217 ], [ 103.8208544, 1.309024 ], [ 103.821179, 1.309008 ], [ 103.8212702, 1.3092761 ], [ 103.8206942, 1.3095447 ], [ 103.8209897, 1.3098512 ], [ 103.8223665, 1.3090766 ] ] ] } },
{ "type": "Feature", "properties": { "id": 372071710, "name": null, "forest_area_ha": 0.61197595771726354, "source_layer": "natural", "source": "OSM" }, "geometry": { "type": "Polygon", "coordinates": [ [ [ 103.8189982, 1.3163011 ], [ 103.8195171, 1.3173865 ], [ 103.8198787, 1.3173401 ], [ 103.8198437, 1.3171089 ], [ 103.8195638, 1.3168095 ], [ 103.8192071, 1.3162263 ], [ 103.8192032, 1.3158007 ], [ 103.8188031, 1.3160647 ], [ 103.8189982, 1.3163011 ] ] ] } },
{ "type": "Feature", "properties": { "id": 372071714, "name": null, "forest_area_ha": 0.29442892640567531, "source_layer": "natural", "source": "OSM" }, "geometry": { "type": "Polygon", "coordinates": [ [ [ 103.8175255, 1.3111178 ], [ 103.817637, 1.3109116 ], [ 103.81769, 1.3106441 ], [ 103.8176942, 1.3103223 ], [ 103.8174378, 1.310293 ], [ 103.8174768, 1.310672 ], [ 103.8172064, 1.3112836 ], [ 103.8173318, 1.31137 ], [ 103.8175255, 1.3111178 ] ] ] } },
{ "type": "Feature", "properties": { "id": 372071715, "name": null, "forest_area_ha": 0.12579966896758663, "source_layer": "natural", "source": "OSM" }, "geometry": { "type": "Polygon", "coordinates": [ [ [ 103.8170413, 1.310914 ], [ 103.8171695, 1.3110268 ], [ 103.8172649, 1.3110217 ], [ 103.8174238, 1.3106594 ], [ 103.8173082, 1.3106107 ], [ 103.8171939, 1.3106322 ], [ 103.8170851, 1.3107748 ], [ 103.8169795, 1.3109043 ], [ 103.8170413, 1.310914 ] ] ] } },
{ "type": "Feature", "properties": { "id": 372071716, "name": null, "forest_area_ha": 0.47741164063072267, "source_layer": "natural", "source": "OSM" }, "geometry": { "type": "Polygon", "coordinates": [ [ [ 103.817281, 1.3147361 ], [ 103.8173451, 1.3149297 ], [ 103.8175054, 1.315207 ], [ 103.8176433, 1.3153101 ], [ 103.8177158, 1.3153115 ], [ 103.817766, 1.3152989 ], [ 103.8180349, 1.3146873 ], [ 103.8172601, 1.3144756 ], [ 103.817281, 1.3147361 ] ] ] } },
{ "type": "Feature", "properties": { "id": 372072383, "name": null, "forest_area_ha": 0.15032587549948237, "source_layer": "natural", "source": "OSM" }, "geometry": { "type": "Polygon", "coordinates": [ [ [ 103.825212, 1.3140482 ], [ 103.825294, 1.3141805 ], [ 103.8256235, 1.3142705 ], [ 103.8256526, 1.3141819 ], [ 103.8255335, 1.314125 ], [ 103.8254356, 1.314031 ], [ 103.8253231, 1.3138458 ], [ 103.8252636, 1.3136196 ], [ 103.8250942, 1.3140033 ], [ 103.825212, 1.3140482 ] ] ] } },
{ "type": "Feature", "properties": { "id": 372138362, "name": null, "forest_area_ha": 0.51003966989451988, "source_layer": "natural", "source": "OSM" }, "geometry": { "type": "Polygon", "coordinates": [ [ [ 103.8306958, 1.3131749 ], [ 103.830918, 1.3133984 ], [ 103.8312064, 1.3135029 ], [ 103.8312051, 1.3135677 ], [ 103.831460400000012, 1.3135888 ], [ 103.8315371, 1.3134103 ], [ 103.8315014, 1.3133415 ], [ 103.8313889, 1.3133733 ], [ 103.831284400000015, 1.3131696 ], [ 103.8312275, 1.3131934 ], [ 103.8311072, 1.3130453 ], [ 103.8310027, 1.3127782 ], [ 103.8305516, 1.3128879 ], [ 103.8304749, 1.3129924 ], [ 103.8304616, 1.3131075 ], [ 103.830513200000013, 1.3132992 ], [ 103.8306958, 1.3131749 ] ] ] } },
{ "type": "Feature", "properties": { "id": 372138364, "name": null, "forest_area_ha": 1.742036308500831, "source_layer": "natural", "source": "OSM" }, "geometry": { "type": "Polygon", "coordinates": [ [ [ 103.8344579, 1.31158 ], [ 103.8344231, 1.3110693 ], [ 103.8346813, 1.3110144 ], [ 103.8346666, 1.3108479 ], [ 103.8345861, 1.3107637 ], [ 103.8344231, 1.3107838 ], [ 103.8343737, 1.3108534 ], [ 103.8340918, 1.3108168 ], [ 103.834154, 1.3101651 ], [ 103.8346068, 1.3104794 ], [ 103.8353108, 1.3107016 ], [ 103.834132, 1.309951 ], [ 103.8338849, 1.3096892 ], [ 103.8338153, 1.3096819 ], [ 103.8336633, 1.3097259 ], [ 103.8335681, 1.3098375 ], [ 103.8333997, 1.3110877 ], [ 103.8344579, 1.31158 ] ] ] } },
{ "type": "Feature", "properties": { "id": 372138370, "name": null, "forest_area_ha": 2.2261699032540756, "source_layer": "natural", "source": "OSM" }, "geometry": { "type": "Polygon", "coordinates": [ [ [ 103.8339182, 1.3136269 ], [ 103.8344989, 1.3137406 ], [ 103.8351374, 1.3133855 ], [ 103.8350412, 1.3132124 ], [ 103.8348768, 1.3131145 ], [ 103.8346406, 1.3130498 ], [ 103.8349852, 1.3125951 ], [ 103.83491, 1.3123747 ], [ 103.8347631, 1.312394 ], [ 103.8345357, 1.3123642 ], [ 103.8343275, 1.3127035 ], [ 103.8344884, 1.3128417 ], [ 103.8342978, 1.3131565 ], [ 103.8339339, 1.313055 ], [ 103.8338727, 1.3131425 ], [ 103.8336523, 1.3130096 ], [ 103.8333764, 1.3127272 ], [ 103.8333633, 1.3125627 ], [ 103.8334175, 1.3123999 ], [ 103.8335522, 1.3121362 ], [ 103.8338627, 1.3118838 ], [ 103.8340704, 1.3119698 ], [ 103.8341677, 1.3118987 ], [ 103.8343042, 1.3118669 ], [ 103.8343772, 1.3119679 ], [ 103.8346428, 1.3120876 ], [ 103.834964600000021, 1.3121437 ], [ 103.8349777, 1.3119249 ], [ 103.8345792, 1.3116967 ], [ 103.8340442, 1.3114405 ], [ 103.833917, 1.3116537 ], [ 103.8336121, 1.3119417 ], [ 103.8334119, 1.3121811 ], [ 103.833281, 1.3124598 ], [ 103.833193, 1.3126861 ], [ 103.8330434, 1.312817 ], [ 103.8329012, 1.3130096 ], [ 103.83289, 1.3131817 ], [ 103.8333745, 1.3130695 ], [ 103.833627, 1.3130938 ], [ 103.8335765, 1.3135875 ], [ 103.8339182, 1.3136269 ] ] ] } },
{ "type": "Feature", "properties": { "id": 372138373, "name": null, "forest_area_ha": 0.95069694908595281, "source_layer": "natural", "source": "OSM" }, "geometry": { "type": "Polygon", "coordinates": [ [ [ 103.8325158, 1.3131705 ], [ 103.8328039, 1.3129367 ], [ 103.8329049, 1.3127422 ], [ 103.8327946, 1.3126917 ], [ 103.8326056, 1.3123775 ], [ 103.8316665, 1.3126206 ], [ 103.8318031, 1.3132453 ], [ 103.8319471, 1.3133556 ], [ 103.8325158, 1.3131705 ] ] ] } },
{ "type": "Feature", "properties": { "id": 372138375, "name": null, "forest_area_ha": 0.26424952670053098, "source_layer": "natural", "source": "OSM" }, "geometry": { "type": "Polygon", "coordinates": [ [ [ 103.8332271, 1.3108805 ], [ 103.8332594, 1.3108805 ], [ 103.833284, 1.3108429 ], [ 103.8334989, 1.3092083 ], [ 103.833471700000018, 1.3091461 ], [ 103.8334368, 1.3091319 ], [ 103.8333695, 1.3091435 ], [ 103.833328, 1.3091901 ], [ 103.8332076, 1.3108481 ], [ 103.8332271, 1.3108805 ] ] ] } },
{ "type": "Feature", "properties": { "id": 387277562, "name": null, "forest_area_ha": 1.1467995676348477, "source_layer": "natural", "source": "OSM" }, "geometry": { "type": "Polygon", "coordinates": [ [ [ 103.7290118, 1.4220195 ], [ 103.7291171, 1.4220621 ], [ 103.7294328, 1.4221297 ], [ 103.729686, 1.4221948 ], [ 103.7297636, 1.4222437 ], [ 103.7312636, 1.4227986 ], [ 103.7314766, 1.4226909 ], [ 103.7314553, 1.4225456 ], [ 103.7314979, 1.4223702 ], [ 103.7300193, 1.4218767 ], [ 103.7290018, 1.4219756 ], [ 103.7290118, 1.4220195 ] ] ] } },
{ "type": "Feature", "properties": { "id": 387994561, "name": null, "forest_area_ha": 0.069354224212591783, "source_layer": "natural", "source": "OSM" }, "geometry": { "type": "Polygon", "coordinates": [ [ [ 103.7290876, 1.4038164 ], [ 103.7291205, 1.4038302 ], [ 103.7291237, 1.4038705 ], [ 103.7291566, 1.4038874 ], [ 103.729221200000012, 1.4038599 ], [ 103.7292679, 1.4038726 ], [ 103.7293591, 1.403774 ], [ 103.7293315, 1.4036722 ], [ 103.7293273, 1.4036139 ], [ 103.7292923, 1.4035811 ], [ 103.7291937, 1.4036203 ], [ 103.7291693, 1.403668 ], [ 103.7291322, 1.4036775 ], [ 103.7290622, 1.4037857 ], [ 103.7290876, 1.4038164 ] ] ] } },
{ "type": "Feature", "properties": { "id": 387994562, "name": null, "forest_area_ha": 0.0045080586502923466, "source_layer": "natural", "source": "OSM" }, "geometry": { "type": "Polygon", "coordinates": [ [ [ 103.7288512, 1.403898 ], [ 103.7288946, 1.4038747 ], [ 103.7289105, 1.4038577 ], [ 103.728892500000015, 1.4038281 ], [ 103.7288554, 1.4038238 ], [ 103.728831, 1.4038482 ], [ 103.7288512, 1.403898 ] ] ] } },
{ "type": "Feature", "properties": { "id": 387995145, "name": null, "forest_area_ha": 0.030273529375361586, "source_layer": "natural", "source": "OSM" }, "geometry": { "type": "Polygon", "coordinates": [ [ [ 103.730327, 1.4022025 ], [ 103.7303715, 1.402229 ], [ 103.7304065, 1.4022004 ], [ 103.7304299, 1.4022142 ], [ 103.7304373, 1.4022375 ], [ 103.730502, 1.4022682 ], [ 103.7305295, 1.4022438 ], [ 103.7304945, 1.4021781 ], [ 103.7304871, 1.4021251 ], [ 103.7304447, 1.4020636 ], [ 103.7303747, 1.402087 ], [ 103.73031, 1.4021495 ], [ 103.730327, 1.4022025 ] ] ] } },
{ "type": "Feature", "properties": { "id": 388806180, "name": null, "forest_area_ha": 1.1081307064907091, "source_layer": "natural", "source": "OSM" }, "geometry": { "type": "Polygon", "coordinates": [ [ [ 103.723258900000019, 1.374872 ], [ 103.72325290000002, 1.3746826 ], [ 103.7231657, 1.3746115 ], [ 103.7195595, 1.3746531 ], [ 103.7195662, 1.374881 ], [ 103.723258900000019, 1.374872 ] ] ] } },
{ "type": "Feature", "properties": { "id": 389182832, "name": null, "forest_area_ha": 1.1714849135822325, "source_layer": "natural", "source": "OSM" }, "geometry": { "type": "Polygon", "coordinates": [ [ [ 103.7294723, 1.3811478 ], [ 103.7294811, 1.3811331 ], [ 103.7295, 1.3810832 ], [ 103.7295074, 1.3810285 ], [ 103.7295059, 1.3809737 ], [ 103.729492500000021, 1.3809304 ], [ 103.729477, 1.3808919 ], [ 103.7294575, 1.3808569 ], [ 103.729024700000011, 1.3802986 ], [ 103.7282292, 1.3809714 ], [ 103.7288255, 1.3816762 ], [ 103.7294892, 1.3811685 ], [ 103.7294723, 1.3811478 ] ] ] } },
{ "type": "Feature", "properties": { "id": 389182833, "name": null, "forest_area_ha": 7.2253041376485552, "source_layer": "natural", "source": "OSM" }, "geometry": { "type": "Polygon", "coordinates": [ [ [ 103.7283672, 1.3874231 ], [ 103.7284019, 1.3868317 ], [ 103.7284539, 1.3862576 ], [ 103.7284864, 1.3859739 ], [ 103.7285406, 1.3856446 ], [ 103.7286706, 1.3851572 ], [ 103.7287854, 1.3847629 ], [ 103.7289176, 1.3844228 ], [ 103.7291452, 1.3838767 ], [ 103.7291917, 1.3837653 ], [ 103.7295121, 1.3831714 ], [ 103.7297742, 1.3827318 ], [ 103.7301257, 1.382203 ], [ 103.7304832, 1.3817654 ], [ 103.7310217, 1.3811198 ], [ 103.7310065, 1.3810982 ], [ 103.7300747, 1.3811567 ], [ 103.7298472, 1.3811827 ], [ 103.7297042, 1.3812217 ], [ 103.7295547, 1.3812975 ], [ 103.7282468, 1.3823431 ], [ 103.728541300000018, 1.3828216 ], [ 103.7281936, 1.3830711 ], [ 103.72835, 1.3833218 ], [ 103.7281759, 1.3834322 ], [ 103.7279757, 1.3832135 ], [ 103.7277199, 1.3828131 ], [ 103.7275575, 1.3829618 ], [ 103.7283563, 1.3842766 ], [ 103.7275808, 1.3846783 ], [ 103.7276049, 1.384721 ], [ 103.7283521, 1.3843367 ], [ 103.728395400000011, 1.3844126 ], [ 103.7281809, 1.3849845 ], [ 103.7281159, 1.3853592 ], [ 103.7280119, 1.3859181 ], [ 103.728066, 1.3859376 ], [ 103.7279447, 1.3870424 ], [ 103.727942500000012, 1.3875054 ], [ 103.7283672, 1.3874231 ] ] ] } },
{ "type": "Feature", "properties": { "id": 393219510, "name": null, "forest_area_ha": 4.8532418929406314, "source_layer": "natural", "source": "OSM" }, "geometry": { "type": "Polygon", "coordinates": [ [ [ 103.8803972, 1.2841443 ], [ 103.880309900000015, 1.284198 ], [ 103.8801537, 1.284218 ], [ 103.8799975, 1.2842381 ], [ 103.8799061, 1.2841543 ], [ 103.8796271, 1.2843929 ], [ 103.879406, 1.2844697 ], [ 103.879424, 1.2846497 ], [ 103.8792235, 1.2851018 ], [ 103.8790897, 1.2861943 ], [ 103.879215, 1.2862166 ], [ 103.8800954, 1.2857154 ], [ 103.8805606, 1.2853497 ], [ 103.8811284, 1.28618 ], [ 103.8807169, 1.2867267 ], [ 103.8805718, 1.2866382 ], [ 103.8804692, 1.2861641 ], [ 103.8803029, 1.2861889 ], [ 103.8802887, 1.2865002 ], [ 103.8803559, 1.2866276 ], [ 103.8800303, 1.2871265 ], [ 103.8793897, 1.2879969 ], [ 103.8793083, 1.2881314 ], [ 103.879485300000013, 1.2882092 ], [ 103.8796658, 1.2881526 ], [ 103.8797331, 1.2883225 ], [ 103.8815345, 1.2860013 ], [ 103.8808939, 1.285322 ], [ 103.8810567, 1.2850424 ], [ 103.881079290567115, 1.284951289120224 ], [ 103.881034450309713, 1.284903888918152 ], [ 103.881035420715918, 1.284903008953179 ], [ 103.88103575406835, 1.284902701462953 ], [ 103.881045213749772, 1.284893271489666 ], [ 103.881053899420635, 1.2848831151229 ], [ 103.881061756205582, 1.284872296529664 ], [ 103.881068734466226, 1.284860884060858 ], [ 103.881074790114468, 1.284848949819429 ], [ 103.881075791789399, 1.284846724806839 ], [ 103.881076761339614, 1.284844485425265 ], [ 103.881077698561711, 1.284842232144527 ], [ 103.881078765976625, 1.284839546161603 ], [ 103.881080881031323, 1.284833784414988 ], [ 103.881082172160447, 1.284829908284048 ], [ 103.881083439922534, 1.284825763557264 ], [ 103.881084386920335, 1.284822386642045 ], [ 103.88108527191801, 1.284818961796683 ], [ 103.881086031124312, 1.284815758523007 ], [ 103.881086315428703, 1.284814413380007 ], [ 103.8803972, 1.2841443 ] ] ] } },
{ "type": "Feature", "properties": { "id": 408524801, "name": null, "forest_area_ha": 60.55110957815171, "source_layer": "natural", "source": "OSM" }, "geometry": { "type": "Polygon", "coordinates": [ [ [ 104.0224059, 1.4136919 ], [ 104.022127, 1.4137241 ], [ 104.0219553, 1.413767 ], [ 104.021697800000013, 1.4139171 ], [ 104.021333, 1.4142389 ], [ 104.0211077, 1.4144641 ], [ 104.0209361, 1.4147537 ], [ 104.0209012, 1.4148214 ], [ 104.0207537, 1.4151077 ], [ 104.0206249, 1.4154402 ], [ 104.0205391, 1.4158156 ], [ 104.0204425, 1.416191 ], [ 104.0196593, 1.4167487 ], [ 104.0170093, 1.417285 ], [ 104.0168806, 1.4173708 ], [ 104.0167625, 1.4174888 ], [ 104.0167518, 1.4176389 ], [ 104.0168296, 1.4178829 ], [ 104.0169047, 1.4180089 ], [ 104.0170683, 1.4181323 ], [ 104.0176074, 1.4184567 ], [ 104.0177093, 1.4185586 ], [ 104.0177952, 1.4187356 ], [ 104.0181684, 1.4196231 ], [ 104.0188336, 1.4210549 ], [ 104.0192199, 1.4220631 ], [ 104.0192574, 1.4223313 ], [ 104.0191917, 1.4227388 ], [ 104.0191984, 1.4229547 ], [ 104.019303, 1.4233166 ], [ 104.0195069, 1.4236344 ], [ 104.0196812, 1.4235593 ], [ 104.0197644, 1.4233984 ], [ 104.0199199, 1.4233033 ], [ 104.020041, 1.4225046 ], [ 104.0201905, 1.4220634 ], [ 104.0207001, 1.4214923 ], [ 104.0209991, 1.4213069 ], [ 104.0218454, 1.4210793 ], [ 104.0223631, 1.421015 ], [ 104.0226259, 1.4208944 ], [ 104.0235808, 1.4202615 ], [ 104.0242004, 1.4200739 ], [ 104.0242862, 1.4200336 ], [ 104.0243157, 1.41998 ], [ 104.024275, 1.4198732 ], [ 104.024122600000013, 1.4197279 ], [ 104.0240838, 1.4196355 ], [ 104.0242004, 1.4193418 ], [ 104.0241594, 1.4192004 ], [ 104.0244284, 1.4187224 ], [ 104.0245655, 1.4183992 ], [ 104.0250104, 1.4185052 ], [ 104.0250192, 1.418594 ], [ 104.0250354, 1.4187039 ], [ 104.0250971, 1.4187616 ], [ 104.0251547, 1.4187401 ], [ 104.0252379, 1.418645 ], [ 104.0254341, 1.418394 ], [ 104.0258864, 1.4176546 ], [ 104.0260132, 1.4173638 ], [ 104.026116200000018, 1.416873 ], [ 104.0262935, 1.4165902 ], [ 104.0264402, 1.4163585 ], [ 104.0266019, 1.4157987 ], [ 104.0268085, 1.4153986 ], [ 104.02696, 1.4151385 ], [ 104.0270209, 1.4148537 ], [ 104.0270284, 1.4145129 ], [ 104.0270193, 1.4143247 ], [ 104.0265902, 1.4142604 ], [ 104.0260108, 1.4141531 ], [ 104.0256782, 1.4141531 ], [ 104.0253242, 1.4141317 ], [ 104.0248843, 1.4139815 ], [ 104.0246697, 1.4139279 ], [ 104.0242727, 1.4137455 ], [ 104.0239616, 1.4135954 ], [ 104.0237256, 1.413531 ], [ 104.0234573, 1.4135632 ], [ 104.0230389, 1.4136061 ], [ 104.0224059, 1.4136919 ] ] ] } },
{ "type": "Feature", "properties": { "id": 439331095, "name": null, "forest_area_ha": 1.0733875819846432, "source_layer": "natural", "source": "OSM" }, "geometry": { "type": "Polygon", "coordinates": [ [ [ 103.8614899, 1.3319441 ], [ 103.861679, 1.3318114 ], [ 103.8618587, 1.3315486 ], [ 103.8619539, 1.3311986 ], [ 103.8619955, 1.3308205 ], [ 103.8615436, 1.3308929 ], [ 103.8612512, 1.331019 ], [ 103.8610031, 1.3311799 ], [ 103.8609106, 1.3313957 ], [ 103.860903900000011, 1.3316156 ], [ 103.8609763, 1.3317832 ], [ 103.8611533, 1.3319401 ], [ 103.8612941, 1.3319709 ], [ 103.8614899, 1.3319441 ] ] ] } },
{ "type": "Feature", "properties": { "id": 439331098, "name": null, "forest_area_ha": 0.10446229631679051, "source_layer": "natural", "source": "OSM" }, "geometry": { "type": "Polygon", "coordinates": [ [ [ 103.8615006, 1.332298 ], [ 103.8615664, 1.3320648 ], [ 103.8614685, 1.3320996 ], [ 103.8612485, 1.3321103 ], [ 103.8610728, 1.3320581 ], [ 103.8615033, 1.3324992 ], [ 103.8615006, 1.332298 ] ] ] } },
{ "type": "Feature", "properties": { "id": 439331099, "name": null, "forest_area_ha": 0.41400104328951559, "source_layer": "natural", "source": "OSM" }, "geometry": { "type": "Polygon", "coordinates": [ [ [ 103.8634479, 1.3288363 ], [ 103.863254800000021, 1.328721 ], [ 103.8630885, 1.3286969 ], [ 103.862898, 1.32878 ], [ 103.86263790000001, 1.329024 ], [ 103.8625923, 1.3291742 ], [ 103.8625869, 1.3295737 ], [ 103.8634479, 1.3288363 ] ] ] } },
{ "type": "Feature", "properties": { "id": 439331100, "name": null, "forest_area_ha": 0.17568675295507979, "source_layer": "natural", "source": "OSM" }, "geometry": { "type": "Polygon", "coordinates": [ [ [ 103.860812700000011, 1.3312617 ], [ 103.8609119, 1.3310525 ], [ 103.8611359, 1.3308849 ], [ 103.8606262, 1.3307991 ], [ 103.8605605, 1.3308648 ], [ 103.8606665, 1.3311008 ], [ 103.8607711, 1.3314614 ], [ 103.860812700000011, 1.3312617 ] ] ] } },
{ "type": "Feature", "properties": { "id": 439331102, "name": null, "forest_area_ha": 0.29818455876448607, "source_layer": "natural", "source": "OSM" }, "geometry": { "type": "Polygon", "coordinates": [ [ [ 103.8620331, 1.3316518 ], [ 103.8618346, 1.3319655 ], [ 103.861747400000013, 1.3321841 ], [ 103.8617099, 1.3323839 ], [ 103.8617192, 1.3325394 ], [ 103.8617635, 1.3326399 ], [ 103.8618574, 1.3327727 ], [ 103.8620036, 1.3328357 ], [ 103.8620331, 1.3316518 ] ] ] } },
{ "type": "Feature", "properties": { "id": 439331103, "name": null, "forest_area_ha": 0.18317342808100376, "source_layer": "natural", "source": "OSM" }, "geometry": { "type": "Polygon", "coordinates": [ [ [ 103.862531, 1.3287647 ], [ 103.862708, 1.3286065 ], [ 103.8629869, 1.3285046 ], [ 103.8627724, 1.328459 ], [ 103.8624639, 1.3283732 ], [ 103.8622574, 1.3282231 ], [ 103.8623673, 1.3285395 ], [ 103.8624505, 1.3288639 ], [ 103.862531, 1.3287647 ] ] ] } },
{ "type": "Feature", "properties": { "id": 439331104, "name": null, "forest_area_ha": 0.20600641964411448, "source_layer": "natural", "source": "OSM" }, "geometry": { "type": "Polygon", "coordinates": [ [ [ 103.8607349, 1.331739 ], [ 103.8604452, 1.3309774 ], [ 103.8603151, 1.3307683 ], [ 103.8602735, 1.3308983 ], [ 103.8602641, 1.3310512 ], [ 103.860291, 1.3311785 ], [ 103.8603889, 1.3313944 ], [ 103.8605176, 1.3315995 ], [ 103.8607, 1.3317805 ], [ 103.8607349, 1.331739 ] ] ] } },
{ "type": "Feature", "properties": { "id": 464555230, "name": null, "forest_area_ha": 7.9259947565326554, "source_layer": "natural", "source": "OSM" }, "geometry": { "type": "Polygon", "coordinates": [ [ [ 103.8222733, 1.4396395 ], [ 103.8232496, 1.4395591 ], [ 103.8237861, 1.4385938 ], [ 103.82394450000001, 1.4380665 ], [ 103.823995, 1.4377315 ], [ 103.8230862, 1.4375868 ], [ 103.8226604, 1.4374588 ], [ 103.8225473, 1.4376932 ], [ 103.8223697, 1.437752 ], [ 103.8216558, 1.439168 ], [ 103.8213337, 1.4397984 ], [ 103.8207176, 1.4408086 ], [ 103.820132900000019, 1.4416023 ], [ 103.819864, 1.4421084 ], [ 103.8198625, 1.4421803 ], [ 103.8198966, 1.4422457 ], [ 103.8207453, 1.4427035 ], [ 103.8222733, 1.4396395 ] ] ] } },
{ "type": "Feature", "properties": { "id": 468278434, "name": null, "forest_area_ha": 0.95641734750245522, "source_layer": "natural", "source": "OSM" }, "geometry": { "type": "Polygon", "coordinates": [ [ [ 103.7744705, 1.4479039 ], [ 103.7737176, 1.4484717 ], [ 103.7740874, 1.4492177 ], [ 103.7748931, 1.4484981 ], [ 103.7744705, 1.4479039 ] ] ] } },
{ "type": "Feature", "properties": { "id": 468585848, "name": null, "forest_area_ha": 5.1379216060111164, "source_layer": "natural", "source": "OSM" }, "geometry": { "type": "Polygon", "coordinates": [ [ [ 103.882416400000011, 1.3813622 ], [ 103.882435, 1.3812875 ], [ 103.8838547, 1.3798635 ], [ 103.8843778, 1.3798542 ], [ 103.8843638, 1.3796348 ], [ 103.884289, 1.3795741 ], [ 103.88378, 1.3795321 ], [ 103.8835558, 1.3794854 ], [ 103.88286, 1.3794574 ], [ 103.8817999, 1.3794294 ], [ 103.8816692, 1.3794994 ], [ 103.88161310000001, 1.3797095 ], [ 103.881598, 1.3807923 ], [ 103.8816023, 1.3809632 ], [ 103.881591, 1.3813956 ], [ 103.8816121, 1.3815633 ], [ 103.88162920000002, 1.3816863 ], [ 103.8816657, 1.3818423 ], [ 103.8816878, 1.3819364 ], [ 103.8817802, 1.3821641 ], [ 103.8818971, 1.3823594 ], [ 103.882039100000014, 1.3825485 ], [ 103.8821309, 1.3826562 ], [ 103.8822062, 1.3827394 ], [ 103.882407, 1.3829402 ], [ 103.882416400000011, 1.3813622 ] ], [ [ 103.88195036825087, 1.382240267070259 ], [ 103.88186910701873, 1.382079299062892 ], [ 103.881796695094508, 1.381914107716752 ], [ 103.88186910701873, 1.382079299062892 ], [ 103.88195036825087, 1.382240267070259 ], [ 103.882040236600275, 1.382396531990441 ], [ 103.88195036825087, 1.382240267070259 ] ] ] } },
{ "type": "Feature", "properties": { "id": 468956361, "name": null, "forest_area_ha": 0.78110230681624837, "source_layer": "natural", "source": "OSM" }, "geometry": { "type": "Polygon", "coordinates": [ [ [ 103.7918351, 1.3009991 ], [ 103.7918552, 1.3010199 ], [ 103.791879300000019, 1.3010333 ], [ 103.7919182, 1.3010338 ], [ 103.7920704, 1.3009854 ], [ 103.792186700000016, 1.3009473 ], [ 103.7923437, 1.3008794 ], [ 103.7924958, 1.3008061 ], [ 103.7926797, 1.3007055 ], [ 103.7926751, 1.3006446 ], [ 103.792617100000015, 1.3006114 ], [ 103.7923461, 1.3003217 ], [ 103.7920078, 1.3000172 ], [ 103.7919218, 1.2999094 ], [ 103.7918414, 1.2998875 ], [ 103.791711, 1.2999572 ], [ 103.7916197, 1.3000178 ], [ 103.791602, 1.3001554 ], [ 103.7916868, 1.3002483 ], [ 103.7917407, 1.3003193 ], [ 103.7917884, 1.3004113 ], [ 103.7918161, 1.3004938 ], [ 103.7918342, 1.3006047 ], [ 103.7918245, 1.3009669 ], [ 103.7918351, 1.3009991 ] ] ] } },
{ "type": "Feature", "properties": { "id": 469620392, "name": null, "forest_area_ha": 0.80538407002543799, "source_layer": "natural", "source": "OSM" }, "geometry": { "type": "Polygon", "coordinates": [ [ [ 103.9281057, 1.3131319 ], [ 103.9282317, 1.3121722 ], [ 103.9277654, 1.3122126 ], [ 103.9276819, 1.3125357 ], [ 103.927311700000018, 1.3124438 ], [ 103.92727, 1.3126323 ], [ 103.9272069, 1.3129771 ], [ 103.9281057, 1.3131319 ] ] ] } },
{ "type": "Feature", "properties": { "id": 474523264, "name": null, "forest_area_ha": 0.019153764661218389, "source_layer": "natural", "source": "OSM" }, "geometry": { "type": "Polygon", "coordinates": [ [ [ 103.8482995, 1.298839 ], [ 103.848348, 1.2988341 ], [ 103.8483859, 1.298839 ], [ 103.8483908, 1.298816 ], [ 103.8484311, 1.2988177 ], [ 103.8484352, 1.2988407 ], [ 103.8485076, 1.2988168 ], [ 103.8485027, 1.2987881 ], [ 103.848553700000011, 1.2987716 ], [ 103.8485627, 1.2987922 ], [ 103.8486077, 1.2987508 ], [ 103.8485883, 1.2987183 ], [ 103.848543, 1.2987379 ], [ 103.8484287, 1.298779 ], [ 103.8483406, 1.2987881 ], [ 103.8482806, 1.2987914 ], [ 103.8482822, 1.2988218 ], [ 103.8482995, 1.298839 ] ] ] } },
{ "type": "Feature", "properties": { "id": 477622132, "name": null, "forest_area_ha": 1.9666964768406516, "source_layer": "natural", "source": "OSM" }, "geometry": { "type": "Polygon", "coordinates": [ [ [ 103.7726242, 1.3232781 ], [ 103.7725129, 1.3230254 ], [ 103.7732631, 1.3225589 ], [ 103.7735599, 1.3224077 ], [ 103.773408, 1.3223028 ], [ 103.773295500000017, 1.3222149 ], [ 103.7732055, 1.3220913 ], [ 103.7719696, 1.3219003 ], [ 103.7712012, 1.3214654 ], [ 103.7723965, 1.3234204 ], [ 103.7726242, 1.3232781 ] ] ] } },
{ "type": "Feature", "properties": { "id": 482119906, "name": null, "forest_area_ha": 0.48815379602887199, "source_layer": "natural", "source": "OSM" }, "geometry": { "type": "Polygon", "coordinates": [ [ [ 103.8223735, 1.2472528 ], [ 103.8224029, 1.2472538 ], [ 103.8224796, 1.2472879 ], [ 103.8225563, 1.2473495 ], [ 103.8225952, 1.2473736 ], [ 103.8226397, 1.2473675 ], [ 103.822652857731754, 1.247347801875326 ], [ 103.822655566992708, 1.247314838734595 ], [ 103.822655356602226, 1.247310221217447 ], [ 103.822619784651991, 1.247285972384019 ], [ 103.822619154790701, 1.247284499170606 ], [ 103.822551495018232, 1.247237908712669 ], [ 103.822545296991933, 1.24723519468728 ], [ 103.822477737854825, 1.247189135994574 ], [ 103.822345295070775, 1.247176438154681 ], [ 103.822250176952267, 1.247195972040727 ], [ 103.822141401069374, 1.247252657185566 ], [ 103.822038359494044, 1.247329398456649 ], [ 103.822016420995055, 1.247345736622699 ], [ 103.821999337251327, 1.247358460966468 ], [ 103.821973853153835, 1.24737743986305 ], [ 103.821943689513589, 1.247399904162299 ], [ 103.821911411632499, 1.24742394385606 ], [ 103.821841480863881, 1.247476025034557 ], [ 103.821428058328507, 1.247780414407796 ], [ 103.821309651823171, 1.247874424431989 ], [ 103.821299594581419, 1.247880971085026 ], [ 103.821274483351715, 1.247902346543988 ], [ 103.821253068681443, 1.247919348509909 ], [ 103.82123111040012, 1.247936782759681 ], [ 103.821217962944672, 1.247947221231159 ], [ 103.821166500000018, 1.248003 ], [ 103.821118613229672, 1.248097072412771 ], [ 103.821110125575814, 1.248129705398532 ], [ 103.821109766770874, 1.248207350785316 ], [ 103.821123055959859, 1.248244003100174 ], [ 103.8211802, 1.248339 ], [ 103.8212319, 1.2484122 ], [ 103.8213153, 1.2484652 ], [ 103.8214015, 1.2484917 ], [ 103.821413823927458, 1.248485754590977 ], [ 103.821435585042423, 1.248472973984036 ], [ 103.821454947533425, 1.248447764780071 ], [ 103.821447837349325, 1.248436983595895 ], [ 103.821432522058842, 1.248413760333579 ], [ 103.821421808934303, 1.24839751629931 ], [ 103.8213788, 1.2483781 ], [ 103.821375976242706, 1.248376911668857 ], [ 103.821342246358498, 1.248365655834321 ], [ 103.821336530046665, 1.248360311394967 ], [ 103.8213068, 1.2483478 ], [ 103.8212649, 1.2483049 ], [ 103.8218193, 1.2477643 ], [ 103.8218636, 1.2477012 ], [ 103.8219333, 1.2476228 ], [ 103.821989, 1.2475745 ], [ 103.8220447, 1.2475618 ], [ 103.822056560270482, 1.247562069191863 ], [ 103.82207645702168, 1.247542426355122 ], [ 103.822112930175166, 1.24750641921325 ], [ 103.822149936156251, 1.247469885732612 ], [ 103.822180214838284, 1.247439993880453 ], [ 103.82221058337268, 1.247410014304873 ], [ 103.822242902616111, 1.247378108439439 ], [ 103.822298124501501, 1.247323592637035 ], [ 103.822334097167484, 1.247288081081959 ], [ 103.822355332136837, 1.247267117082472 ], [ 103.822365224058075, 1.247257351789002 ], [ 103.822367024141073, 1.24725814962262 ], [ 103.8223735, 1.2472528 ] ] ] } },
{ "type": "Feature", "properties": { "id": 483606244, "name": null, "forest_area_ha": 5.4451306485739757, "source_layer": "natural", "source": "OSM" }, "geometry": { "type": "Polygon", "coordinates": [ [ [ 104.0146731, 1.3164512 ], [ 104.0146044, 1.3162106 ], [ 104.0144716, 1.3158659 ], [ 104.0137388, 1.3156997 ], [ 104.0113342, 1.3152655 ], [ 104.0111217, 1.315795 ], [ 104.0109357, 1.3162587 ], [ 104.014029, 1.3171221 ], [ 104.0148839, 1.3171281 ], [ 104.0149469, 1.317108 ], [ 104.0146731, 1.3164512 ] ] ] } },
{ "type": "Feature", "properties": { "id": 487122807, "name": null, "forest_area_ha": 2.0210474549609398, "source_layer": "natural", "source": "OSM" }, "geometry": { "type": "Polygon", "coordinates": [ [ [ 103.840208, 1.3439956 ], [ 103.8403156, 1.3443307 ], [ 103.8403805, 1.3443687 ], [ 103.8406596, 1.3445332 ], [ 103.840928100000014, 1.3446514 ], [ 103.8409597, 1.3446685 ], [ 103.8410196, 1.3446256 ], [ 103.841093, 1.3445629 ], [ 103.8411356, 1.3445245 ], [ 103.841382600000017, 1.3443107 ], [ 103.8414, 1.344128 ], [ 103.8415359, 1.3439306 ], [ 103.841835, 1.343752 ], [ 103.8418413, 1.3435743 ], [ 103.841840300000015, 1.3435083 ], [ 103.841831, 1.343436 ], [ 103.8418095, 1.3433762 ], [ 103.8417589, 1.3433111 ], [ 103.8416521, 1.3432014 ], [ 103.841344, 1.3430604 ], [ 103.8412849, 1.343053 ], [ 103.8412099, 1.343098 ], [ 103.8410363, 1.3433793 ], [ 103.8409444, 1.3434117 ], [ 103.8407351, 1.3433313 ], [ 103.8405313, 1.3432052 ], [ 103.8405045, 1.3431596 ], [ 103.84034, 1.3434374 ], [ 103.8404505, 1.3435353 ], [ 103.840208, 1.3439956 ] ] ] } },
{ "type": "Feature", "properties": { "id": 489526621, "name": null, "forest_area_ha": 0.97664435506095071, "source_layer": "natural", "source": "OSM" }, "geometry": { "type": "Polygon", "coordinates": [ [ [ 104.0060278, 1.3702224 ], [ 104.006155, 1.3700303 ], [ 104.006123100000011, 1.3699111 ], [ 104.0058232, 1.3699091 ], [ 104.0056551, 1.3699747 ], [ 104.0053639, 1.3701088 ], [ 104.0052223, 1.3702541 ], [ 104.0051032, 1.3704254 ], [ 104.0049257, 1.3708029 ], [ 104.0047387, 1.3710245 ], [ 104.0059474, 1.3707292 ], [ 104.0060278, 1.3702224 ] ] ] } },
{ "type": "Feature", "properties": { "id": 503663012, "name": null, "forest_area_ha": 6.6520322955040028, "source_layer": "natural", "source": "OSM" }, "geometry": { "type": "Polygon", "coordinates": [ [ [ 103.7585764, 1.3427142 ], [ 103.7591433, 1.3414017 ], [ 103.7593769, 1.3407513 ], [ 103.7593804, 1.3405131 ], [ 103.7592918, 1.3402666 ], [ 103.758621, 1.3398888 ], [ 103.758144, 1.3396856 ], [ 103.7576904, 1.3396897 ], [ 103.7574831, 1.3398498 ], [ 103.7575233, 1.3400721 ], [ 103.7571388, 1.3412722 ], [ 103.7569555, 1.3412762 ], [ 103.756536, 1.3420006 ], [ 103.7566218, 1.3420327 ], [ 103.7568617, 1.3417894 ], [ 103.7570691, 1.3418327 ], [ 103.7569562, 1.342306 ], [ 103.75711, 1.3424948 ], [ 103.7585764, 1.3427142 ] ] ] } },
{ "type": "Feature", "properties": { "id": 506312657, "name": null, "forest_area_ha": 1.4777196868733977, "source_layer": "natural", "source": "OSM" }, "geometry": { "type": "Polygon", "coordinates": [ [ [ 103.6852632, 1.4335566 ], [ 103.685066041835782, 1.433632807057769 ], [ 103.684987274325508, 1.433725277246714 ], [ 103.68484499804147, 1.433767096173755 ], [ 103.684826, 1.4338328 ], [ 103.684753345079855, 1.433804137313742 ], [ 103.684330293132007, 1.434078699069628 ], [ 103.684254356602565, 1.434153140661659 ], [ 103.684254137937231, 1.434220667971736 ], [ 103.684349828816693, 1.434417780563314 ], [ 103.68436503562539, 1.434430092938938 ], [ 103.6844666, 1.4344388 ], [ 103.6845363, 1.4345246 ], [ 103.684539705491048, 1.434528493207164 ], [ 103.684664309853076, 1.43457222978038 ], [ 103.684804652617686, 1.434673403455673 ], [ 103.685000095452011, 1.434757729765271 ], [ 103.685213422792174, 1.434984695714355 ], [ 103.685317193504517, 1.435048565716095 ], [ 103.685398195287078, 1.43506280381839 ], [ 103.685479312983759, 1.435035147413505 ], [ 103.685595734251194, 1.434970439831101 ], [ 103.685652547907978, 1.434897815214101 ], [ 103.685709779565713, 1.434696540781706 ], [ 103.685653697400497, 1.434544468877428 ], [ 103.685495095209561, 1.434415317664343 ], [ 103.685467701529049, 1.434374940697366 ], [ 103.685473674139701, 1.434086061128105 ], [ 103.685451323527232, 1.433917069919054 ], [ 103.685403442470204, 1.433812756027389 ], [ 103.685345732649864, 1.43361282944467 ], [ 103.6852632, 1.4335566 ] ] ] } },
{ "type": "Feature", "properties": { "id": 506312658, "name": null, "forest_area_ha": 1.7658765515279966, "source_layer": "natural", "source": "OSM" }, "geometry": { "type": "Polygon", "coordinates": [ [ [ 103.6613997, 1.3990006 ], [ 103.661544431444582, 1.398977934619717 ], [ 103.661649179724066, 1.398729100689047 ], [ 103.661906275471239, 1.397931315946099 ], [ 103.66190813079217, 1.397923675010941 ], [ 103.661893589906384, 1.397693943694722 ], [ 103.6618875, 1.3976757 ], [ 103.661755400000018, 1.397507 ], [ 103.6614322, 1.3972408 ], [ 103.6612594, 1.3969929 ], [ 103.6610826, 1.3968628 ], [ 103.6605459, 1.396997 ], [ 103.660426, 1.3971026 ], [ 103.6606781, 1.3972571 ], [ 103.6609504, 1.397379 ], [ 103.6611253, 1.3979094 ], [ 103.6610053, 1.3979805 ], [ 103.6612411, 1.3983219 ], [ 103.6612289, 1.3986105 ], [ 103.6609687, 1.3986897 ], [ 103.6610277, 1.3988868 ], [ 103.6612594, 1.3990433 ], [ 103.6613997, 1.3990006 ] ] ] } },
{ "type": "Feature", "properties": { "id": 507712126, "name": null, "forest_area_ha": 0.35031601240443105, "source_layer": "natural", "source": "OSM" }, "geometry": { "type": "Polygon", "coordinates": [ [ [ 103.7601383, 1.3227532 ], [ 103.7588647, 1.3223245 ], [ 103.7588155, 1.3223559 ], [ 103.7594171, 1.3225978 ], [ 103.7592991, 1.3228486 ], [ 103.7595633, 1.3229312 ], [ 103.7596048, 1.3229598 ], [ 103.759969600000019, 1.3230242 ], [ 103.7601383, 1.3227532 ] ] ] } },
{ "type": "Feature", "properties": { "id": 507712127, "name": null, "forest_area_ha": 1.9278595814030752, "source_layer": "natural", "source": "OSM" }, "geometry": { "type": "Polygon", "coordinates": [ [ [ 103.7646702, 1.3228914 ], [ 103.7650739, 1.3226722 ], [ 103.7655164, 1.3225033 ], [ 103.7659114, 1.3224323 ], [ 103.7662312, 1.3224295 ], [ 103.7664612, 1.3224456 ], [ 103.7666678, 1.3224831 ], [ 103.7669447, 1.3225562 ], [ 103.767127800000011, 1.3226173 ], [ 103.7673739, 1.3223256 ], [ 103.7678674, 1.3216861 ], [ 103.7677614, 1.3215641 ], [ 103.767774800000012, 1.3214877 ], [ 103.7678821, 1.3213912 ], [ 103.7677852, 1.3212132 ], [ 103.7677165, 1.3212456 ], [ 103.7672041, 1.321751 ], [ 103.7670104, 1.3219422 ], [ 103.7665759, 1.3221728 ], [ 103.7657699, 1.3221822 ], [ 103.765334, 1.3223109 ], [ 103.7643383, 1.3223068 ], [ 103.7643919, 1.3228733 ], [ 103.7643987, 1.3230664 ], [ 103.7646702, 1.3228914 ] ], [ [ 103.766594310940206, 1.322436571962475 ], [ 103.766575986480774, 1.322447064802365 ], [ 103.766750097144339, 1.322347364278833 ], [ 103.766594310940206, 1.322436571962475 ] ] ] } },
{ "type": "Feature", "properties": { "id": 507712128, "name": null, "forest_area_ha": 1.4717265851427948, "source_layer": "natural", "source": "OSM" }, "geometry": { "type": "Polygon", "coordinates": [ [ [ 103.7645059, 1.3234653 ], [ 103.7648036, 1.3233607 ], [ 103.7659033, 1.3230282 ], [ 103.7660851, 1.3229873 ], [ 103.7664894, 1.3228318 ], [ 103.7666107, 1.322797 ], [ 103.7667415, 1.3227754 ], [ 103.766877, 1.3227667 ], [ 103.76695740000001, 1.322756 ], [ 103.7670276, 1.3227362 ], [ 103.7670741, 1.322701 ], [ 103.7670969, 1.3226696 ], [ 103.76693, 1.3226112 ], [ 103.7666583, 1.3225314 ], [ 103.7664558, 1.3224879 ], [ 103.7662312, 1.3224678 ], [ 103.7659161, 1.3224691 ], [ 103.7655285, 1.3225375 ], [ 103.765096, 1.3227125 ], [ 103.7646863, 1.322929 ], [ 103.7643986, 1.323118 ], [ 103.764394, 1.3234733 ], [ 103.7645059, 1.3234653 ] ] ] } },
{ "type": "Feature", "properties": { "id": 507712129, "name": null, "forest_area_ha": 0.42007136445543436, "source_layer": "natural", "source": "OSM" }, "geometry": { "type": "Polygon", "coordinates": [ [ [ 103.7614341, 1.323773 ], [ 103.7616487, 1.3238527 ], [ 103.761878, 1.3239399 ], [ 103.762334, 1.3240297 ], [ 103.7626002, 1.3240431 ], [ 103.762849, 1.324019 ], [ 103.7630025, 1.3239996 ], [ 103.7631708, 1.3239573 ], [ 103.763317, 1.3239124 ], [ 103.7637415, 1.3237549 ], [ 103.7639822, 1.3236449 ], [ 103.7640922, 1.3235692 ], [ 103.764068900000012, 1.3235282 ], [ 103.763541, 1.323779 ], [ 103.7629724, 1.3239481 ], [ 103.7626583, 1.3239616 ], [ 103.762383, 1.3239264 ], [ 103.7614158, 1.3235979 ], [ 103.7611167, 1.3234354 ], [ 103.7606837, 1.3232223 ], [ 103.7607964, 1.3233151 ], [ 103.7614341, 1.323773 ] ] ] } },
{ "type": "Feature", "properties": { "id": 507712130, "name": null, "forest_area_ha": 4.7918980803304558, "source_layer": "natural", "source": "OSM" }, "geometry": { "type": "Polygon", "coordinates": [ [ [ 103.7568033, 1.325644 ], [ 103.7577448, 1.3252565 ], [ 103.7581618, 1.3250433 ], [ 103.7589061, 1.3244534 ], [ 103.7596035, 1.3237642 ], [ 103.7594828, 1.3237147 ], [ 103.7595847, 1.3235591 ], [ 103.7594318, 1.3235739 ], [ 103.7593111, 1.3236021 ], [ 103.7589303, 1.3237321 ], [ 103.7588069, 1.3237924 ], [ 103.7572137, 1.3248609 ], [ 103.7568916, 1.3251141 ], [ 103.7568019, 1.3251519 ], [ 103.756701300000017, 1.3251533 ], [ 103.7566155, 1.3251278 ], [ 103.7565302, 1.3251077 ], [ 103.75644650000001, 1.3251077 ], [ 103.7563218, 1.3251372 ], [ 103.7562011, 1.3251573 ], [ 103.7560308, 1.3251425 ], [ 103.7558913, 1.3250822 ], [ 103.7557921, 1.3250272 ], [ 103.7557076, 1.3249964 ], [ 103.755611, 1.3249723 ], [ 103.7554984, 1.324932 ], [ 103.7551148, 1.3246988 ], [ 103.7550317, 1.3246626 ], [ 103.7546334, 1.32577 ], [ 103.7546119, 1.3259255 ], [ 103.7547326, 1.3263626 ], [ 103.7568033, 1.325644 ] ] ] } },
{ "type": "Feature", "properties": { "id": 507712131, "name": null, "forest_area_ha": 3.2309834949441849, "source_layer": "natural", "source": "OSM" }, "geometry": { "type": "Polygon", "coordinates": [ [ [ 103.7580398, 1.3281244 ], [ 103.7586942, 1.3281914 ], [ 103.7588471, 1.3280117 ], [ 103.7591207, 1.3278053 ], [ 103.7591207, 1.327328 ], [ 103.7594989, 1.3276578 ], [ 103.7599602, 1.3288081 ], [ 103.7600673, 1.3288104 ], [ 103.7601587, 1.3285665 ], [ 103.7600768, 1.328067 ], [ 103.7600732, 1.3278396 ], [ 103.759864, 1.3274396 ], [ 103.7592307, 1.3269391 ], [ 103.758737100000019, 1.3267836 ], [ 103.7582409, 1.3267514 ], [ 103.7577823, 1.3268319 ], [ 103.7573907, 1.3269365 ], [ 103.7574255, 1.3273199 ], [ 103.7578681, 1.327403 ], [ 103.757790300000011, 1.3281512 ], [ 103.7580398, 1.3281244 ] ] ] } },
{ "type": "Feature", "properties": { "id": 507712132, "name": null, "forest_area_ha": 0.44206066552741385, "source_layer": "natural", "source": "OSM" }, "geometry": { "type": "Polygon", "coordinates": [ [ [ 103.756932, 1.32721 ], [ 103.7568918, 1.3270679 ], [ 103.755104, 1.3274031 ], [ 103.7551805, 1.3276417 ], [ 103.756932, 1.32721 ] ] ] } },
{ "type": "Feature", "properties": { "id": 507712133, "name": null, "forest_area_ha": 0.57309556797569494, "source_layer": "natural", "source": "OSM" }, "geometry": { "type": "Polygon", "coordinates": [ [ [ 103.756822, 1.3266764 ], [ 103.7566102, 1.3264994 ], [ 103.7563419, 1.3264136 ], [ 103.7559852, 1.3264336 ], [ 103.7558001, 1.3264739 ], [ 103.7555614, 1.3265382 ], [ 103.7555426, 1.3270169 ], [ 103.756822, 1.3266764 ] ] ] } },
{ "type": "Feature", "properties": { "id": 507712134, "name": null, "forest_area_ha": 1.1745731480085944, "source_layer": "natural", "source": "OSM" }, "geometry": { "type": "Polygon", "coordinates": [ [ [ 103.7573571, 1.3265369 ], [ 103.757502, 1.3264967 ], [ 103.757624, 1.3264323 ], [ 103.7578118, 1.3263613 ], [ 103.7582128, 1.3262889 ], [ 103.7584072, 1.3262393 ], [ 103.7585628, 1.3261213 ], [ 103.7590349, 1.3251157 ], [ 103.7589812, 1.3250407 ], [ 103.7578547, 1.3257607 ], [ 103.7577353, 1.3258518 ], [ 103.7575302, 1.326069 ], [ 103.7574497, 1.3261749 ], [ 103.7573893, 1.3263063 ], [ 103.757361100000011, 1.3264579 ], [ 103.7573571, 1.3265369 ] ] ] } },
{ "type": "Feature", "properties": { "id": 507712135, "name": null, "forest_area_ha": 0.86418379997756434, "source_layer": "natural", "source": "OSM" }, "geometry": { "type": "Polygon", "coordinates": [ [ [ 103.7599978, 1.3268641 ], [ 103.7597617, 1.3260891 ], [ 103.7597242, 1.3257083 ], [ 103.759751, 1.3253678 ], [ 103.7596142, 1.3254751 ], [ 103.759507, 1.3256279 ], [ 103.7593514, 1.325821 ], [ 103.7591797, 1.3259738 ], [ 103.7589893, 1.326132 ], [ 103.7591153, 1.3264458 ], [ 103.7598932, 1.3268855 ], [ 103.7599978, 1.3268641 ] ] ] } },
{ "type": "Feature", "properties": { "id": 511876077, "name": "Pulau Salu", "forest_area_ha": 0.64620304750193414, "source_layer": "natural", "source": "OSM" }, "geometry": { "type": "Polygon", "coordinates": [ [ [ 103.7063883, 1.2172069 ], [ 103.7065116, 1.2171545 ], [ 103.7066903, 1.2170282 ], [ 103.706764227029026, 1.21698066732129 ], [ 103.706825520145358, 1.216883741447583 ], [ 103.706960301508843, 1.216793320532096 ], [ 103.707184933454968, 1.216721000145451 ], [ 103.707244507362361, 1.216694023747502 ], [ 103.7073373, 1.2166401 ], [ 103.7075029, 1.21646 ], [ 103.707548002100552, 1.216414826760984 ], [ 103.707553350484318, 1.216350264722216 ], [ 103.707436554358864, 1.21633216293404 ], [ 103.707310775910486, 1.216214589812115 ], [ 103.707250573315847, 1.216227339564076 ], [ 103.7071586, 1.2162592 ], [ 103.7070136, 1.2163142 ], [ 103.7069807, 1.216341 ], [ 103.7069451, 1.216334 ], [ 103.7069308, 1.2163009 ], [ 103.706797668581771, 1.216325223040642 ], [ 103.706762682415857, 1.216404453135447 ], [ 103.706717755020364, 1.216440607453716 ], [ 103.706556055216979, 1.216611882612089 ], [ 103.70655001561353, 1.216632014624139 ], [ 103.706582945569863, 1.216748066470985 ], [ 103.706520044024487, 1.216847534399462 ], [ 103.706394250801821, 1.216892737559219 ], [ 103.706295401853481, 1.216965072884133 ], [ 103.706259468993935, 1.216992202075081 ], [ 103.70622351562352, 1.217073584009364 ], [ 103.706270913328666, 1.217200840071981 ], [ 103.7063883, 1.2172069 ] ] ] } },
{ "type": "Feature", "properties": { "id": 517121871, "name": null, "forest_area_ha": 6.8895259714099666, "source_layer": "natural", "source": "OSM" }, "geometry": { "type": "Polygon", "coordinates": [ [ [ 103.7126292, 1.4310808 ], [ 103.712865, 1.4311529 ], [ 103.7146465, 1.4313951 ], [ 103.7148823, 1.4313231 ], [ 103.7155831, 1.430963 ], [ 103.7154112, 1.4305521 ], [ 103.715178800000018, 1.4303279 ], [ 103.7137683, 1.4290115 ], [ 103.7131567, 1.4284513 ], [ 103.712055, 1.430866 ], [ 103.7126292, 1.4310808 ] ] ] } },
{ "type": "Feature", "properties": { "id": 517127221, "name": null, "forest_area_ha": 8.1220334826040759, "source_layer": "natural", "source": "OSM" }, "geometry": { "type": "Polygon", "coordinates": [ [ [ 103.7065635, 1.4275432 ], [ 103.7068985, 1.4275208 ], [ 103.707554800000011, 1.4276756 ], [ 103.707922900000014, 1.4278559 ], [ 103.7083098, 1.4280737 ], [ 103.708377400000018, 1.4280436 ], [ 103.7088883, 1.4271123 ], [ 103.7090499, 1.4269471 ], [ 103.7092828, 1.4268306 ], [ 103.7094368, 1.4268044 ], [ 103.7097004, 1.4268294 ], [ 103.709955500000021, 1.4260684 ], [ 103.7081671, 1.4258017 ], [ 103.7077689, 1.4257416 ], [ 103.7075247, 1.425719 ], [ 103.7074345, 1.4257228 ], [ 103.70627, 1.4258617 ], [ 103.7054436, 1.4260871 ], [ 103.7056614, 1.426564 ], [ 103.7058079, 1.4268982 ], [ 103.7061446, 1.4276939 ], [ 103.7065635, 1.4275432 ] ] ] } },
{ "type": "Feature", "properties": { "id": 517127222, "name": null, "forest_area_ha": 2.9071443553139602, "source_layer": "natural", "source": "OSM" }, "geometry": { "type": "Polygon", "coordinates": [ [ [ 103.7092066, 1.4285684 ], [ 103.70948, 1.4287324 ], [ 103.7095694, 1.4289361 ], [ 103.709714, 1.4292314 ], [ 103.7105238, 1.4273659 ], [ 103.709808, 1.4270777 ], [ 103.7094899, 1.4269882 ], [ 103.7092712, 1.427033 ], [ 103.7091022, 1.4271572 ], [ 103.708878500000012, 1.4274702 ], [ 103.7085107, 1.4281758 ], [ 103.7092066, 1.4285684 ] ] ] } },
{ "type": "Feature", "properties": { "id": 517135521, "name": null, "forest_area_ha": 4.9453318963047623, "source_layer": "natural", "source": "OSM" }, "geometry": { "type": "Polygon", "coordinates": [ [ [ 103.7180825, 1.435561 ], [ 103.7183246, 1.4356685 ], [ 103.7184806, 1.4357223 ], [ 103.7186312, 1.4357331 ], [ 103.7187657, 1.4356954 ], [ 103.7188679, 1.435647 ], [ 103.7189594, 1.435561 ], [ 103.7190347, 1.4353674 ], [ 103.7191261, 1.4350447 ], [ 103.7191961, 1.4347489 ], [ 103.7191961, 1.4345984 ], [ 103.719067, 1.4340875 ], [ 103.7188733, 1.4333024 ], [ 103.7187765, 1.4328937 ], [ 103.7187227, 1.432727 ], [ 103.7186258, 1.4326194 ], [ 103.7185183, 1.4325603 ], [ 103.718211600000018, 1.4324903 ], [ 103.7177081, 1.4324306 ], [ 103.7176801, 1.4353999 ], [ 103.7180825, 1.435561 ] ] ] } },
{ "type": "Feature", "properties": { "id": 517447079, "name": null, "forest_area_ha": 6.6844900602613695, "source_layer": "natural", "source": "OSM" }, "geometry": { "type": "Polygon", "coordinates": [ [ [ 103.708695700000021, 1.4293768 ], [ 103.709008700000012, 1.4302637 ], [ 103.709155400000014, 1.4306373 ], [ 103.707336200000015, 1.4313528 ], [ 103.7078398, 1.4327629 ], [ 103.7088881, 1.4321669 ], [ 103.709632400000018, 1.4311095 ], [ 103.7096242, 1.4308822 ], [ 103.7100712, 1.4302538 ], [ 103.7093946, 1.4290012 ], [ 103.709329400000016, 1.428886 ], [ 103.7092392, 1.4287958 ], [ 103.7077356, 1.4279239 ], [ 103.70751, 1.4278137 ], [ 103.7072394, 1.4277786 ], [ 103.7075803, 1.4284957 ], [ 103.708695700000021, 1.4293768 ] ] ] } },
{ "type": "Feature", "properties": { "id": 517447081, "name": null, "forest_area_ha": 1.9228297137122892, "source_layer": "natural", "source": "OSM" }, "geometry": { "type": "Polygon", "coordinates": [ [ [ 103.7081755, 1.4346644 ], [ 103.7087977, 1.4346608 ], [ 103.7088668, 1.4346499 ], [ 103.7089469, 1.4346026 ], [ 103.7098311, 1.4339624 ], [ 103.7093762, 1.4332858 ], [ 103.70811, 1.4337332 ], [ 103.7081755, 1.4346644 ] ] ] } },
{ "type": "Feature", "properties": { "id": 520153782, "name": null, "forest_area_ha": 3.7041212959159537, "source_layer": "natural", "source": "OSM" }, "geometry": { "type": "Polygon", "coordinates": [ [ [ 103.7138638, 1.4252454 ], [ 103.714925, 1.4249696 ], [ 103.7144032, 1.421988 ], [ 103.713571, 1.4219852 ], [ 103.7138638, 1.4252454 ] ] ] } },
{ "type": "Feature", "properties": { "id": 520943299, "name": null, "forest_area_ha": 3.5119263504110938, "source_layer": "natural", "source": "OSM" }, "geometry": { "type": "Polygon", "coordinates": [ [ [ 103.7612854, 1.3706076 ], [ 103.7615944, 1.3706954 ], [ 103.7615215, 1.3703129 ], [ 103.7617773, 1.3697796 ], [ 103.7620853, 1.36921 ], [ 103.7620723, 1.36908 ], [ 103.7620003, 1.3689446 ], [ 103.7618013, 1.3688117 ], [ 103.7615862, 1.3687217 ], [ 103.7614093, 1.3688314 ], [ 103.761511900000016, 1.3690119 ], [ 103.7607828, 1.3694718 ], [ 103.7609279, 1.3696912 ], [ 103.7606271, 1.3699176 ], [ 103.7602803, 1.3696381 ], [ 103.7597777, 1.3702361 ], [ 103.7597282, 1.3706607 ], [ 103.7598733, 1.3712869 ], [ 103.7603157, 1.3714567 ], [ 103.7604855, 1.370834 ], [ 103.7612854, 1.3706076 ] ] ] } },
{ "type": "Feature", "properties": { "id": 524447045, "name": null, "forest_area_ha": 190.40725992593792, "source_layer": "natural", "source": "OSM" }, "geometry": { "type": "Polygon", "coordinates": [ [ [ 103.8088345, 1.4256807 ], [ 103.8075336, 1.4268605 ], [ 103.8049789, 1.4242695 ], [ 103.804147500000013, 1.4250055 ], [ 103.803015, 1.4256565 ], [ 103.8016289, 1.4243976 ], [ 103.8014791, 1.4240426 ], [ 103.8011815, 1.4232738 ], [ 103.8012684, 1.4227832 ], [ 103.8014465, 1.4225749 ], [ 103.802257600000019, 1.4219769 ], [ 103.802349600000014, 1.4213471 ], [ 103.8016276, 1.4206748 ], [ 103.8010967, 1.4214744 ], [ 103.7977133, 1.4245667 ], [ 103.7997943, 1.4271637 ], [ 103.8111127, 1.4404669 ], [ 103.8121036, 1.4396673 ], [ 103.8122098, 1.4392994 ], [ 103.8124009, 1.4386837 ], [ 103.8132999, 1.4374312 ], [ 103.8142561, 1.4374149 ], [ 103.8144871, 1.4373256 ], [ 103.8150263, 1.4380802 ], [ 103.8150818, 1.4380032 ], [ 103.8152358, 1.4381018 ], [ 103.8154608, 1.4379662 ], [ 103.815889, 1.4385299 ], [ 103.8159013, 1.4391182 ], [ 103.8159876, 1.439186 ], [ 103.8162587, 1.438995 ], [ 103.8163481, 1.4390936 ], [ 103.8163389, 1.4393677 ], [ 103.816536, 1.4395124 ], [ 103.816881100000018, 1.4398667 ], [ 103.8168472, 1.4405073 ], [ 103.8169551, 1.44092 ], [ 103.8201015, 1.438092 ], [ 103.8088345, 1.4256807 ] ] ] } },
{ "type": "Feature", "properties": { "id": 524447046, "name": null, "forest_area_ha": 13.25928060664209, "source_layer": "natural", "source": "OSM" }, "geometry": { "type": "Polygon", "coordinates": [ [ [ 103.8127506, 1.4433181 ], [ 103.8135338, 1.4428891 ], [ 103.813507, 1.4422455 ], [ 103.813389, 1.441779 ], [ 103.812992, 1.4415108 ], [ 103.8129599, 1.4413339 ], [ 103.8142902, 1.4406528 ], [ 103.8148803, 1.4408298 ], [ 103.8153363, 1.4409156 ], [ 103.8157279, 1.4406045 ], [ 103.8158888, 1.4408083 ], [ 103.815583100000012, 1.4411354 ], [ 103.8154543, 1.4414036 ], [ 103.8153417, 1.4417629 ], [ 103.8148267, 1.441838 ], [ 103.8146067, 1.4423045 ], [ 103.8149125, 1.4421436 ], [ 103.8152826, 1.4420578 ], [ 103.8166184, 1.4411783 ], [ 103.8165326, 1.4402077 ], [ 103.8161034, 1.4396821 ], [ 103.8154811, 1.4394891 ], [ 103.8148696, 1.4399771 ], [ 103.814891, 1.4394998 ], [ 103.814585300000019, 1.4391459 ], [ 103.8133193, 1.4390333 ], [ 103.8128901, 1.4395534 ], [ 103.8125682, 1.4396071 ], [ 103.8123161, 1.4401809 ], [ 103.8113344, 1.4408888 ], [ 103.8119996, 1.4424654 ], [ 103.8120908, 1.4430392 ], [ 103.8123429, 1.4432698 ], [ 103.8127506, 1.4433181 ] ] ] } },
{ "type": "Feature", "properties": { "id": 524447047, "name": null, "forest_area_ha": 25.750050176444084, "source_layer": "natural", "source": "OSM" }, "geometry": { "type": "Polygon", "coordinates": [ [ [ 103.8106721, 1.4228764 ], [ 103.8123129, 1.4215871 ], [ 103.8117011, 1.4211669 ], [ 103.8115003, 1.4206534 ], [ 103.8106317, 1.4200651 ], [ 103.8099825, 1.4204853 ], [ 103.8095809, 1.4195983 ], [ 103.8099031, 1.4191314 ], [ 103.809095, 1.4182228 ], [ 103.8091516, 1.4168713 ], [ 103.8087198, 1.4157745 ], [ 103.8064476, 1.4149961 ], [ 103.8060866, 1.4151164 ], [ 103.8052231, 1.4159443 ], [ 103.804678, 1.4165599 ], [ 103.8106721, 1.4228764 ] ] ] } },
{ "type": "Feature", "properties": { "id": 525302328, "name": null, "forest_area_ha": 0.052506914334548981, "source_layer": "natural", "source": "OSM" }, "geometry": { "type": "Polygon", "coordinates": [ [ [ 103.6945078, 1.3678196 ], [ 103.6944868, 1.3676679 ], [ 103.6942253, 1.3676982 ], [ 103.6942346, 1.3678616 ], [ 103.6945078, 1.3678196 ] ] ] } },
{ "type": "Feature", "properties": { "id": 525302330, "name": null, "forest_area_ha": 0.20773975926919291, "source_layer": "natural", "source": "OSM" }, "geometry": { "type": "Polygon", "coordinates": [ [ [ 103.694342, 1.3674812 ], [ 103.6943817, 1.3673411 ], [ 103.6945148, 1.3672337 ], [ 103.6944611, 1.3669186 ], [ 103.694293, 1.3668952 ], [ 103.6941178, 1.3669863 ], [ 103.6942019, 1.3675278 ], [ 103.694342, 1.3674812 ] ] ] } },
{ "type": "Feature", "properties": { "id": 529892589, "name": null, "forest_area_ha": 8.0219843289044128, "source_layer": "natural", "source": "OSM" }, "geometry": { "type": "Polygon", "coordinates": [ [ [ 103.7470334, 1.3544272 ], [ 103.7474276, 1.3545296 ], [ 103.7475515, 1.3542129 ], [ 103.7477299, 1.3539166 ], [ 103.7479914, 1.3535305 ], [ 103.7481925, 1.353151 ], [ 103.7482284, 1.3528894 ], [ 103.7482356, 1.3525048 ], [ 103.7470501, 1.3525048 ], [ 103.7462079, 1.3524511 ], [ 103.7460101, 1.3525553 ], [ 103.745825, 1.3526572 ], [ 103.745825, 1.3527725 ], [ 103.7458491, 1.3535099 ], [ 103.7458411, 1.3537673 ], [ 103.7457465, 1.3539528 ], [ 103.7455058, 1.3540167 ], [ 103.744899, 1.3541458 ], [ 103.7446421, 1.3542285 ], [ 103.7443786, 1.3543979 ], [ 103.7440655, 1.3545503 ], [ 103.7437463, 1.3545101 ], [ 103.7430006, 1.3544055 ], [ 103.7428102, 1.354435 ], [ 103.7426788, 1.354502 ], [ 103.7426278, 1.3546307 ], [ 103.7426358, 1.3547299 ], [ 103.7426546, 1.3547782 ], [ 103.7428638, 1.3547568 ], [ 103.743006, 1.3548828 ], [ 103.743145500000011, 1.3552475 ], [ 103.7433654, 1.3553842 ], [ 103.7438267, 1.3555076 ], [ 103.7442499, 1.3555026 ], [ 103.7445985, 1.3550629 ], [ 103.7451725, 1.3546446 ], [ 103.7454515, 1.3546402 ], [ 103.7461428, 1.3544625 ], [ 103.7467311, 1.3544203 ], [ 103.7470334, 1.3544272 ] ] ] } },
{ "type": "Feature", "properties": { "id": 540178189, "name": null, "forest_area_ha": 0.022550454264174256, "source_layer": "natural", "source": "OSM" }, "geometry": { "type": "Polygon", "coordinates": [ [ [ 103.6947477, 1.3557395 ], [ 103.694747300000017, 1.3557447 ], [ 103.694750900000017, 1.3557671 ], [ 103.6947672, 1.3557885 ], [ 103.694791, 1.3558011 ], [ 103.6948125, 1.3558005 ], [ 103.6948208, 1.355798 ], [ 103.6948377, 1.3557897 ], [ 103.6948587, 1.3557722 ], [ 103.6948781, 1.3557529 ], [ 103.69489, 1.3557361 ], [ 103.6949057, 1.3557066 ], [ 103.6949119, 1.3556887 ], [ 103.6949183, 1.3556535 ], [ 103.694918900000019, 1.3556356 ], [ 103.694918, 1.3556265 ], [ 103.6949118, 1.35562 ], [ 103.694901, 1.3556179 ], [ 103.6948912, 1.3556209 ], [ 103.6947854, 1.3556916 ], [ 103.6947589, 1.3557121 ], [ 103.6947477, 1.3557395 ] ] ] } },
{ "type": "Feature", "properties": { "id": 540704809, "name": null, "forest_area_ha": 7.7921115268885028, "source_layer": "natural", "source": "OSM" }, "geometry": { "type": "Polygon", "coordinates": [ [ [ 103.8418702, 1.3882627 ], [ 103.8411985, 1.3896734 ], [ 103.8401941, 1.3907391 ], [ 103.838378, 1.3919142 ], [ 103.8385361, 1.3921604 ], [ 103.8388342, 1.3924005 ], [ 103.8391852, 1.3925076 ], [ 103.8400641, 1.3926068 ], [ 103.8403306, 1.3925858 ], [ 103.8405741, 1.3925198 ], [ 103.8407825, 1.3925954 ], [ 103.8412601, 1.3916385 ], [ 103.8425727, 1.3886939 ], [ 103.8418702, 1.3882627 ] ] ] } },
{ "type": "Feature", "properties": { "id": 540720226, "name": null, "forest_area_ha": 11.553779153307676, "source_layer": "natural", "source": "OSM" }, "geometry": { "type": "Polygon", "coordinates": [ [ [ 103.9767182, 1.3170125 ], [ 103.976914, 1.317093 ], [ 103.9772063, 1.3171091 ], [ 103.9774692, 1.3172807 ], [ 103.9777321, 1.3174416 ], [ 103.9777911, 1.3175622 ], [ 103.9779144, 1.3175462 ], [ 103.9782873, 1.3182031 ], [ 103.9782283, 1.318305 ], [ 103.9782926, 1.3184847 ], [ 103.9782524, 1.3185919 ], [ 103.9784053, 1.3187636 ], [ 103.9785419, 1.3186574 ], [ 103.97906780000001, 1.3195653 ], [ 103.9790141, 1.3196055 ], [ 103.97906780000001, 1.3197611 ], [ 103.9790436, 1.319935 ], [ 103.9763106, 1.3210876 ], [ 103.9761836, 1.3230205 ], [ 103.976446, 1.322998 ], [ 103.9769098, 1.3226295 ], [ 103.9771732, 1.3222013 ], [ 103.9776351, 1.3218189 ], [ 103.9781635, 1.321571 ], [ 103.9785825, 1.3210956 ], [ 103.9795834, 1.3204922 ], [ 103.9795481, 1.3203645 ], [ 103.978579, 1.3181624 ], [ 103.9797536, 1.3170909 ], [ 103.9810004, 1.3170481 ], [ 103.9822865, 1.317341 ], [ 103.9826426, 1.3171992 ], [ 103.9828801, 1.3169641 ], [ 103.9834898, 1.317247 ], [ 103.9837828, 1.3180242 ], [ 103.9810977, 1.3190136 ], [ 103.9807656, 1.3194808 ], [ 103.980061600000013, 1.3194712 ], [ 103.9795903, 1.3196209 ], [ 103.979912900000016, 1.3202417 ], [ 103.9822698, 1.3189736 ], [ 103.9830136, 1.3187181 ], [ 103.9836333, 1.3184102 ], [ 103.9837569, 1.3184192 ], [ 103.9841359, 1.3182528 ], [ 103.9836034, 1.3169267 ], [ 103.9834587, 1.3168544 ], [ 103.983415, 1.3168148 ], [ 103.9831743, 1.3165969 ], [ 103.9827934, 1.3164655 ], [ 103.9821872, 1.3166505 ], [ 103.9807727, 1.3168865 ], [ 103.9797876, 1.3169453 ], [ 103.9797349, 1.3167572 ], [ 103.9793419, 1.3167358 ], [ 103.9793378, 1.3172094 ], [ 103.979343900000018, 1.3173568 ], [ 103.9785206, 1.318128 ], [ 103.9780942, 1.3172995 ], [ 103.9778876, 1.317101 ], [ 103.977657, 1.3169053 ], [ 103.9774907, 1.3170072 ], [ 103.9774209, 1.316983 ], [ 103.9774558, 1.3168758 ], [ 103.9771017, 1.3167739 ], [ 103.9766806, 1.3167739 ], [ 103.9767182, 1.3170125 ] ] ] } },
{ "type": "Feature", "properties": { "id": 552957669, "name": "Hillock Park", "forest_area_ha": 1.0253167437612369, "source_layer": "natural", "source": "OSM" }, "geometry": { "type": "Polygon", "coordinates": [ [ [ 103.8726335, 1.3427521 ], [ 103.8727057, 1.3427553 ], [ 103.8727582, 1.3427468 ], [ 103.8728183, 1.3427268 ], [ 103.8728747, 1.3426877 ], [ 103.8729093, 1.3426548 ], [ 103.8729547, 1.3425761 ], [ 103.8730272, 1.3423803 ], [ 103.873076, 1.3422694 ], [ 103.873135, 1.3421563 ], [ 103.8732058, 1.34204 ], [ 103.8732847, 1.3419381 ], [ 103.8733449, 1.3418657 ], [ 103.8734517, 1.3417843 ], [ 103.873544, 1.3417323 ], [ 103.8736444, 1.3416885 ], [ 103.8737439, 1.3416637 ], [ 103.8738592, 1.3416485 ], [ 103.8737459, 1.3416198 ], [ 103.873632, 1.3415831 ], [ 103.8735032, 1.3415298 ], [ 103.8733676, 1.3414558 ], [ 103.873298289416212, 1.341410104084715 ], [ 103.873315338651992, 1.341421902799664 ], [ 103.873345474449948, 1.341441677958481 ], [ 103.873315338651992, 1.341421902799665 ], [ 103.873298289416212, 1.34141010408471 ], [ 103.8732772, 1.3413962 ], [ 103.873076900000015, 1.3412536 ], [ 103.8728719, 1.3415796 ], [ 103.8726741, 1.3419286 ], [ 103.8725028, 1.3422592 ], [ 103.872342, 1.3426414 ], [ 103.8726335, 1.3427521 ] ], [ [ 103.873530804018131, 1.341542022134947 ], [ 103.873533884009802, 1.341543408175655 ], [ 103.873536967286825, 1.341544786797374 ], [ 103.873533884009802, 1.341543408175656 ], [ 103.873530804018131, 1.341542022134948 ], [ 103.873527727329446, 1.341540628683182 ], [ 103.873530804018131, 1.341542022134947 ] ] ] } },
{ "type": "Feature", "properties": { "id": 553692130, "name": "Toa Payoh Jungle", "forest_area_ha": 1.5792290276545979, "source_layer": "natural", "source": "OSM" }, "geometry": { "type": "Polygon", "coordinates": [ [ [ 103.8391818, 1.3366476 ], [ 103.8392475, 1.3363956 ], [ 103.8394706, 1.3361358 ], [ 103.8396934, 1.3356129 ], [ 103.8391027, 1.3354315 ], [ 103.8391523, 1.3349327 ], [ 103.8391927, 1.3348535 ], [ 103.8393079, 1.334733 ], [ 103.8392677, 1.3346472 ], [ 103.8392811, 1.3343522 ], [ 103.8391631, 1.3343281 ], [ 103.8390799, 1.3344112 ], [ 103.8389404, 1.3344059 ], [ 103.8388519, 1.3342691 ], [ 103.838809, 1.3342369 ], [ 103.8386213, 1.3342262 ], [ 103.8386348, 1.3346457 ], [ 103.8385946, 1.3348415 ], [ 103.838734, 1.3358175 ], [ 103.8389862, 1.3359865 ], [ 103.8390799, 1.336779 ], [ 103.8391818, 1.3366476 ] ], [ [ 103.839225293588385, 1.334530458362426 ], [ 103.839237225538326, 1.334533194940754 ], [ 103.839250083006036, 1.334537454466668 ], [ 103.839225293588385, 1.334530458362426 ] ] ] } },
{ "type": "Feature", "properties": { "id": 566128700, "name": null, "forest_area_ha": 1.133736535725639, "source_layer": "natural", "source": "OSM" }, "geometry": { "type": "Polygon", "coordinates": [ [ [ 103.8141271, 1.296516 ], [ 103.8142318, 1.2965104 ], [ 103.8142131, 1.2961296 ], [ 103.8142801, 1.2960813 ], [ 103.8142292, 1.2956469 ], [ 103.8145349, 1.2955772 ], [ 103.8145457, 1.2953761 ], [ 103.8137678, 1.2953198 ], [ 103.8137678, 1.2951964 ], [ 103.8140119, 1.2950302 ], [ 103.8137946, 1.2949149 ], [ 103.8133413, 1.2955129 ], [ 103.8133226, 1.2955799 ], [ 103.8129685, 1.2956094 ], [ 103.8129712, 1.2956711 ], [ 103.8136417, 1.2956416 ], [ 103.8137839, 1.2965345 ], [ 103.8141271, 1.296516 ] ] ] } },
{ "type": "Feature", "properties": { "id": 566133054, "name": null, "forest_area_ha": 0.26714411229387619, "source_layer": "natural", "source": "OSM" }, "geometry": { "type": "Polygon", "coordinates": [ [ [ 103.8144898, 1.2959777 ], [ 103.8145237, 1.2961588 ], [ 103.8149477, 1.2961329 ], [ 103.8151369, 1.296533 ], [ 103.8153081, 1.296545 ], [ 103.8152663, 1.2963101 ], [ 103.8151289, 1.2963041 ], [ 103.815103, 1.2962046 ], [ 103.8150214, 1.2961051 ], [ 103.8145256, 1.2957448 ], [ 103.8144102, 1.2957846 ], [ 103.8143644, 1.295906 ], [ 103.8142748, 1.2958822 ], [ 103.8143027, 1.2959976 ], [ 103.8144898, 1.2959777 ] ] ] } },
{ "type": "Feature", "properties": { "id": 569493255, "name": null, "forest_area_ha": 10.202152228429698, "source_layer": "natural", "source": "OSM" }, "geometry": { "type": "Polygon", "coordinates": [ [ [ 103.7144351, 1.4409937 ], [ 103.714395, 1.4410618 ], [ 103.715286, 1.4416337 ], [ 103.7155716, 1.4417929 ], [ 103.7169484, 1.4421674 ], [ 103.7172622, 1.4421908 ], [ 103.7176883, 1.4423219 ], [ 103.71833460000002, 1.4426496 ], [ 103.7194398, 1.4408472 ], [ 103.7181566, 1.439822 ], [ 103.7180255, 1.4399858 ], [ 103.7179272, 1.4399156 ], [ 103.7180489, 1.4397705 ], [ 103.7176087, 1.4393492 ], [ 103.7173418, 1.4391338 ], [ 103.7171732, 1.4389325 ], [ 103.717117, 1.4388717 ], [ 103.7169134, 1.4388862 ], [ 103.7163019, 1.4388486 ], [ 103.7161785, 1.4414817 ], [ 103.7151056, 1.441412 ], [ 103.7144351, 1.4409937 ] ] ] } },
{ "type": "Feature", "properties": { "id": 569493256, "name": null, "forest_area_ha": 2.6870466981582468, "source_layer": "natural", "source": "OSM" }, "geometry": { "type": "Polygon", "coordinates": [ [ [ 103.7155085, 1.4433399 ], [ 103.7162296, 1.4420967 ], [ 103.7155849, 1.441947 ], [ 103.7154688, 1.4419073 ], [ 103.7150777, 1.4416721 ], [ 103.7150043, 1.4417882 ], [ 103.7149249, 1.4417301 ], [ 103.7149982, 1.4416079 ], [ 103.7141937, 1.4411136 ], [ 103.713822, 1.4416433 ], [ 103.7155085, 1.4433399 ] ] ] } },
{ "type": "Feature", "properties": { "id": 572796250, "name": null, "forest_area_ha": 288.92153453847112, "source_layer": "natural", "source": "OSM" }, "geometry": { "type": "Polygon", "coordinates": [ [ [ 103.8361768, 1.4465715 ], [ 103.8354081, 1.4477782 ], [ 103.8338727, 1.4503341 ], [ 103.8335607, 1.4507947 ], [ 103.8333271, 1.4511738 ], [ 103.8334493, 1.4514644 ], [ 103.8335797, 1.4515785 ], [ 103.834152800000012, 1.4518963 ], [ 103.8347178, 1.4522548 ], [ 103.835405, 1.4526894 ], [ 103.8360406, 1.4530724 ], [ 103.8368202, 1.453545 ], [ 103.8373634, 1.4539009 ], [ 103.8380941, 1.4543246 ], [ 103.8387921, 1.4547374 ], [ 103.839406, 1.4551123 ], [ 103.8400742, 1.455536 ], [ 103.8402233, 1.4556263 ], [ 103.840756, 1.4559489 ], [ 103.8429224, 1.4572157 ], [ 103.8445004, 1.4582024 ], [ 103.8446222, 1.4581983 ], [ 103.8447406, 1.458308 ], [ 103.8449459, 1.4584204 ], [ 103.8449369, 1.4584886 ], [ 103.8450113, 1.4585248 ], [ 103.8450689, 1.4585231 ], [ 103.845150800000013, 1.4584564 ], [ 103.8454722, 1.4581939 ], [ 103.8457706, 1.4579469 ], [ 103.8461795, 1.4577169 ], [ 103.8464052, 1.4575538 ], [ 103.8477838, 1.4568413 ], [ 103.847938, 1.4568055 ], [ 103.8481882, 1.4567519 ], [ 103.8489099, 1.4564794 ], [ 103.849507, 1.4562028 ], [ 103.8500919, 1.4558227 ], [ 103.8504919, 1.4554899 ], [ 103.8511928, 1.4546641 ], [ 103.8514035, 1.4542949 ], [ 103.8519126, 1.4529741 ], [ 103.8517744, 1.4529251 ], [ 103.851238, 1.4526785 ], [ 103.8505969, 1.4524317 ], [ 103.85009, 1.4521744 ], [ 103.8495965, 1.4516381 ], [ 103.8491458, 1.4510053 ], [ 103.8486201, 1.4507693 ], [ 103.84803, 1.4505334 ], [ 103.8475687, 1.4506621 ], [ 103.8471503, 1.4512198 ], [ 103.8468713, 1.4519706 ], [ 103.8470923, 1.4528168 ], [ 103.8472898, 1.4533863 ], [ 103.8465096, 1.4543859 ], [ 103.8462953, 1.4549616 ], [ 103.8459739, 1.4555306 ], [ 103.8456851, 1.4561241 ], [ 103.845064400000012, 1.456176 ], [ 103.8448419, 1.455757 ], [ 103.844764200000014, 1.4551829 ], [ 103.8448936, 1.4544225 ], [ 103.8449609, 1.4541328 ], [ 103.8452869, 1.4532793 ], [ 103.8457574, 1.4531932 ], [ 103.8460353, 1.4504149 ], [ 103.8459393, 1.4501171 ], [ 103.8456864, 1.4497394 ], [ 103.845671600000017, 1.4495012 ], [ 103.845706, 1.4493469 ], [ 103.8454792, 1.4485173 ], [ 103.845539400000021, 1.4482603 ], [ 103.845523, 1.4481751 ], [ 103.8456568, 1.4478619 ], [ 103.8456434, 1.4477356 ], [ 103.8460011, 1.4473843 ], [ 103.8462596, 1.4471696 ], [ 103.8465505, 1.4468096 ], [ 103.8469402, 1.4463881 ], [ 103.847055200000014, 1.446056 ], [ 103.8473299, 1.4459027 ], [ 103.8476493, 1.445858 ], [ 103.8478154, 1.4459794 ], [ 103.8478665, 1.4462987 ], [ 103.8477324, 1.4466116 ], [ 103.8475024, 1.4469501 ], [ 103.8471638, 1.4473396 ], [ 103.8468572, 1.4477356 ], [ 103.8466498, 1.4480824 ], [ 103.8469392, 1.4481612 ], [ 103.8476199, 1.4479701 ], [ 103.8478402, 1.447728 ], [ 103.8486671, 1.4476932 ], [ 103.8512248, 1.4483539 ], [ 103.8522895, 1.4490496 ], [ 103.8527815, 1.4490358 ], [ 103.8531331, 1.4490324 ], [ 103.8532812, 1.4489908 ], [ 103.8536969, 1.4488086 ], [ 103.854056300000011, 1.4486863 ], [ 103.8542908, 1.4486489 ], [ 103.8545632, 1.4485117 ], [ 103.854838300000011, 1.4483195 ], [ 103.8551895, 1.4477655 ], [ 103.855388, 1.4474551 ], [ 103.8557949, 1.4461349 ], [ 103.8561674, 1.4445964 ], [ 103.8560818, 1.4444084 ], [ 103.8560767, 1.4437978 ], [ 103.8547313, 1.4422737 ], [ 103.8526392, 1.4401394 ], [ 103.8516027, 1.4393575 ], [ 103.8507981, 1.4389714 ], [ 103.8496179, 1.4385638 ], [ 103.8487811, 1.4379954 ], [ 103.8478155, 1.4377808 ], [ 103.847043, 1.437502 ], [ 103.8462812, 1.4371159 ], [ 103.8459692, 1.4371344 ], [ 103.8455412, 1.4380093 ], [ 103.8454965, 1.4384117 ], [ 103.8451196, 1.4391078 ], [ 103.8443785, 1.439938 ], [ 103.8439569, 1.4403531 ], [ 103.8435097, 1.4407363 ], [ 103.8427751, 1.4413813 ], [ 103.8427878, 1.4419944 ], [ 103.8428692, 1.442925 ], [ 103.8429871, 1.4433053 ], [ 103.8430158, 1.4442086 ], [ 103.8410408, 1.4451342 ], [ 103.8399507, 1.4456449 ], [ 103.8397591, 1.445385 ], [ 103.8395159, 1.4455027 ], [ 103.8391844, 1.4456631 ], [ 103.8379757, 1.4467711 ], [ 103.8368035, 1.4457817 ], [ 103.8361768, 1.4465715 ] ], [ [ 103.83505210815045, 1.448572625038678 ], [ 103.835055999085967, 1.44856626555036 ], [ 103.834863661041794, 1.448881915741712 ], [ 103.83505210815045, 1.448572625038678 ] ], [ [ 103.836351945436007, 1.446477522315726 ], [ 103.836326169795242, 1.446514585194758 ], [ 103.836300584087013, 1.446551781131334 ], [ 103.836275188989447, 1.446589109139613 ], [ 103.836300584087013, 1.446551781131331 ], [ 103.836326169795242, 1.446514585194755 ], [ 103.836351945436007, 1.446477522315726 ] ], [ [ 103.836639167895569, 1.446089771458926 ], [ 103.836608052939141, 1.446129692606413 ], [ 103.836577167784682, 1.446169794091005 ], [ 103.836546513464086, 1.446210074572868 ], [ 103.836577167784682, 1.446169794091003 ], [ 103.836608052939141, 1.446129692606412 ], [ 103.836639167895569, 1.446089771458926 ] ] ] } },
{ "type": "Feature", "properties": { "id": 572797431, "name": null, "forest_area_ha": 25.429920253166927, "source_layer": "natural", "source": "OSM" }, "geometry": { "type": "Polygon", "coordinates": [ [ [ 103.8834052, 1.4020238 ], [ 103.8832873, 1.4036098 ], [ 103.8843476, 1.4035941 ], [ 103.884685300000015, 1.4042693 ], [ 103.8852587, 1.4048817 ], [ 103.8859106, 1.4057533 ], [ 103.8865153, 1.4061851 ], [ 103.8871201, 1.4063029 ], [ 103.8874578, 1.4066484 ], [ 103.8885024, 1.4079596 ], [ 103.8888715, 1.4086819 ], [ 103.8889501, 1.4086505 ], [ 103.8893428, 1.4080145 ], [ 103.8905601, 1.4077319 ], [ 103.8912434, 1.4080773 ], [ 103.891966, 1.408839 ], [ 103.8931522, 1.4095026 ], [ 103.8933794, 1.4097803 ], [ 103.8939771, 1.4107901 ], [ 103.8946253, 1.4119767 ], [ 103.8946926, 1.4123133 ], [ 103.8945495, 1.4125741 ], [ 103.8942633, 1.4127593 ], [ 103.8929417, 1.4134577 ], [ 103.8932041, 1.414003 ], [ 103.8937566, 1.413515 ], [ 103.8946256, 1.4130538 ], [ 103.8948632, 1.4125364 ], [ 103.8949208, 1.4123841 ], [ 103.8949275, 1.4122642 ], [ 103.8948708, 1.4121584 ], [ 103.8948897, 1.4120639 ], [ 103.8949161, 1.4119127 ], [ 103.8948708, 1.411769 ], [ 103.894733, 1.4112053 ], [ 103.8931069, 1.4092685 ], [ 103.8926462, 1.4088019 ], [ 103.891231100000013, 1.4072647 ], [ 103.8912951, 1.4071398 ], [ 103.8904436, 1.4064981 ], [ 103.8899118, 1.4061615 ], [ 103.8884765, 1.4055396 ], [ 103.8878627, 1.4051298 ], [ 103.8873521, 1.40457 ], [ 103.8866831, 1.4037491 ], [ 103.8863836, 1.4031429 ], [ 103.8863005, 1.4027396 ], [ 103.8862388, 1.4023705 ], [ 103.8862075, 1.4017242 ], [ 103.8834052, 1.4020238 ] ] ] } },
{ "type": "Feature", "properties": { "id": 587106375, "name": null, "forest_area_ha": 4.5364108138936903, "source_layer": "natural", "source": "OSM" }, "geometry": { "type": "Polygon", "coordinates": [ [ [ 103.794508600000015, 1.4609266 ], [ 103.7950606, 1.4593173 ], [ 103.7956255, 1.4592587 ], [ 103.7957832, 1.4593685 ], [ 103.7959345, 1.4591219 ], [ 103.795716, 1.458892 ], [ 103.795532, 1.458887 ], [ 103.7947803, 1.4578768 ], [ 103.7941209, 1.4587577 ], [ 103.7933753, 1.4604332 ], [ 103.7934616, 1.4610739 ], [ 103.793578700000012, 1.4612155 ], [ 103.794508600000015, 1.4609266 ] ] ] } },
{ "type": "Feature", "properties": { "id": 591998794, "name": null, "forest_area_ha": 0.41312044103432, "source_layer": "natural", "source": "OSM" }, "geometry": { "type": "Polygon", "coordinates": [ [ [ 103.9060689, 1.3261307 ], [ 103.9071632, 1.3264585 ], [ 103.9077654, 1.3266422 ], [ 103.9077748, 1.3265872 ], [ 103.9077689, 1.3265846 ], [ 103.9077523, 1.3265774 ], [ 103.9077268, 1.3265661 ], [ 103.9076942, 1.3265514 ], [ 103.9076561, 1.3265339 ], [ 103.9076143, 1.3265142 ], [ 103.9075705, 1.326493 ], [ 103.9075265, 1.3264708 ], [ 103.9074841, 1.3264484 ], [ 103.9074448, 1.3264263 ], [ 103.9074044, 1.3264023 ], [ 103.9073581, 1.3263744 ], [ 103.9073078, 1.3263437 ], [ 103.907255, 1.3263113 ], [ 103.9072016, 1.3262783 ], [ 103.9071492, 1.3262459 ], [ 103.9070995, 1.3262151 ], [ 103.9070541, 1.326187 ], [ 103.9070149, 1.3261627 ], [ 103.9069835, 1.3261434 ], [ 103.9069555, 1.3261251 ], [ 103.9069253, 1.3261041 ], [ 103.9068926, 1.3260814 ], [ 103.9068571, 1.3260584 ], [ 103.9068184, 1.326036 ], [ 103.9067763, 1.3260155 ], [ 103.9067305, 1.3259981 ], [ 103.9066807, 1.3259849 ], [ 103.9066265, 1.3259771 ], [ 103.9065678, 1.3259758 ], [ 103.9065116, 1.325978 ], [ 103.9064643, 1.3259803 ], [ 103.9064238, 1.3259831 ], [ 103.906388300000017, 1.325987 ], [ 103.9063559, 1.3259926 ], [ 103.9063245, 1.3260004 ], [ 103.9062924, 1.3260111 ], [ 103.9062576, 1.3260252 ], [ 103.9062181, 1.3260432 ], [ 103.90617210000002, 1.3260656 ], [ 103.90613, 1.3260872 ], [ 103.9060689, 1.3261307 ] ] ] } },
{ "type": "Feature", "properties": { "id": 591998799, "name": null, "forest_area_ha": 0.48369666917838211, "source_layer": "natural", "source": "OSM" }, "geometry": { "type": "Polygon", "coordinates": [ [ [ 103.9060879, 1.3264114 ], [ 103.9060909, 1.3264204 ], [ 103.906096, 1.3264345 ], [ 103.9061035, 1.3264529 ], [ 103.9061135, 1.3264749 ], [ 103.9061261, 1.3264997 ], [ 103.9061415, 1.3265266 ], [ 103.9061599, 1.3265548 ], [ 103.9061815, 1.3265835 ], [ 103.9062063, 1.326612 ], [ 103.9062348, 1.3266405 ], [ 103.9062666, 1.3266694 ], [ 103.9063011, 1.3266982 ], [ 103.9063379, 1.3267265 ], [ 103.9063763, 1.3267536 ], [ 103.9064158, 1.3267792 ], [ 103.9064557, 1.3268027 ], [ 103.9064955, 1.3268237 ], [ 103.9065346, 1.3268416 ], [ 103.9065725, 1.326856 ], [ 103.9066112, 1.3268682 ], [ 103.9066535, 1.3268796 ], [ 103.9066991, 1.3268902 ], [ 103.906748, 1.3268998 ], [ 103.9068001, 1.3269081 ], [ 103.9068554, 1.3269152 ], [ 103.9069137, 1.3269208 ], [ 103.906975, 1.3269247 ], [ 103.9070392, 1.3269269 ], [ 103.9071062, 1.3269271 ], [ 103.9071826, 1.3269272 ], [ 103.907272, 1.3269292 ], [ 103.90737, 1.3269326 ], [ 103.9074724, 1.3269373 ], [ 103.9075748, 1.326943 ], [ 103.9076727, 1.3269495 ], [ 103.907762, 1.3269565 ], [ 103.9078381, 1.3269637 ], [ 103.9078968, 1.326971 ], [ 103.9079337, 1.326978 ], [ 103.9079576, 1.3269845 ], [ 103.9079802, 1.3269904 ], [ 103.908001, 1.3269956 ], [ 103.90802, 1.3270001 ], [ 103.9080368, 1.327004 ], [ 103.9080511, 1.3270072 ], [ 103.9080627, 1.3270097 ], [ 103.9080713, 1.3270114 ], [ 103.9080767, 1.3270125 ], [ 103.908078500000016, 1.3270129 ], [ 103.9080866, 1.3269807 ], [ 103.9075407, 1.3268104 ], [ 103.9069694, 1.3266495 ], [ 103.9064571, 1.326494 ], [ 103.90608970000001, 1.3263894 ], [ 103.906087, 1.3264082 ], [ 103.9060879, 1.3264114 ] ] ] } },
{ "type": "Feature", "properties": { "id": 591998804, "name": null, "forest_area_ha": 0.57460670612873099, "source_layer": "natural", "source": "OSM" }, "geometry": { "type": "Polygon", "coordinates": [ [ [ 103.904015, 1.3257727 ], [ 103.903426200000013, 1.3256373 ], [ 103.903418200000019, 1.3256802 ], [ 103.9036596, 1.3257673 ], [ 103.9040351, 1.3259229 ], [ 103.9042523, 1.3260368 ], [ 103.9045729, 1.3262205 ], [ 103.9048478, 1.326376 ], [ 103.9049564, 1.326427 ], [ 103.9050302, 1.3264431 ], [ 103.9051495, 1.3264605 ], [ 103.9052421, 1.3264605 ], [ 103.9053453, 1.326431 ], [ 103.9054674, 1.3263801 ], [ 103.9055639, 1.3263197 ], [ 103.9056364, 1.3262594 ], [ 103.904015, 1.3257727 ] ] ] } },
{ "type": "Feature", "properties": { "id": 591998806, "name": null, "forest_area_ha": 0.24764783530316353, "source_layer": "natural", "source": "OSM" }, "geometry": { "type": "Polygon", "coordinates": [ [ [ 103.9042591, 1.3255917 ], [ 103.9049055, 1.3257633 ], [ 103.905576, 1.3259778 ], [ 103.905482100000015, 1.3258598 ], [ 103.9053722, 1.3257526 ], [ 103.9052689, 1.3256788 ], [ 103.9051455, 1.3256185 ], [ 103.9049497, 1.3255676 ], [ 103.904762, 1.3255595 ], [ 103.9040337, 1.3255273 ], [ 103.9042591, 1.3255917 ] ] ] } },
{ "type": "Feature", "properties": { "id": 592301504, "name": null, "forest_area_ha": 0.4549731384833588, "source_layer": "natural", "source": "OSM" }, "geometry": { "type": "Polygon", "coordinates": [ [ [ 103.919534, 1.3326358 ], [ 103.9202185, 1.3331356 ], [ 103.9204424, 1.3332825 ], [ 103.9204551, 1.3332897 ], [ 103.9204687, 1.3332967 ], [ 103.9204812, 1.3333022 ], [ 103.920494600000012, 1.3333074 ], [ 103.9205086, 1.3333124 ], [ 103.9205238, 1.3333168 ], [ 103.9205397, 1.333321 ], [ 103.920554900000013, 1.3333246 ], [ 103.9205692, 1.3333277 ], [ 103.920584, 1.3333306 ], [ 103.9205988, 1.3333332 ], [ 103.9206146, 1.3333356 ], [ 103.9206307, 1.3333377 ], [ 103.9206467, 1.3333394 ], [ 103.9206629, 1.3333406 ], [ 103.920681, 1.3333413 ], [ 103.9206993, 1.3333412 ], [ 103.9207184, 1.3333407 ], [ 103.9207376, 1.3333398 ], [ 103.9207565, 1.3333385 ], [ 103.92077590000001, 1.3333368 ], [ 103.92079440000002, 1.3333344 ], [ 103.9208154, 1.3333311 ], [ 103.9208367, 1.3333263 ], [ 103.9208561, 1.3333212 ], [ 103.9208753, 1.333315 ], [ 103.9208965, 1.333307 ], [ 103.9209171, 1.3332984 ], [ 103.9209372, 1.3332896 ], [ 103.9209564, 1.3332804 ], [ 103.9209764, 1.3332703 ], [ 103.9209955, 1.3332603 ], [ 103.9210482, 1.3332113 ], [ 103.920227800000021, 1.3328307 ], [ 103.9195863, 1.3325223 ], [ 103.919534, 1.3326358 ] ] ] } },
{ "type": "Feature", "properties": { "id": 592301506, "name": null, "forest_area_ha": 3.1068900556768311, "source_layer": "natural", "source": "OSM" }, "geometry": { "type": "Polygon", "coordinates": [ [ [ 103.9216749, 1.3331809 ], [ 103.9213412, 1.3329599 ], [ 103.9213616, 1.3328352 ], [ 103.9213743, 1.3327235 ], [ 103.9213792, 1.3325941 ], [ 103.9213547, 1.3321393 ], [ 103.921342, 1.3317914 ], [ 103.9213279, 1.3314715 ], [ 103.9213379, 1.3313523 ], [ 103.9213602, 1.3312361 ], [ 103.9213767, 1.331179 ], [ 103.9212579, 1.3311552 ], [ 103.9212651, 1.3311277 ], [ 103.9212739, 1.3311002 ], [ 103.9212835, 1.3310732 ], [ 103.9212937, 1.3310457 ], [ 103.9213037, 1.3310205 ], [ 103.9213146, 1.3309952 ], [ 103.921326, 1.3309703 ], [ 103.9213384, 1.3309454 ], [ 103.9213519, 1.3309202 ], [ 103.9213667, 1.3308951 ], [ 103.9213938, 1.3308516 ], [ 103.9214264, 1.3308045 ], [ 103.9214621, 1.3307562 ], [ 103.9214994, 1.3307079 ], [ 103.9215404, 1.3306598 ], [ 103.9215807, 1.3306149 ], [ 103.9216283, 1.3305659 ], [ 103.9216797, 1.3305182 ], [ 103.9219096, 1.3303157 ], [ 103.9219651, 1.3302643 ], [ 103.922033700000014, 1.3302001 ], [ 103.9210768, 1.3308488 ], [ 103.9208042, 1.3310444 ], [ 103.920241, 1.3314687 ], [ 103.9201518, 1.3315468 ], [ 103.9200929, 1.3316048 ], [ 103.9200208, 1.3316909 ], [ 103.9199578, 1.3317816 ], [ 103.919877, 1.3319163 ], [ 103.9197716, 1.3321206 ], [ 103.9197392, 1.3321831 ], [ 103.9196576, 1.3323569 ], [ 103.9216852, 1.333309 ], [ 103.9216749, 1.3331809 ] ] ] } },
{ "type": "Feature", "properties": { "id": 592301508, "name": null, "forest_area_ha": 1.0858006790885664, "source_layer": "natural", "source": "OSM" }, "geometry": { "type": "Polygon", "coordinates": [ [ [ 103.9177801, 1.3317698 ], [ 103.9178119, 1.331805 ], [ 103.9178514, 1.3318322 ], [ 103.9179285, 1.3318774 ], [ 103.9181073, 1.3320027 ], [ 103.9181674, 1.3320482 ], [ 103.9182229, 1.3320937 ], [ 103.9182873, 1.3321521 ], [ 103.918347, 1.3322116 ], [ 103.9184066, 1.3322805 ], [ 103.918458, 1.3323505 ], [ 103.9185152, 1.3324335 ], [ 103.9185659, 1.3325171 ], [ 103.9186223, 1.3326306 ], [ 103.9186727, 1.3327467 ], [ 103.9187164, 1.3328778 ], [ 103.9187501, 1.3330112 ], [ 103.9187707, 1.3331201 ], [ 103.9187859, 1.3332319 ], [ 103.9187926, 1.3333374 ], [ 103.9187917, 1.3334423 ], [ 103.9187808, 1.3335671 ], [ 103.9187652, 1.333693 ], [ 103.9187512, 1.333774 ], [ 103.918825, 1.3338094 ], [ 103.919351, 1.3327207 ], [ 103.9194226, 1.3325547 ], [ 103.919381900000019, 1.3325189 ], [ 103.9193518, 1.3324905 ], [ 103.9193257, 1.3324597 ], [ 103.9193052, 1.3324018 ], [ 103.9185103, 1.3320465 ], [ 103.9179214, 1.3317676 ], [ 103.91774, 1.3316744 ], [ 103.9177801, 1.3317698 ] ] ] } },
{ "type": "Feature", "properties": { "id": 593949280, "name": null, "forest_area_ha": 2.1825297192117477, "source_layer": "natural", "source": "OSM" }, "geometry": { "type": "Polygon", "coordinates": [ [ [ 103.9457999, 1.3264465 ], [ 103.9458124, 1.3265083 ], [ 103.9459673, 1.3265646 ], [ 103.9460129, 1.3264386 ], [ 103.9464769, 1.3266156 ], [ 103.9464206, 1.3267604 ], [ 103.947160900000014, 1.3270835 ], [ 103.9475981, 1.3260498 ], [ 103.947346, 1.3258246 ], [ 103.9461889, 1.3253596 ], [ 103.9457999, 1.3264465 ] ] ] } },
{ "type": "Feature", "properties": { "id": 598795143, "name": null, "forest_area_ha": 0.94361051941246332, "source_layer": "natural", "source": "OSM" }, "geometry": { "type": "Polygon", "coordinates": [ [ [ 103.9176425, 1.3435553 ], [ 103.9171153, 1.3435394 ], [ 103.918099, 1.3444171 ], [ 103.9181722, 1.3444801 ], [ 103.9182657, 1.3445045 ], [ 103.9183531, 1.3444984 ], [ 103.9184283, 1.3444557 ], [ 103.9184954, 1.3443765 ], [ 103.91848250000001, 1.3435809 ], [ 103.9176425, 1.3435553 ] ] ] } },
{ "type": "Feature", "properties": { "id": 599185654, "name": "Lorong Halus", "forest_area_ha": 35.678459339628262, "source_layer": "natural", "source": "OSM" }, "geometry": { "type": "Polygon", "coordinates": [ [ [ 103.9251949, 1.3925386 ], [ 103.9239864, 1.3936214 ], [ 103.9253964, 1.3947903 ], [ 103.926508, 1.3958525 ], [ 103.9246931, 1.3973936 ], [ 103.9252255, 1.3976761 ], [ 103.9259353, 1.3980449 ], [ 103.928314700000016, 1.3990136 ], [ 103.9287303, 1.3991163 ], [ 103.9290782, 1.3991817 ], [ 103.9293794, 1.3992984 ], [ 103.9297974, 1.3993824 ], [ 103.9301663, 1.3994361 ], [ 103.9305423, 1.3993848 ], [ 103.9309112, 1.399268 ], [ 103.9311844, 1.399205 ], [ 103.9314366, 1.399072 ], [ 103.9315533, 1.3989623 ], [ 103.9316374, 1.3988385 ], [ 103.9324733, 1.398339 ], [ 103.932281800000013, 1.3981289 ], [ 103.9323099, 1.3981102 ], [ 103.9309766, 1.3968847 ], [ 103.9298511, 1.3957853 ], [ 103.9284991, 1.3944827 ], [ 103.927709100000015, 1.3936727 ], [ 103.9260827, 1.3917246 ], [ 103.9260179, 1.3917201 ], [ 103.9251949, 1.3925386 ] ], [ [ 103.926183804909286, 1.392048085654621 ], [ 103.926208586489466, 1.392078017321603 ], [ 103.926233431169436, 1.392107895956061 ], [ 103.926208586489466, 1.392078017321604 ], [ 103.926183804909286, 1.392048085654621 ] ] ] } },
{ "type": "Feature", "properties": { "id": 601116169, "name": null, "forest_area_ha": 3.7823752188156066, "source_layer": "natural", "source": "OSM" }, "geometry": { "type": "Polygon", "coordinates": [ [ [ 103.8264014, 1.2458923 ], [ 103.8265897, 1.2458324 ], [ 103.826843900000014, 1.2455265 ], [ 103.8280213, 1.244152 ], [ 103.8281555, 1.24427 ], [ 103.8282681, 1.2441508 ], [ 103.8284317, 1.2441052 ], [ 103.828553, 1.2440357 ], [ 103.8286503, 1.244018 ], [ 103.8286857, 1.2438855 ], [ 103.8287863, 1.2437045 ], [ 103.8288534, 1.2435516 ], [ 103.8289405, 1.2434564 ], [ 103.8288622, 1.2433195 ], [ 103.8288475, 1.2431961 ], [ 103.8289025, 1.2430808 ], [ 103.82897, 1.243016 ], [ 103.8290276, 1.2429971 ], [ 103.8290624, 1.2430125 ], [ 103.829145700000012, 1.2430575 ], [ 103.8292678, 1.2431025 ], [ 103.8293356, 1.2431197 ], [ 103.8294402, 1.2430822 ], [ 103.8295561, 1.2430086 ], [ 103.8296258, 1.2429148 ], [ 103.8296983, 1.2427874 ], [ 103.82976, 1.2426332 ], [ 103.8298418, 1.2424844 ], [ 103.8299759, 1.2423423 ], [ 103.8301027, 1.2422013 ], [ 103.830246800000012, 1.2421023 ], [ 103.8303621, 1.2420795 ], [ 103.8304225, 1.2420245 ], [ 103.8305002, 1.2419333 ], [ 103.8304962, 1.2418569 ], [ 103.8305284, 1.2418113 ], [ 103.8306987, 1.2417121 ], [ 103.8308398, 1.2416495 ], [ 103.8309729, 1.2415261 ], [ 103.8310728, 1.241378 ], [ 103.8310849, 1.2412282 ], [ 103.83117470000002, 1.2410734 ], [ 103.8312569, 1.2410175 ], [ 103.8314725, 1.2408991 ], [ 103.83159, 1.2408473 ], [ 103.8316624, 1.2408235 ], [ 103.8315857, 1.2407082 ], [ 103.8315233, 1.2406339 ], [ 103.831359, 1.2406785 ], [ 103.831051, 1.2409964 ], [ 103.8305469, 1.2414103 ], [ 103.8300379, 1.2418815 ], [ 103.8297728, 1.2421355 ], [ 103.829578900000016, 1.2423278 ], [ 103.8295019, 1.2424063 ], [ 103.8293643, 1.2424897 ], [ 103.8292776, 1.2425531 ], [ 103.8289362, 1.2427758 ], [ 103.8287583, 1.2429569 ], [ 103.8284855, 1.2433644 ], [ 103.8286261, 1.2434764 ], [ 103.8284934, 1.2436306 ], [ 103.8283633, 1.2435247 ], [ 103.8282687, 1.2436474 ], [ 103.8281636, 1.2437691 ], [ 103.8277845, 1.2439861 ], [ 103.8276664, 1.2439085 ], [ 103.827056, 1.2446881 ], [ 103.8265045, 1.2453037 ], [ 103.826463, 1.2454821 ], [ 103.8254437, 1.2466137 ], [ 103.825202300000015, 1.2470213 ], [ 103.8251299, 1.2472117 ], [ 103.8251782, 1.2473941 ], [ 103.8255215, 1.2476998 ], [ 103.825838, 1.2478821 ], [ 103.8261572, 1.2480521 ], [ 103.8263525, 1.2481143 ], [ 103.8263899, 1.2481844 ], [ 103.8264074, 1.2482631 ], [ 103.8264699, 1.2482652 ], [ 103.8264309, 1.248173 ], [ 103.8263988, 1.2480944 ], [ 103.8252412, 1.2472894 ], [ 103.8252123, 1.2472228 ], [ 103.8257582, 1.2465061 ], [ 103.8261213, 1.2460263 ], [ 103.8264014, 1.2458923 ] ] ] } },
{ "type": "Feature", "properties": { "id": 602161446, "name": null, "forest_area_ha": 0.89548500949428322, "source_layer": "natural", "source": "OSM" }, "geometry": { "type": "Polygon", "coordinates": [ [ [ 104.0057623, 1.3709991 ], [ 104.0047324, 1.3712378 ], [ 104.0047678, 1.3714144 ], [ 104.0048165, 1.3714771 ], [ 104.004872, 1.3718699 ], [ 104.0048728, 1.3722767 ], [ 104.0048779, 1.3729509 ], [ 104.0052259, 1.3729566 ], [ 104.0052151, 1.3720824 ], [ 104.0051293, 1.3718679 ], [ 104.0051722, 1.3717392 ], [ 104.0053117, 1.3717285 ], [ 104.005303700000013, 1.3711922 ], [ 104.0057516, 1.3710608 ], [ 104.0057623, 1.3709991 ] ] ] } },
{ "type": "Feature", "properties": { "id": 602161447, "name": null, "forest_area_ha": 0.69366815872973642, "source_layer": "natural", "source": "OSM" }, "geometry": { "type": "Polygon", "coordinates": [ [ [ 104.0054309, 1.3720666 ], [ 104.0057945, 1.3720698 ], [ 104.0057562, 1.3725928 ], [ 104.0065473, 1.3725864 ], [ 104.006308, 1.3718275 ], [ 104.0053128, 1.3718976 ], [ 104.0054309, 1.3720666 ] ] ] } },
{ "type": "Feature", "properties": { "id": 603190597, "name": null, "forest_area_ha": 1.0754076649774016, "source_layer": "natural", "source": "OSM" }, "geometry": { "type": "Polygon", "coordinates": [ [ [ 103.9195452, 1.3323052 ], [ 103.9196263, 1.3321316 ], [ 103.919708, 1.3319602 ], [ 103.9197771, 1.3318272 ], [ 103.9198364, 1.3317261 ], [ 103.919912700000012, 1.3316142 ], [ 103.9199562, 1.3315608 ], [ 103.9200086, 1.3315044 ], [ 103.9200611, 1.331457 ], [ 103.920151, 1.3313797 ], [ 103.9203993, 1.3311985 ], [ 103.9207275, 1.3309464 ], [ 103.9200838, 1.3313094 ], [ 103.9200317, 1.3313372 ], [ 103.9199786, 1.3313632 ], [ 103.919922, 1.3313887 ], [ 103.9198617, 1.3314137 ], [ 103.9198005, 1.3314378 ], [ 103.9197386, 1.3314611 ], [ 103.9196092, 1.3315063 ], [ 103.9194797, 1.3315478 ], [ 103.9194476, 1.3315572 ], [ 103.9194151, 1.3315659 ], [ 103.9193809, 1.3315742 ], [ 103.9193458, 1.3315817 ], [ 103.9193108, 1.3315886 ], [ 103.9192763, 1.3315946 ], [ 103.9192428, 1.3315998 ], [ 103.9192089, 1.331604 ], [ 103.9191758, 1.3316076 ], [ 103.919142, 1.3316103 ], [ 103.9190764, 1.3316131 ], [ 103.919014, 1.3316145 ], [ 103.918951100000015, 1.3316151 ], [ 103.918887, 1.3316151 ], [ 103.918821300000019, 1.3316136 ], [ 103.9187553, 1.3316109 ], [ 103.9186916, 1.3316067 ], [ 103.9186569, 1.3316038 ], [ 103.9186235, 1.3315999 ], [ 103.9185892, 1.3315952 ], [ 103.9185567, 1.3315901 ], [ 103.9184859, 1.331578 ], [ 103.9184187, 1.3315646 ], [ 103.9183517, 1.3315496 ], [ 103.918283200000019, 1.3315326 ], [ 103.918220100000013, 1.3315157 ], [ 103.9181555, 1.3314968 ], [ 103.9179199, 1.3314183 ], [ 103.9174764, 1.3312613 ], [ 103.9173649, 1.3312237 ], [ 103.9173448, 1.3312689 ], [ 103.9195452, 1.3323052 ] ] ] } },
{ "type": "Feature", "properties": { "id": 617828868, "name": null, "forest_area_ha": 1.4373736887245523, "source_layer": "natural", "source": "OSM" }, "geometry": { "type": "Polygon", "coordinates": [ [ [ 103.9714788, 1.3432834 ], [ 103.9724688, 1.3457065 ], [ 103.9729778, 1.3454777 ], [ 103.971843, 1.343232 ], [ 103.9714788, 1.3432834 ] ] ] } },
{ "type": "Feature", "properties": { "id": 617828869, "name": null, "forest_area_ha": 0.80953634115692108, "source_layer": "natural", "source": "OSM" }, "geometry": { "type": "Polygon", "coordinates": [ [ [ 103.971899100000016, 1.3428259 ], [ 103.9715021, 1.3417381 ], [ 103.9712826, 1.3417381 ], [ 103.9710164, 1.3419155 ], [ 103.9710211, 1.3420835 ], [ 103.971310391675758, 1.342782829593608 ], [ 103.971342378751174, 1.342793515903782 ], [ 103.971310391700371, 1.342782829653121 ], [ 103.971334, 1.3428399 ], [ 103.9714694, 1.3430173 ], [ 103.971899100000016, 1.3428259 ] ] ] } },
{ "type": "Feature", "properties": { "id": 617828872, "name": null, "forest_area_ha": 0.15969463732057271, "source_layer": "natural", "source": "OSM" }, "geometry": { "type": "Polygon", "coordinates": [ [ [ 103.9727244, 1.3464738 ], [ 103.9728384, 1.3464153 ], [ 103.9728445, 1.346289 ], [ 103.9726258, 1.3457038 ], [ 103.9724594, 1.3457715 ], [ 103.9727244, 1.3464738 ] ] ] } },
{ "type": "Feature", "properties": { "id": 617828874, "name": null, "forest_area_ha": 1.0304859647776896, "source_layer": "natural", "source": "OSM" }, "geometry": { "type": "Polygon", "coordinates": [ [ [ 103.9738454, 1.3486887 ], [ 103.9742799, 1.3485921 ], [ 103.9734484, 1.3467419 ], [ 103.9732553, 1.3466132 ], [ 103.9730675, 1.3467419 ], [ 103.9738454, 1.3486887 ] ] ] } },
{ "type": "Feature", "properties": { "id": 619378324, "name": null, "forest_area_ha": 5.5980689344680314, "source_layer": "natural", "source": "OSM" }, "geometry": { "type": "Polygon", "coordinates": [ [ [ 103.8241643, 1.4104393 ], [ 103.8241965, 1.4104688 ], [ 103.8248643, 1.4105037 ], [ 103.8249502, 1.4105278 ], [ 103.8251004, 1.41045 ], [ 103.8251781, 1.4104876 ], [ 103.8252103, 1.410568 ], [ 103.825331, 1.4106913 ], [ 103.8253686, 1.4107182 ], [ 103.8254169, 1.4107182 ], [ 103.8256422, 1.410635 ], [ 103.8261411, 1.4100532 ], [ 103.8261893, 1.4099727 ], [ 103.8263288, 1.4098521 ], [ 103.8265944, 1.4098306 ], [ 103.8267285, 1.4098413 ], [ 103.8268974, 1.4101417 ], [ 103.8269323, 1.4101765 ], [ 103.8269725, 1.4101819 ], [ 103.8270611, 1.4101712 ], [ 103.8271335, 1.4101202 ], [ 103.8272492, 1.410009 ], [ 103.8273025, 1.4099754 ], [ 103.8272595, 1.4098145 ], [ 103.8272032, 1.4097529 ], [ 103.8267767, 1.4096751 ], [ 103.8261759, 1.4096778 ], [ 103.826184, 1.4096376 ], [ 103.826216200000019, 1.4096107 ], [ 103.8264495, 1.4095973 ], [ 103.8264763, 1.4095625 ], [ 103.8264441, 1.4091254 ], [ 103.8264066, 1.4090557 ], [ 103.8262376, 1.4090235 ], [ 103.8260096, 1.4090235 ], [ 103.8258433, 1.4090637 ], [ 103.8257387, 1.4091335 ], [ 103.8256502, 1.4091361 ], [ 103.8256395, 1.4088787 ], [ 103.8256824, 1.408801 ], [ 103.8265622, 1.4089458 ], [ 103.8265944, 1.4089163 ], [ 103.826597, 1.4088734 ], [ 103.826589, 1.4087366 ], [ 103.8265648, 1.4086991 ], [ 103.8261035, 1.4086294 ], [ 103.825934500000017, 1.4085087 ], [ 103.8253793, 1.4083773 ], [ 103.8252076, 1.4083559 ], [ 103.8247222, 1.4083719 ], [ 103.8244083, 1.4085275 ], [ 103.8243547, 1.4085891 ], [ 103.8242152, 1.4091656 ], [ 103.8241428, 1.4097207 ], [ 103.824116, 1.4097529 ], [ 103.823965800000011, 1.4098145 ], [ 103.8239416, 1.4098521 ], [ 103.8239416, 1.4101148 ], [ 103.823998, 1.4101846 ], [ 103.8241455, 1.4102865 ], [ 103.824167, 1.4104125 ], [ 103.8241643, 1.4104393 ] ] ] } },
{ "type": "Feature", "properties": { "id": 619378326, "name": null, "forest_area_ha": 9.7112021613193011, "source_layer": "natural", "source": "OSM" }, "geometry": { "type": "Polygon", "coordinates": [ [ [ 103.8234776, 1.411662 ], [ 103.8234401, 1.4117344 ], [ 103.8233596, 1.4117693 ], [ 103.8231611, 1.4118175 ], [ 103.8230377, 1.4119462 ], [ 103.8230056, 1.4120186 ], [ 103.8230136, 1.41215 ], [ 103.8230887, 1.4122546 ], [ 103.823126300000013, 1.4122707 ], [ 103.8231558, 1.4123511 ], [ 103.8231906, 1.4125951 ], [ 103.8231692, 1.4128472 ], [ 103.8232711, 1.412925 ], [ 103.8233945, 1.4129089 ], [ 103.8237888, 1.4125683 ], [ 103.8237807, 1.4124396 ], [ 103.8237137, 1.412335 ], [ 103.8237244, 1.4122948 ], [ 103.8237619, 1.4122707 ], [ 103.823837, 1.4122573 ], [ 103.8238558, 1.4122197 ], [ 103.8238424, 1.4121366 ], [ 103.8238746, 1.4120562 ], [ 103.8239095, 1.412032 ], [ 103.8242689, 1.4119462 ], [ 103.8243091, 1.4119221 ], [ 103.8243359, 1.4118819 ], [ 103.8243788, 1.4118658 ], [ 103.82447, 1.4118765 ], [ 103.8245612, 1.4119087 ], [ 103.8246685, 1.4118229 ], [ 103.8247919, 1.4118524 ], [ 103.8248858, 1.4118497 ], [ 103.8256314, 1.4113885 ], [ 103.8260552, 1.4111418 ], [ 103.827436600000013, 1.4103884 ], [ 103.8278201, 1.4101551 ], [ 103.8284129, 1.410029 ], [ 103.8285926, 1.4100237 ], [ 103.8287643, 1.4099674 ], [ 103.8289411, 1.4098778 ], [ 103.8289794, 1.4097566 ], [ 103.8289488, 1.4095912 ], [ 103.8288139, 1.4092494 ], [ 103.8286421, 1.4088327 ], [ 103.8283352, 1.408122 ], [ 103.8279742, 1.407103 ], [ 103.827635, 1.4060043 ], [ 103.8274232, 1.4052293 ], [ 103.8273105, 1.4045134 ], [ 103.8272864, 1.403835 ], [ 103.8271683, 1.4039342 ], [ 103.8269377, 1.4043606 ], [ 103.8265997, 1.4049934 ], [ 103.8269645, 1.4058782 ], [ 103.8270932, 1.4061973 ], [ 103.8274473, 1.4061062 ], [ 103.8275278, 1.4062965 ], [ 103.8274232, 1.406495 ], [ 103.8275921, 1.4067497 ], [ 103.8274848, 1.4068355 ], [ 103.82760020000002, 1.4070071 ], [ 103.82769140000002, 1.4072055 ], [ 103.8277879, 1.4073825 ], [ 103.8279113, 1.4073369 ], [ 103.8279601, 1.4076338 ], [ 103.8279176, 1.4081928 ], [ 103.8276557, 1.4084263 ], [ 103.827255800000017, 1.4085041 ], [ 103.8269762, 1.4085537 ], [ 103.8271531, 1.408766 ], [ 103.8271, 1.4090419 ], [ 103.8272664, 1.409371 ], [ 103.8275247, 1.4097885 ], [ 103.8276238, 1.4098239 ], [ 103.8277371, 1.4097779 ], [ 103.8278504, 1.4096257 ], [ 103.8280415, 1.4091552 ], [ 103.8281378, 1.4091951 ], [ 103.8279246, 1.4096808 ], [ 103.8277828, 1.4098397 ], [ 103.8276134, 1.4099161 ], [ 103.8273644, 1.4100782 ], [ 103.826699, 1.4105224 ], [ 103.8257226, 1.4109649 ], [ 103.8256744, 1.4109783 ], [ 103.8255912, 1.410997 ], [ 103.8254973, 1.410989 ], [ 103.8251781, 1.4107825 ], [ 103.8251406, 1.4107637 ], [ 103.8249099, 1.4106699 ], [ 103.8248241, 1.4106592 ], [ 103.8245451, 1.4106592 ], [ 103.824183, 1.4107101 ], [ 103.8241026, 1.4107343 ], [ 103.8239551, 1.4107932 ], [ 103.823888, 1.4108496 ], [ 103.823700200000019, 1.4109327 ], [ 103.8234803, 1.4110775 ], [ 103.8234562, 1.4111096 ], [ 103.823432, 1.4111472 ], [ 103.823365, 1.4112973 ], [ 103.823365, 1.4113456 ], [ 103.823373, 1.4113912 ], [ 103.8234481, 1.4115038 ], [ 103.823483, 1.4115869 ], [ 103.8234776, 1.411662 ] ] ] } },
{ "type": "Feature", "properties": { "id": 619378327, "name": null, "forest_area_ha": 0.3119239807531286, "source_layer": "natural", "source": "OSM" }, "geometry": { "type": "Polygon", "coordinates": [ [ [ 103.8230485, 1.4110453 ], [ 103.823086, 1.4111003 ], [ 103.8231638, 1.4111338 ], [ 103.823251, 1.4111244 ], [ 103.8233945, 1.4109903 ], [ 103.8234293, 1.410934 ], [ 103.8235018, 1.410871 ], [ 103.823536600000011, 1.410812 ], [ 103.8235661, 1.4107208 ], [ 103.8237043, 1.4106619 ], [ 103.823723, 1.4106163 ], [ 103.823715, 1.4105519 ], [ 103.8236654, 1.4105157 ], [ 103.8235098, 1.4105157 ], [ 103.8233033, 1.4105586 ], [ 103.823186600000014, 1.410627 ], [ 103.8231611, 1.4106578 ], [ 103.8231182, 1.4106766 ], [ 103.8230807, 1.4107088 ], [ 103.8230377, 1.4107611 ], [ 103.8230297, 1.4108026 ], [ 103.8230284, 1.4109112 ], [ 103.8230404, 1.4109555 ], [ 103.8230485, 1.4110453 ] ] ] } },
{ "type": "Feature", "properties": { "id": 619378328, "name": null, "forest_area_ha": 0.36033073864678483, "source_layer": "natural", "source": "OSM" }, "geometry": { "type": "Polygon", "coordinates": [ [ [ 103.8230324, 1.4106029 ], [ 103.8231933, 1.4105492 ], [ 103.8232174, 1.4105117 ], [ 103.8232014, 1.4103454 ], [ 103.8232309, 1.4102677 ], [ 103.8235044, 1.4100988 ], [ 103.8236171, 1.4100076 ], [ 103.8236439, 1.4099593 ], [ 103.8236386, 1.4098789 ], [ 103.8235152, 1.4098494 ], [ 103.823247, 1.4098735 ], [ 103.823019, 1.4099647 ], [ 103.822968, 1.4100559 ], [ 103.8229063, 1.4104742 ], [ 103.8229144, 1.41056 ], [ 103.8229519, 1.4105868 ], [ 103.8230324, 1.4106029 ] ] ] } },
{ "type": "Feature", "properties": { "id": 619378330, "name": null, "forest_area_ha": 0.52292557450470889, "source_layer": "natural", "source": "OSM" }, "geometry": { "type": "Polygon", "coordinates": [ [ [ 103.823516500000011, 1.4097341 ], [ 103.8236734, 1.4097126 ], [ 103.8238746, 1.4096469 ], [ 103.8239524, 1.4095973 ], [ 103.8239685, 1.4095812 ], [ 103.8240127, 1.4093721 ], [ 103.8240623, 1.4089458 ], [ 103.8240583, 1.4088814 ], [ 103.8240489, 1.40886 ], [ 103.82401, 1.4088613 ], [ 103.8238813, 1.4089565 ], [ 103.8232711, 1.409482 ], [ 103.8232456, 1.4095451 ], [ 103.8231745, 1.409596 ], [ 103.8231356, 1.4096711 ], [ 103.823133, 1.409718 ], [ 103.8231678, 1.4097435 ], [ 103.823516500000011, 1.4097341 ] ] ] } },
{ "type": "Feature", "properties": { "id": 619378331, "name": null, "forest_area_ha": 9.2138823300387198, "source_layer": "natural", "source": "OSM" }, "geometry": { "type": "Polygon", "coordinates": [ [ [ 103.8248438, 1.4072571 ], [ 103.8244926, 1.4075343 ], [ 103.8239103, 1.4079316 ], [ 103.8235652, 1.4081873 ], [ 103.8233341, 1.4085692 ], [ 103.822964400000018, 1.4088926 ], [ 103.822862700000016, 1.4091051 ], [ 103.822798, 1.4094686 ], [ 103.8226563, 1.4097181 ], [ 103.8225824, 1.4101062 ], [ 103.8223051, 1.4101123 ], [ 103.8221849, 1.4100661 ], [ 103.8221664, 1.4097335 ], [ 103.822037, 1.4096811 ], [ 103.8220278, 1.4094809 ], [ 103.8222465, 1.4092499 ], [ 103.822363600000017, 1.4089111 ], [ 103.8226409, 1.408483 ], [ 103.8229213, 1.4081103 ], [ 103.8231369, 1.4078392 ], [ 103.8233434, 1.4076421 ], [ 103.8238024, 1.4073371 ], [ 103.8244248, 1.4069059 ], [ 103.8244379, 1.4066934 ], [ 103.8243279, 1.4067792 ], [ 103.8242125, 1.4068435 ], [ 103.824180400000017, 1.4068757 ], [ 103.8241374, 1.4068945 ], [ 103.8240945, 1.4068972 ], [ 103.823981900000021, 1.4069669 ], [ 103.8239363, 1.4069776 ], [ 103.8239041, 1.4070044 ], [ 103.823818300000013, 1.4070286 ], [ 103.8237163, 1.4071036 ], [ 103.8235822, 1.4071197 ], [ 103.8235152, 1.4071144 ], [ 103.8232228, 1.4069803 ], [ 103.8226944, 1.406806 ], [ 103.8222733, 1.406688 ], [ 103.8219675, 1.4066585 ], [ 103.8218093, 1.4067068 ], [ 103.8216296, 1.4066961 ], [ 103.8215893, 1.4067175 ], [ 103.8212836, 1.4067926 ], [ 103.82101, 1.4069803 ], [ 103.8207364, 1.4070581 ], [ 103.8206667, 1.407109 ], [ 103.8206506, 1.4071519 ], [ 103.8206479, 1.407235 ], [ 103.8209215, 1.4077901 ], [ 103.8212272, 1.4083129 ], [ 103.8214767, 1.4089806 ], [ 103.8220641, 1.4100854 ], [ 103.8221741, 1.4102275 ], [ 103.822208900000021, 1.4103106 ], [ 103.8222384, 1.4103454 ], [ 103.822514700000013, 1.4108308 ], [ 103.8226354, 1.4109112 ], [ 103.8227507, 1.4110399 ], [ 103.8227668, 1.4110775 ], [ 103.8227668, 1.4111606 ], [ 103.8227347, 1.4111901 ], [ 103.8226917, 1.4111928 ], [ 103.82263810000002, 1.4112169 ], [ 103.8227186, 1.4113188 ], [ 103.8227507, 1.4113992 ], [ 103.8227963, 1.411469 ], [ 103.8228634, 1.4115306 ], [ 103.8229036, 1.411603 ], [ 103.8229761, 1.4116352 ], [ 103.8230136, 1.4116272 ], [ 103.8230512, 1.4115521 ], [ 103.8230485, 1.4114073 ], [ 103.823035100000013, 1.4113644 ], [ 103.823027, 1.4112652 ], [ 103.8229761, 1.4111418 ], [ 103.8229117, 1.4110265 ], [ 103.82284460000001, 1.4109675 ], [ 103.8228071, 1.4108898 ], [ 103.8227427, 1.4106833 ], [ 103.8227963, 1.4102623 ], [ 103.8228849, 1.4098923 ], [ 103.8229948, 1.4096322 ], [ 103.8230592, 1.4095249 ], [ 103.8233435, 1.4092112 ], [ 103.8233891, 1.409112 ], [ 103.8236842, 1.408935 ], [ 103.8240489, 1.4086454 ], [ 103.824977, 1.4079831 ], [ 103.8252506, 1.4077499 ], [ 103.8252693, 1.4077123 ], [ 103.8252667, 1.4076265 ], [ 103.8252398, 1.4075488 ], [ 103.825205, 1.4075139 ], [ 103.8250896, 1.4074495 ], [ 103.8249019, 1.407286 ], [ 103.8248438, 1.4072571 ] ] ] } },
{ "type": "Feature", "properties": { "id": 620594235, "name": null, "forest_area_ha": 5.0395291700851956, "source_layer": "natural", "source": "OSM" }, "geometry": { "type": "Polygon", "coordinates": [ [ [ 103.9071438, 1.4133191 ], [ 103.9073585, 1.413764 ], [ 103.907911, 1.4139174 ], [ 103.908126, 1.4138519 ], [ 103.907993, 1.4124294 ], [ 103.9081923, 1.4121854 ], [ 103.9089762, 1.4121115 ], [ 103.9089113, 1.4106377 ], [ 103.9078026, 1.4112311 ], [ 103.9063911, 1.4119003 ], [ 103.9069353, 1.4129854 ], [ 103.9071438, 1.4133191 ] ] ] } },
{ "type": "Feature", "properties": { "id": 620604152, "name": "East Coast Park (Zone H)", "forest_area_ha": 13.072175116150385, "source_layer": "natural", "source": "OSM" }, "geometry": { "type": "Polygon", "coordinates": [ [ [ 103.9635401, 1.314893 ], [ 103.9628927, 1.316365 ], [ 103.962804, 1.3163287 ], [ 103.9627783, 1.316386 ], [ 103.9637402, 1.3167777 ], [ 103.9643574, 1.315172 ], [ 103.9663094, 1.3158673 ], [ 103.9672176, 1.3158316 ], [ 103.9680659, 1.3160587 ], [ 103.969165300000014, 1.3164882 ], [ 103.9703518, 1.3167251 ], [ 103.971482, 1.3168052 ], [ 103.9761135, 1.3170653 ], [ 103.9761388, 1.3165904 ], [ 103.975989200000015, 1.3164764 ], [ 103.9755224, 1.316377 ], [ 103.975155, 1.3162561 ], [ 103.9750728, 1.3163122 ], [ 103.9749345, 1.3163987 ], [ 103.9744375, 1.3163468 ], [ 103.9738972, 1.3161869 ], [ 103.9735298, 1.3162193 ], [ 103.9731732, 1.3162885 ], [ 103.9726048, 1.3163079 ], [ 103.9719284, 1.3162085 ], [ 103.971646, 1.3161434 ], [ 103.9715682, 1.3161073 ], [ 103.9710108, 1.3158161 ], [ 103.9709192, 1.3159644 ], [ 103.9706577, 1.3160767 ], [ 103.9703712, 1.3160788 ], [ 103.9700353, 1.3160076 ], [ 103.9691535, 1.3156511 ], [ 103.9691445, 1.3155662 ], [ 103.96880560000001, 1.3153835 ], [ 103.9687019, 1.3154955 ], [ 103.9685808, 1.3155798 ], [ 103.967831, 1.3153941 ], [ 103.9668997, 1.3149848 ], [ 103.9668431, 1.3150055 ], [ 103.966361, 1.3147956 ], [ 103.9663034, 1.3148749 ], [ 103.9662795, 1.3149011 ], [ 103.9662541, 1.3149226 ], [ 103.9662271, 1.3149411 ], [ 103.9661948, 1.314955 ], [ 103.9661609, 1.3149627 ], [ 103.966112400000014, 1.314965 ], [ 103.9660584, 1.3149619 ], [ 103.9659984, 1.3149519 ], [ 103.965935200000018, 1.3149373 ], [ 103.9658112, 1.3149034 ], [ 103.9655385, 1.3148094 ], [ 103.9653899, 1.3147571 ], [ 103.9652543, 1.3147032 ], [ 103.9652142, 1.3146855 ], [ 103.965178, 1.3146662 ], [ 103.9651395, 1.3146431 ], [ 103.9650873, 1.3146049 ], [ 103.965027800000016, 1.3146144 ], [ 103.964565, 1.3142956 ], [ 103.9645642, 1.3142544 ], [ 103.9645254, 1.314288 ], [ 103.9645143, 1.3142969 ], [ 103.9645042, 1.3143033 ], [ 103.9644933, 1.3143079 ], [ 103.9644833, 1.3143105 ], [ 103.9644731, 1.3143121 ], [ 103.9644565, 1.3143129 ], [ 103.9644348, 1.3143122 ], [ 103.9643986, 1.3143077 ], [ 103.9643436, 1.3142965 ], [ 103.9642855, 1.3142795 ], [ 103.9642411, 1.3142625 ], [ 103.9641982, 1.3142453 ], [ 103.9641588, 1.3142284 ], [ 103.9640911, 1.3141981 ], [ 103.964058721686257, 1.314184767753317 ], [ 103.963793308690299, 1.314331496112761 ], [ 103.9635401, 1.314893 ] ] ] } },
{ "type": "Feature", "properties": { "id": 623075109, "name": null, "forest_area_ha": 1.2481667736027073, "source_layer": "natural", "source": "OSM" }, "geometry": { "type": "Polygon", "coordinates": [ [ [ 103.8272585, 1.442331 ], [ 103.8273934, 1.4426582 ], [ 103.827404, 1.4428298 ], [ 103.8273246, 1.4432587 ], [ 103.8272784, 1.4433198 ], [ 103.8277052, 1.4435159 ], [ 103.8278617, 1.4433505 ], [ 103.8280274, 1.4430987 ], [ 103.8280676, 1.4430227 ], [ 103.8280997, 1.4429503 ], [ 103.82814070000002, 1.4428242 ], [ 103.8281771, 1.4426409 ], [ 103.8281836, 1.4424375 ], [ 103.8281359, 1.4420478 ], [ 103.8271245, 1.4421765 ], [ 103.8272585, 1.442331 ] ] ] } },
{ "type": "Feature", "properties": { "id": 628368921, "name": null, "forest_area_ha": 25.773865234970646, "source_layer": "natural", "source": "OSM" }, "geometry": { "type": "Polygon", "coordinates": [ [ [ 103.8862398, 1.4231209 ], [ 103.8849056, 1.42113 ], [ 103.8841174, 1.4199239 ], [ 103.8837607, 1.4194441 ], [ 103.8835138, 1.4190244 ], [ 103.8834449, 1.4190595 ], [ 103.8819624, 1.4199696 ], [ 103.8797779, 1.4213191 ], [ 103.8805967, 1.422259 ], [ 103.8813139, 1.4234207 ], [ 103.8824312, 1.4250852 ], [ 103.8825721, 1.4251038 ], [ 103.8827464, 1.4250341 ], [ 103.8830146, 1.4249215 ], [ 103.8833123, 1.4248115 ], [ 103.8833526, 1.4248839 ], [ 103.8846642, 1.4241063 ], [ 103.8862964, 1.4232037 ], [ 103.8862398, 1.4231209 ] ] ] } },
{ "type": "Feature", "properties": { "id": 629015666, "name": null, "forest_area_ha": 1.0983392281759101, "source_layer": "natural", "source": "OSM" }, "geometry": { "type": "Polygon", "coordinates": [ [ [ 103.9340424, 1.3092653 ], [ 103.9341713, 1.309372 ], [ 103.9342243, 1.309429 ], [ 103.9342737, 1.3094923 ], [ 103.93431360000001, 1.3095534 ], [ 103.9343474, 1.3096238 ], [ 103.9343738, 1.3096945 ], [ 103.9343971, 1.3097705 ], [ 103.9344158, 1.3098419 ], [ 103.9344341, 1.3099359 ], [ 103.9344575, 1.3101066 ], [ 103.93447110000001, 1.3103277 ], [ 103.9344764, 1.3104704 ], [ 103.9344726, 1.3105974 ], [ 103.934465100000011, 1.3107254 ], [ 103.9344402, 1.3109758 ], [ 103.9348102, 1.3096188 ], [ 103.9349368, 1.3091799 ], [ 103.9325783, 1.3085309 ], [ 103.9326739, 1.308614 ], [ 103.9327463, 1.3086521 ], [ 103.9329113, 1.3087258 ], [ 103.9335086, 1.3089732 ], [ 103.9336979, 1.3090555 ], [ 103.9337709, 1.3090895 ], [ 103.9338388, 1.3091258 ], [ 103.9339044, 1.3091659 ], [ 103.933969, 1.3092099 ], [ 103.9340424, 1.3092653 ] ] ] } },
{ "type": "Feature", "properties": { "id": 629024594, "name": null, "forest_area_ha": 2.4436140281343692, "source_layer": "natural", "source": "OSM" }, "geometry": { "type": "Polygon", "coordinates": [ [ [ 103.934631, 1.3108384 ], [ 103.9346556, 1.3107939 ], [ 103.934681, 1.310754 ], [ 103.934708, 1.3107184 ], [ 103.9347364, 1.3106859 ], [ 103.934768100000014, 1.3106548 ], [ 103.9348046, 1.3106265 ], [ 103.934841, 1.3106022 ], [ 103.9349173, 1.3105622 ], [ 103.9349629, 1.3105438 ], [ 103.9350029, 1.3105313 ], [ 103.9350459, 1.3105199 ], [ 103.9351257, 1.3105109 ], [ 103.9352049, 1.3105132 ], [ 103.9352828, 1.3105243 ], [ 103.9353911, 1.3105422 ], [ 103.9354612, 1.3105468 ], [ 103.9354973, 1.3105472 ], [ 103.9355301, 1.3105462 ], [ 103.9355641, 1.3105439 ], [ 103.9356496, 1.3105275 ], [ 103.9357371, 1.3105037 ], [ 103.935827800000013, 1.3104714 ], [ 103.9359996, 1.3103873 ], [ 103.9366075, 1.3100745 ], [ 103.9367156, 1.3100342 ], [ 103.9368145, 1.310001 ], [ 103.9368962, 1.3099777 ], [ 103.9369737, 1.3099614 ], [ 103.9370477, 1.3099504 ], [ 103.9371176, 1.3099439 ], [ 103.9371878, 1.3099417 ], [ 103.9372531, 1.309946 ], [ 103.93739260000001, 1.3099663 ], [ 103.9379796, 1.310056 ], [ 103.9350302, 1.3092055 ], [ 103.9345548, 1.3109925 ], [ 103.934631, 1.3108384 ] ] ] } },
{ "type": "Feature", "properties": { "id": 654417550, "name": null, "forest_area_ha": 1.0374262195061081, "source_layer": "natural", "source": "OSM" }, "geometry": { "type": "Polygon", "coordinates": [ [ [ 103.9259433, 1.3059786 ], [ 103.9260313, 1.3060328 ], [ 103.9261306, 1.3060975 ], [ 103.9262566, 1.3061903 ], [ 103.92643480000001, 1.3063556 ], [ 103.9265985, 1.3064714 ], [ 103.9268277, 1.3066143 ], [ 103.9270053, 1.3067166 ], [ 103.9285346, 1.3075565 ], [ 103.9288154, 1.3076746 ], [ 103.9288419, 1.3076837 ], [ 103.9288971, 1.3073919 ], [ 103.9286533, 1.3072747 ], [ 103.926918, 1.3063501 ], [ 103.9263747, 1.3060975 ], [ 103.9261555, 1.3060127 ], [ 103.9258676, 1.3059156 ], [ 103.9259433, 1.3059786 ] ] ] } },
{ "type": "Feature", "properties": { "id": 654417551, "name": null, "forest_area_ha": 0.27590861756263368, "source_layer": "natural", "source": "OSM" }, "geometry": { "type": "Polygon", "coordinates": [ [ [ 103.9290677, 1.3074724 ], [ 103.9289934, 1.30744 ], [ 103.9289746, 1.3074306 ], [ 103.9289151, 1.3077094 ], [ 103.9289405, 1.3077181 ], [ 103.9291502, 1.3077763 ], [ 103.9293065, 1.3078037 ], [ 103.9294145, 1.3078149 ], [ 103.929612, 1.3078354 ], [ 103.9302841, 1.3078888 ], [ 103.9290677, 1.3074724 ] ] ] } },
{ "type": "Feature", "properties": { "id": 654417552, "name": null, "forest_area_ha": 0.01475102068648192, "source_layer": "natural", "source": "OSM" }, "geometry": { "type": "Polygon", "coordinates": [ [ [ 103.9288273, 1.3077605 ], [ 103.9288415, 1.3076854 ], [ 103.9288149, 1.307676 ], [ 103.9285394, 1.3075601 ], [ 103.9288273, 1.3077605 ] ] ] } },
{ "type": "Feature", "properties": { "id": 654417553, "name": null, "forest_area_ha": 0.15076651033107241, "source_layer": "natural", "source": "OSM" }, "geometry": { "type": "Polygon", "coordinates": [ [ [ 103.929093900000012, 1.3081758 ], [ 103.929177, 1.3080384 ], [ 103.9292378, 1.3079674 ], [ 103.9293161, 1.3079121 ], [ 103.9294209, 1.3078663 ], [ 103.9296077, 1.3078362 ], [ 103.9293062, 1.3078052 ], [ 103.9291501, 1.3077775 ], [ 103.92894, 1.3077197 ], [ 103.9289148, 1.3077112 ], [ 103.9288947, 1.3078055 ], [ 103.9289186, 1.3078216 ], [ 103.9289585, 1.3078668 ], [ 103.9289831, 1.3079152 ], [ 103.929003100000017, 1.307983 ], [ 103.929013, 1.3080477 ], [ 103.9290215, 1.3081476 ], [ 103.929021, 1.3083618 ], [ 103.929093900000012, 1.3081758 ] ] ] } },
{ "type": "Feature", "properties": { "id": 654418047, "name": null, "forest_area_ha": 0.17545793223599551, "source_layer": "natural", "source": "OSM" }, "geometry": { "type": "Polygon", "coordinates": [ [ [ 103.9264257, 1.306895 ], [ 103.926434, 1.306859 ], [ 103.9264516, 1.3068108 ], [ 103.926481, 1.3067625 ], [ 103.9265193, 1.3067259 ], [ 103.9265701, 1.3066969 ], [ 103.9266175, 1.3066777 ], [ 103.9266642, 1.3066647 ], [ 103.9267176, 1.3066554 ], [ 103.9267738, 1.3066544 ], [ 103.926831, 1.3066604 ], [ 103.9268831, 1.3066708 ], [ 103.9269964, 1.3067135 ], [ 103.9268265, 1.3066151 ], [ 103.926598, 1.3064727 ], [ 103.9264333, 1.3063561 ], [ 103.9262579, 1.306194 ], [ 103.9263589, 1.3065376 ], [ 103.9263562, 1.3066921 ], [ 103.9263283, 1.3068801 ], [ 103.9264257, 1.306895 ] ] ] } },
{ "type": "Feature", "properties": { "id": 670591019, "name": null, "forest_area_ha": 0.29725899283728097, "source_layer": "natural", "source": "OSM" }, "geometry": { "type": "Polygon", "coordinates": [ [ [ 103.942005, 1.3142248 ], [ 103.940772200000012, 1.3138375 ], [ 103.940755, 1.3139271 ], [ 103.9406048, 1.3138889 ], [ 103.9405844, 1.3139788 ], [ 103.9407579, 1.3140276 ], [ 103.94114230000001, 1.3141528 ], [ 103.9413207, 1.3142108 ], [ 103.941803, 1.3143553 ], [ 103.942005, 1.3142248 ] ] ] } },
{ "type": "Feature", "properties": { "id": 670591020, "name": null, "forest_area_ha": 2.0641663096263039, "source_layer": "natural", "source": "OSM" }, "geometry": { "type": "Polygon", "coordinates": [ [ [ 103.9514801, 1.3134249 ], [ 103.9509056, 1.314863 ], [ 103.9511572, 1.3149556 ], [ 103.9510985, 1.3151951 ], [ 103.9518119, 1.3154632 ], [ 103.9520265, 1.3147767 ], [ 103.9523859, 1.3146427 ], [ 103.9522029, 1.3141265 ], [ 103.9518898, 1.3136592 ], [ 103.9514801, 1.3134249 ] ] ] } },
{ "type": "Feature", "properties": { "id": 670591022, "name": null, "forest_area_ha": 1.8477517479547481, "source_layer": "natural", "source": "OSM" }, "geometry": { "type": "Polygon", "coordinates": [ [ [ 103.9516242, 1.3161979 ], [ 103.9517422, 1.3165144 ], [ 103.9517207, 1.3179731 ], [ 103.9519407, 1.3179731 ], [ 103.952284, 1.3169327 ], [ 103.9527829, 1.3169112 ], [ 103.9526005, 1.3164768 ], [ 103.9524396, 1.3157153 ], [ 103.9521713, 1.3157528 ], [ 103.9521177, 1.3155329 ], [ 103.9518656, 1.3155544 ], [ 103.9516242, 1.3161979 ] ] ] } },
{ "type": "Feature", "properties": { "id": 670591023, "name": null, "forest_area_ha": 1.7274162541162466, "source_layer": "natural", "source": "OSM" }, "geometry": { "type": "Polygon", "coordinates": [ [ [ 103.9484476, 1.3160224 ], [ 103.9486987, 1.3154001 ], [ 103.9480654, 1.3151359 ], [ 103.9478571, 1.3150925 ], [ 103.9475185, 1.3149409 ], [ 103.9474348, 1.3149105 ], [ 103.9468232, 1.3147186 ], [ 103.94666260000001, 1.3147942 ], [ 103.9464961, 1.315281 ], [ 103.9484476, 1.3160224 ] ] ] } },
{ "type": "Feature", "properties": { "id": 677019401, "name": null, "forest_area_ha": 6.7281423183479285, "source_layer": "natural", "source": "OSM" }, "geometry": { "type": "Polygon", "coordinates": [ [ [ 103.8428888, 1.3745941 ], [ 103.8428593, 1.3746397 ], [ 103.8427761, 1.3748408 ], [ 103.842682200000013, 1.3749293 ], [ 103.8424864, 1.3749829 ], [ 103.8423309, 1.3749856 ], [ 103.8421726, 1.3748864 ], [ 103.842073400000018, 1.3747738 ], [ 103.8420117, 1.3746504 ], [ 103.8419956, 1.3744091 ], [ 103.8420224, 1.3740578 ], [ 103.8420787, 1.3738728 ], [ 103.8423094, 1.3733741 ], [ 103.8425723, 1.3730577 ], [ 103.8428941, 1.3728351 ], [ 103.8428915, 1.3727734 ], [ 103.842473, 1.3726635 ], [ 103.8421914, 1.3725938 ], [ 103.8420412, 1.3724651 ], [ 103.8417676, 1.372398 ], [ 103.8416067, 1.3724543 ], [ 103.8415557, 1.3726474 ], [ 103.841553, 1.37287 ], [ 103.8414806, 1.3733446 ], [ 103.8414189, 1.3735376 ], [ 103.8412714, 1.3737843 ], [ 103.8411185, 1.3740632 ], [ 103.8409495, 1.3743072 ], [ 103.8408932, 1.3745459 ], [ 103.8408986, 1.3747872 ], [ 103.8409576, 1.3750231 ], [ 103.8410327, 1.3752511 ], [ 103.84114270000002, 1.3754146 ], [ 103.8413358, 1.3755594 ], [ 103.8415423, 1.3756479 ], [ 103.841773, 1.3756667 ], [ 103.8421619, 1.3756292 ], [ 103.8426205, 1.3756077 ], [ 103.8427895, 1.375605 ], [ 103.8430765, 1.3756452 ], [ 103.843293800000012, 1.3757176 ], [ 103.8436156, 1.3758437 ], [ 103.8437605, 1.3759375 ], [ 103.843959, 1.3759777 ], [ 103.8441521, 1.3759858 ], [ 103.8443506, 1.3758034 ], [ 103.8443854, 1.3756345 ], [ 103.8443452, 1.3754844 ], [ 103.844307700000016, 1.3753985 ], [ 103.844280800000021, 1.3751706 ], [ 103.8443264, 1.3749776 ], [ 103.8443801, 1.3747711 ], [ 103.8443693, 1.3746182 ], [ 103.8428888, 1.3745941 ] ] ] } },
{ "type": "Feature", "properties": { "id": 677019402, "name": null, "forest_area_ha": 0.65075297260939458, "source_layer": "natural", "source": "OSM" }, "geometry": { "type": "Polygon", "coordinates": [ [ [ 103.8438919, 1.374031 ], [ 103.8439295, 1.3738621 ], [ 103.8439885, 1.3735591 ], [ 103.843967, 1.3733607 ], [ 103.8438892, 1.3734786 ], [ 103.8437819, 1.3735671 ], [ 103.843554, 1.3735591 ], [ 103.8433152, 1.3736234 ], [ 103.8431087, 1.3737361 ], [ 103.8431945, 1.3738969 ], [ 103.8432509, 1.3740391 ], [ 103.8432509, 1.3742992 ], [ 103.8438651, 1.3743179 ], [ 103.8438919, 1.374031 ] ] ] } },
{ "type": "Feature", "properties": { "id": 677019403, "name": null, "forest_area_ha": 1.6434478920060436, "source_layer": "natural", "source": "OSM" }, "geometry": { "type": "Polygon", "coordinates": [ [ [ 103.8445035, 1.3739667 ], [ 103.8446724, 1.3733875 ], [ 103.8447556, 1.373004 ], [ 103.8447985, 1.3729048 ], [ 103.8448468, 1.3726823 ], [ 103.8446993, 1.3726206 ], [ 103.8445812, 1.3725053 ], [ 103.8445598, 1.3722237 ], [ 103.8444713, 1.3721513 ], [ 103.844216500000016, 1.3722425 ], [ 103.8441414, 1.3722988 ], [ 103.8438705, 1.3723632 ], [ 103.8436264, 1.3724972 ], [ 103.8435191, 1.3726796 ], [ 103.84368, 1.372752 ], [ 103.8439161, 1.3728431 ], [ 103.8440046, 1.3729611 ], [ 103.8440609, 1.3731488 ], [ 103.8440904, 1.3734706 ], [ 103.8440663, 1.3736824 ], [ 103.8440314, 1.3739023 ], [ 103.8440394, 1.3740766 ], [ 103.8441521, 1.3741839 ], [ 103.84424060000002, 1.3742053 ], [ 103.8443398, 1.3741865 ], [ 103.8445035, 1.3739667 ] ] ] } },
{ "type": "Feature", "properties": { "id": 677541903, "name": null, "forest_area_ha": 2.67754341419589, "source_layer": "natural", "source": "OSM" }, "geometry": { "type": "Polygon", "coordinates": [ [ [ 103.7913218, 1.299989 ], [ 103.7917534, 1.2997069 ], [ 103.7915623, 1.2993824 ], [ 103.7914803, 1.2992698 ], [ 103.7912281, 1.2989757 ], [ 103.791116, 1.2990422 ], [ 103.7909619, 1.2989161 ], [ 103.7907167, 1.2985566 ], [ 103.790628, 1.2983769 ], [ 103.7902731, 1.2988018 ], [ 103.790298800000016, 1.2989278 ], [ 103.7901254, 1.2990881 ], [ 103.7900804, 1.2990683 ], [ 103.7899645, 1.2993467 ], [ 103.7899411, 1.2994958 ], [ 103.7899313, 1.2996386 ], [ 103.789941, 1.2998994 ], [ 103.789954800000018, 1.3000118 ], [ 103.7900157, 1.3002676 ], [ 103.7901519, 1.3003715 ], [ 103.790485, 1.30039 ], [ 103.7906152, 1.3003721 ], [ 103.7907272, 1.3003436 ], [ 103.7908371, 1.3002931 ], [ 103.7913218, 1.299989 ] ] ] } },
{ "type": "Feature", "properties": { "id": 679428358, "name": null, "forest_area_ha": 0.037372711179685249, "source_layer": "natural", "source": "OSM" }, "geometry": { "type": "Polygon", "coordinates": [ [ [ 103.8508067, 1.3708441 ], [ 103.8508335, 1.3707409 ], [ 103.8508093, 1.3707181 ], [ 103.8507409, 1.3706832 ], [ 103.8506873, 1.3706806 ], [ 103.8506336, 1.3707208 ], [ 103.8506404, 1.3707838 ], [ 103.8506672, 1.3708133 ], [ 103.8506886, 1.3708763 ], [ 103.850753, 1.3709045 ], [ 103.8508067, 1.3708441 ] ] ] } },
{ "type": "Feature", "properties": { "id": 679428359, "name": null, "forest_area_ha": 0.022619180078535132, "source_layer": "natural", "source": "OSM" }, "geometry": { "type": "Polygon", "coordinates": [ [ [ 103.850293, 1.3713429 ], [ 103.8503171, 1.3712933 ], [ 103.8503359, 1.3712155 ], [ 103.8503131, 1.3711605 ], [ 103.8502528, 1.3711404 ], [ 103.8502166, 1.371182 ], [ 103.8501964, 1.3712276 ], [ 103.8502622, 1.3713415 ], [ 103.850293, 1.3713429 ] ] ] } },
{ "type": "Feature", "properties": { "id": 679428360, "name": null, "forest_area_ha": 0.034384880388740956, "source_layer": "natural", "source": "OSM" }, "geometry": { "type": "Polygon", "coordinates": [ [ [ 103.8510279, 1.371375 ], [ 103.8510494, 1.3713442 ], [ 103.8509569, 1.3712504 ], [ 103.8508885, 1.3712785 ], [ 103.8508241, 1.3713616 ], [ 103.8508268, 1.3714287 ], [ 103.850875, 1.3714609 ], [ 103.8510279, 1.371375 ] ] ] } },
{ "type": "Feature", "properties": { "id": 679428361, "name": null, "forest_area_ha": 0.11380399035085277, "source_layer": "natural", "source": "OSM" }, "geometry": { "type": "Polygon", "coordinates": [ [ [ 103.8511406, 1.3713335 ], [ 103.8512063, 1.371304 ], [ 103.8512506, 1.371249 ], [ 103.8512774, 1.3711619 ], [ 103.8512908, 1.3710385 ], [ 103.8511339, 1.3710144 ], [ 103.8510601, 1.3709916 ], [ 103.850999800000011, 1.3709581 ], [ 103.850952800000016, 1.3710372 ], [ 103.8508844, 1.3711565 ], [ 103.850932700000016, 1.3711793 ], [ 103.8510051, 1.3712182 ], [ 103.8510682, 1.3712879 ], [ 103.8511097, 1.3713375 ], [ 103.8511406, 1.3713335 ] ] ] } },
{ "type": "Feature", "properties": { "id": 679428362, "name": null, "forest_area_ha": 0.15650658977069465, "source_layer": "natural", "source": "OSM" }, "geometry": { "type": "Polygon", "coordinates": [ [ [ 103.8511889, 1.3703186 ], [ 103.8512278, 1.370281 ], [ 103.8512935, 1.3702488 ], [ 103.8513793, 1.370269 ], [ 103.8514155, 1.3702931 ], [ 103.8515148, 1.3702931 ], [ 103.8515899, 1.3702824 ], [ 103.8516301, 1.3702515 ], [ 103.8516609, 1.37021 ], [ 103.8516462, 1.370159 ], [ 103.8516194, 1.3701322 ], [ 103.8515818, 1.3701121 ], [ 103.8514397, 1.3701081 ], [ 103.851234500000018, 1.3701107 ], [ 103.8511191, 1.3700973 ], [ 103.8509354, 1.3700518 ], [ 103.8509354, 1.3701724 ], [ 103.8509274, 1.3702462 ], [ 103.8511889, 1.3703186 ] ] ] } },
{ "type": "Feature", "properties": { "id": 679428363, "name": null, "forest_area_ha": 0.16713849040311973, "source_layer": "natural", "source": "OSM" }, "geometry": { "type": "Polygon", "coordinates": [ [ [ 103.8509421, 1.3707865 ], [ 103.850989, 1.3708629 ], [ 103.85104, 1.3709098 ], [ 103.851103, 1.3709447 ], [ 103.851205, 1.3709715 ], [ 103.8512841, 1.3709862 ], [ 103.8513042, 1.3707677 ], [ 103.8513297, 1.3706899 ], [ 103.851345800000018, 1.3706055 ], [ 103.8513391, 1.3705277 ], [ 103.8512908, 1.3705116 ], [ 103.8512492, 1.3704996 ], [ 103.8512076, 1.370517 ], [ 103.851131200000012, 1.3705679 ], [ 103.8510185, 1.3706122 ], [ 103.8509703, 1.3706283 ], [ 103.8509676, 1.3706752 ], [ 103.8509609, 1.370702 ], [ 103.8509287, 1.3707395 ], [ 103.8509421, 1.3707865 ] ] ] } },
{ "type": "Feature", "properties": { "id": 679428364, "name": null, "forest_area_ha": 0.10442426368560052, "source_layer": "natural", "source": "OSM" }, "geometry": { "type": "Polygon", "coordinates": [ [ [ 103.850745, 1.3705465 ], [ 103.8507932, 1.370525 ], [ 103.85084550000002, 1.370521 ], [ 103.8509099, 1.3705465 ], [ 103.850952800000016, 1.37058 ], [ 103.8511071, 1.3705291 ], [ 103.851209, 1.3704674 ], [ 103.8511822, 1.3704191 ], [ 103.8511835, 1.3703695 ], [ 103.8508738, 1.3702998 ], [ 103.8508354, 1.370392 ], [ 103.8507806, 1.3704444 ], [ 103.850722, 1.3704967 ], [ 103.8506564, 1.3705451 ], [ 103.8506913, 1.3705773 ], [ 103.850745, 1.3705465 ] ] ] } },
{ "type": "Feature", "properties": { "id": 679581348, "name": null, "forest_area_ha": 0.32335147978563428, "source_layer": "natural", "source": "OSM" }, "geometry": { "type": "Polygon", "coordinates": [ [ [ 103.8471, 1.3291896 ], [ 103.8471029, 1.3290849 ], [ 103.8470924, 1.328991 ], [ 103.8470655, 1.3289159 ], [ 103.8470144, 1.3288298 ], [ 103.8469796, 1.3287808 ], [ 103.846928, 1.3287387 ], [ 103.8468794, 1.3287019 ], [ 103.8468208, 1.3288548 ], [ 103.8464312, 1.3287299 ], [ 103.846324200000012, 1.3291207 ], [ 103.8471, 1.3291896 ] ] ] } },
{ "type": "Feature", "properties": { "id": 680527348, "name": null, "forest_area_ha": 60.850319338459286, "source_layer": "natural", "source": "OSM" }, "geometry": { "type": "Polygon", "coordinates": [ [ [ 103.8189572, 1.3951059 ], [ 103.8188499, 1.3956905 ], [ 103.8188928, 1.3957012 ], [ 103.8190752, 1.3952829 ], [ 103.819198600000021, 1.3952829 ], [ 103.8192201, 1.3956529 ], [ 103.8197726, 1.3958353 ], [ 103.8208509, 1.3960337 ], [ 103.8222081, 1.3961946 ], [ 103.823061, 1.3964949 ], [ 103.8229859, 1.3971224 ], [ 103.8231576, 1.3971492 ], [ 103.8231844, 1.3968864 ], [ 103.8239017, 1.39695 ], [ 103.8238493, 1.3976153 ], [ 103.8246227, 1.39772 ], [ 103.8246288, 1.3975445 ], [ 103.8240434, 1.3974613 ], [ 103.8241235, 1.3968083 ], [ 103.824980100000019, 1.3968576 ], [ 103.8248876, 1.3976646 ], [ 103.8263789, 1.3980465 ], [ 103.8251234, 1.4010264 ], [ 103.8244046, 1.4009996 ], [ 103.8244797, 1.4019166 ], [ 103.8265342, 1.4023564 ], [ 103.827263800000011, 1.4023564 ], [ 103.8274168, 1.4012837 ], [ 103.8277607, 1.3998996 ], [ 103.8282352, 1.3988135 ], [ 103.8286452, 1.39804 ], [ 103.8292389, 1.3971564 ], [ 103.829459, 1.3969212 ], [ 103.8297571, 1.3964061 ], [ 103.830216, 1.3958321 ], [ 103.8310183, 1.3950892 ], [ 103.8314501, 1.3947943 ], [ 103.8317517, 1.394454 ], [ 103.8317828, 1.3941268 ], [ 103.8313276, 1.3939819 ], [ 103.8296968, 1.3935743 ], [ 103.8278193, 1.3932418 ], [ 103.8253409, 1.3932525 ], [ 103.824053400000011, 1.3933491 ], [ 103.8225192, 1.3936494 ], [ 103.8195795, 1.3945074 ], [ 103.8192965, 1.3945959 ], [ 103.8190779, 1.3947702 ], [ 103.8189572, 1.3951059 ] ] ] } },
{ "type": "Feature", "properties": { "id": 680527349, "name": null, "forest_area_ha": 26.30034803676909, "source_layer": "natural", "source": "OSM" }, "geometry": { "type": "Polygon", "coordinates": [ [ [ 103.8314112, 1.3964461 ], [ 103.8307364, 1.3969501 ], [ 103.8298826, 1.397893 ], [ 103.8290939, 1.3989334 ], [ 103.8285817, 1.3998357 ], [ 103.8280775, 1.401437 ], [ 103.8279312, 1.4024449 ], [ 103.8283377, 1.4022905 ], [ 103.8287687, 1.4023962 ], [ 103.8289394, 1.4026238 ], [ 103.8290776, 1.40251 ], [ 103.8296143, 1.4029326 ], [ 103.8298989, 1.4044771 ], [ 103.8301184, 1.4047047 ], [ 103.8308583, 1.4053387 ], [ 103.8318422, 1.4057939 ], [ 103.831956, 1.4056557 ], [ 103.8310885, 1.4051511 ], [ 103.8305728, 1.4048903 ], [ 103.8306065, 1.4033534 ], [ 103.830029, 1.4033716 ], [ 103.8298809, 1.4026335 ], [ 103.8298894, 1.4012597 ], [ 103.8303628, 1.4011379 ], [ 103.8328423, 1.4011688 ], [ 103.8332244, 1.400169 ], [ 103.8335985, 1.3993561 ], [ 103.8334602, 1.3988034 ], [ 103.8320454, 1.3965436 ], [ 103.8319885, 1.396121 ], [ 103.8314112, 1.3964461 ] ] ] } },
{ "type": "Feature", "properties": { "id": 680527356, "name": null, "forest_area_ha": 2.3029952074269944, "source_layer": "natural", "source": "OSM" }, "geometry": { "type": "Polygon", "coordinates": [ [ [ 103.8381798, 1.3922281 ], [ 103.8369659, 1.3929624 ], [ 103.8369499, 1.3930642 ], [ 103.8366491, 1.3932959 ], [ 103.836145, 1.3936169 ], [ 103.8357425, 1.393812 ], [ 103.8352018, 1.3941494 ], [ 103.835527, 1.3943607 ], [ 103.8364865, 1.3946696 ], [ 103.8375964, 1.3928 ], [ 103.8382901, 1.3924233 ], [ 103.8381798, 1.3922281 ] ] ] } },
{ "type": "Feature", "properties": { "id": 680527358, "name": null, "forest_area_ha": 9.68132689766753, "source_layer": "natural", "source": "OSM" }, "geometry": { "type": "Polygon", "coordinates": [ [ [ 103.8337112, 1.3996332 ], [ 103.8334216, 1.4002821 ], [ 103.8330836, 1.401108 ], [ 103.8330461, 1.4018052 ], [ 103.833384, 1.4016765 ], [ 103.833325, 1.4021967 ], [ 103.8334001, 1.4027919 ], [ 103.833325, 1.4032317 ], [ 103.833384, 1.4036607 ], [ 103.8336361, 1.4042185 ], [ 103.8340116, 1.4047815 ], [ 103.8339419, 1.4058863 ], [ 103.833443, 1.4060096 ], [ 103.8327564, 1.4059828 ], [ 103.8320161, 1.4056879 ], [ 103.8319356, 1.4058273 ], [ 103.8325901, 1.4061598 ], [ 103.8332231, 1.4062081 ], [ 103.8343014, 1.4064898 ], [ 103.8342729, 1.4066402 ], [ 103.8343583, 1.4066768 ], [ 103.8346185, 1.4065467 ], [ 103.8348502, 1.4066361 ], [ 103.8355251, 1.4065874 ], [ 103.835952, 1.4063232 ], [ 103.8361512, 1.4063191 ], [ 103.8362081, 1.4061281 ], [ 103.8363951, 1.4059493 ], [ 103.8356227, 1.405364 ], [ 103.8352852, 1.4053559 ], [ 103.8347811, 1.4050673 ], [ 103.83459, 1.4047097 ], [ 103.8338013, 1.4041244 ], [ 103.833655, 1.4037343 ], [ 103.8337038, 1.4029052 ], [ 103.8336306, 1.4020435 ], [ 103.8338826, 1.4017916 ], [ 103.8346551, 1.4018566 ], [ 103.8351917, 1.4012795 ], [ 103.8352486, 1.400678 ], [ 103.8349884, 1.4004097 ], [ 103.834525, 1.400491 ], [ 103.8342079, 1.4002471 ], [ 103.8340778, 1.399418 ], [ 103.8338013, 1.3990929 ], [ 103.8337112, 1.3996332 ] ] ] } },
{ "type": "Feature", "properties": { "id": 680543420, "name": null, "forest_area_ha": 0.6027710320114601, "source_layer": "natural", "source": "OSM" }, "geometry": { "type": "Polygon", "coordinates": [ [ [ 103.8310124, 1.2430812 ], [ 103.8309345, 1.2432263 ], [ 103.8310124, 1.2432581 ], [ 103.8312353, 1.2431626 ], [ 103.8314477, 1.2431732 ], [ 103.831783900000019, 1.2430387 ], [ 103.8318087, 1.2428689 ], [ 103.8320352, 1.242699 ], [ 103.8323148, 1.2423204 ], [ 103.8325236, 1.2419701 ], [ 103.8324741, 1.2416765 ], [ 103.8323006, 1.2416765 ], [ 103.8321455, 1.2419194 ], [ 103.8321007, 1.2422054 ], [ 103.8320028, 1.2422323 ], [ 103.831912, 1.2423367 ], [ 103.8319361, 1.2424231 ], [ 103.8317733, 1.242791 ], [ 103.8313911, 1.2430352 ], [ 103.8310548, 1.2430104 ], [ 103.8310124, 1.2430812 ] ] ] } },
{ "type": "Feature", "properties": { "id": 680543421, "name": null, "forest_area_ha": 0.37159152736335893, "source_layer": "natural", "source": "OSM" }, "geometry": { "type": "Polygon", "coordinates": [ [ [ 103.8318536, 1.2418568 ], [ 103.8319704, 1.241572 ], [ 103.8320965, 1.2413246 ], [ 103.832217900000018, 1.2409277 ], [ 103.8320124, 1.2409371 ], [ 103.831494, 1.2416934 ], [ 103.8315781, 1.2418288 ], [ 103.8318536, 1.2418568 ] ] ] } },
{ "type": "Feature", "properties": { "id": 680543422, "name": null, "forest_area_ha": 0.14705852401292327, "source_layer": "natural", "source": "OSM" }, "geometry": { "type": "Polygon", "coordinates": [ [ [ 103.8311671, 1.2426179 ], [ 103.8312586, 1.2425579 ], [ 103.8312773, 1.2424523 ], [ 103.8313143, 1.2424086 ], [ 103.831382, 1.2424311 ], [ 103.8314361, 1.2423981 ], [ 103.8314692, 1.242339 ], [ 103.8314589, 1.2422766 ], [ 103.8313816, 1.2422535 ], [ 103.8312826, 1.2422513 ], [ 103.8312481, 1.2423195 ], [ 103.8311991, 1.2423581 ], [ 103.8310997, 1.2423545 ], [ 103.8309888, 1.242372 ], [ 103.8309201, 1.2424249 ], [ 103.8309056, 1.2425525 ], [ 103.8309664, 1.2426249 ], [ 103.8310669, 1.2426416 ], [ 103.8311671, 1.2426179 ] ] ] } },
{ "type": "Feature", "properties": { "id": 680543423, "name": null, "forest_area_ha": 0.10421357718851834, "source_layer": "natural", "source": "OSM" }, "geometry": { "type": "Polygon", "coordinates": [ [ [ 103.8328059, 1.2456502 ], [ 103.8328482, 1.2455912 ], [ 103.8329483, 1.2454875 ], [ 103.8329802, 1.2454309 ], [ 103.8331392, 1.245367 ], [ 103.8331476, 1.2453401 ], [ 103.8331388, 1.245307 ], [ 103.8331012, 1.2452867 ], [ 103.8330491, 1.245277 ], [ 103.832999, 1.2452964 ], [ 103.8329371, 1.2453335 ], [ 103.8328848, 1.2453334 ], [ 103.8327041, 1.2453637 ], [ 103.8326652, 1.2455441 ], [ 103.8328059, 1.2456502 ] ] ] } },
{ "type": "Feature", "properties": { "id": 680543424, "name": null, "forest_area_ha": 0.056264721009595266, "source_layer": "natural", "source": "OSM" }, "geometry": { "type": "Polygon", "coordinates": [ [ [ 103.8337567, 1.2453668 ], [ 103.833890400000016, 1.2452995 ], [ 103.8338996, 1.2452527 ], [ 103.833824100000015, 1.2451594 ], [ 103.8337592, 1.2451298 ], [ 103.8337142, 1.2451227 ], [ 103.8336409, 1.2451755 ], [ 103.8336387, 1.2452744 ], [ 103.8336948, 1.2453667 ], [ 103.8337567, 1.2453668 ] ] ] } },
{ "type": "Feature", "properties": { "id": 684058743, "name": null, "forest_area_ha": 6.707806808088538, "source_layer": "natural", "source": "OSM" }, "geometry": { "type": "Polygon", "coordinates": [ [ [ 103.8687815, 1.3421512 ], [ 103.8685696, 1.3419394 ], [ 103.8685575, 1.3418335 ], [ 103.8684891, 1.341792 ], [ 103.8683952, 1.3413898 ], [ 103.8683831, 1.3410654 ], [ 103.869410400000021, 1.3410238 ], [ 103.8694131, 1.3421513 ], [ 103.8692146, 1.3423712 ], [ 103.8690229, 1.3424086 ], [ 103.8689089, 1.3423188 ], [ 103.8688338, 1.3422504 ], [ 103.8684475, 1.3425589 ], [ 103.8685575, 1.342725 ], [ 103.8686085, 1.3427358 ], [ 103.869346100000016, 1.3424622 ], [ 103.8693756, 1.3423952 ], [ 103.8696197, 1.3423711 ], [ 103.8697323, 1.3424167 ], [ 103.870127700000012, 1.342472 ], [ 103.8701864, 1.3424552 ], [ 103.8702517, 1.342421 ], [ 103.8703858, 1.3419381 ], [ 103.8704216, 1.3414647 ], [ 103.8705879, 1.3401133 ], [ 103.8706201, 1.3396092 ], [ 103.8705987, 1.3395716 ], [ 103.8705102, 1.3395609 ], [ 103.8700408, 1.3397432 ], [ 103.8689062, 1.3401615 ], [ 103.8686863, 1.3401803 ], [ 103.8686002, 1.3403745 ], [ 103.8685875, 1.3403975 ], [ 103.8685495, 1.3404056 ], [ 103.8684621, 1.3403901 ], [ 103.8683778, 1.3403653 ], [ 103.8683091, 1.3403219 ], [ 103.868266, 1.3402832 ], [ 103.8682432, 1.340242 ], [ 103.868177500000016, 1.3400902 ], [ 103.8680875, 1.3399945 ], [ 103.8676712, 1.3395685 ], [ 103.867420800000019, 1.3393146 ], [ 103.8672744, 1.339442 ], [ 103.8673961, 1.3400918 ], [ 103.8678709, 1.3400945 ], [ 103.8678682, 1.3403734 ], [ 103.8676, 1.340368 ], [ 103.8678396, 1.3407898 ], [ 103.8678467, 1.3408024 ], [ 103.8678843, 1.3413226 ], [ 103.868005, 1.3416953 ], [ 103.868133700000016, 1.3419742 ], [ 103.8683831, 1.3424731 ], [ 103.8687815, 1.3421512 ] ] ] } },
{ "type": "Feature", "properties": { "id": 684061215, "name": null, "forest_area_ha": 9.1778483893062859, "source_layer": "natural", "source": "OSM" }, "geometry": { "type": "Polygon", "coordinates": [ [ [ 103.8660104, 1.3391345 ], [ 103.8645532, 1.3405973 ], [ 103.8647122, 1.3407513 ], [ 103.8638619, 1.3415937 ], [ 103.8636201, 1.3413522 ], [ 103.8633799, 1.3415874 ], [ 103.8620443, 1.3403523 ], [ 103.861075500000013, 1.342957 ], [ 103.8613625, 1.3430763 ], [ 103.8623014, 1.342315 ], [ 103.8626164, 1.342111 ], [ 103.8630138, 1.3419163 ], [ 103.86328970000001, 1.3417811 ], [ 103.864038, 1.3428082 ], [ 103.8644231, 1.3435937 ], [ 103.864693859697198, 1.344146053690052 ], [ 103.864715147432563, 1.344146212194054 ], [ 103.86474418622511, 1.344146589842669 ], [ 103.86469430386245, 1.344146959793342 ], [ 103.8647005, 1.3441596 ], [ 103.865532, 1.3439612 ], [ 103.8656178, 1.3438271 ], [ 103.8653845, 1.3438083 ], [ 103.8650706, 1.3436743 ], [ 103.864907, 1.3434651 ], [ 103.8647595, 1.3432318 ], [ 103.8646898, 1.3429369 ], [ 103.86473, 1.3427465 ], [ 103.8648507, 1.3425963 ], [ 103.865473, 1.3422665 ], [ 103.8655695, 1.3420627 ], [ 103.8652477, 1.3412878 ], [ 103.8651913, 1.3406925 ], [ 103.865245, 1.3404243 ], [ 103.8655964, 1.3401991 ], [ 103.8662106, 1.3400462 ], [ 103.8661703, 1.3399872 ], [ 103.8663205, 1.3395743 ], [ 103.8664493, 1.3395421 ], [ 103.8660104, 1.3391345 ] ] ] } },
{ "type": "Feature", "properties": { "id": 684974066, "name": null, "forest_area_ha": 5.1771882500179522, "source_layer": "natural", "source": "OSM" }, "geometry": { "type": "Polygon", "coordinates": [ [ [ 103.8186248, 1.2552733 ], [ 103.8185866, 1.2553537 ], [ 103.8184109, 1.2557701 ], [ 103.818301, 1.2559001 ], [ 103.8182031, 1.2559859 ], [ 103.8179764, 1.25612 ], [ 103.8174628, 1.2564056 ], [ 103.8173085, 1.2564364 ], [ 103.81721060000001, 1.256415 ], [ 103.8170779, 1.2563694 ], [ 103.8167801, 1.2561696 ], [ 103.8167252, 1.2561643 ], [ 103.8161954, 1.2561763 ], [ 103.8161096, 1.2562112 ], [ 103.8160788, 1.2562742 ], [ 103.8160506, 1.2564337 ], [ 103.8160305, 1.2571162 ], [ 103.8159554, 1.2574112 ], [ 103.8158374, 1.2576565 ], [ 103.815655, 1.2579341 ], [ 103.815494, 1.2580668 ], [ 103.8152862, 1.2581593 ], [ 103.8151427, 1.2581687 ], [ 103.8149817, 1.2581406 ], [ 103.8148342, 1.2580869 ], [ 103.8147202, 1.2580561 ], [ 103.8145781, 1.2580708 ], [ 103.8144909, 1.2580963 ], [ 103.8144386, 1.258162 ], [ 103.8144024, 1.2582398 ], [ 103.8143326, 1.2585589 ], [ 103.8142857, 1.2586608 ], [ 103.8141784, 1.2587439 ], [ 103.814055, 1.2587801 ], [ 103.8139424, 1.2587573 ], [ 103.813655400000016, 1.2586594 ], [ 103.8131914, 1.2584691 ], [ 103.8123183, 1.2579435 ], [ 103.8117389, 1.2576552 ], [ 103.8113891, 1.257764 ], [ 103.8114117, 1.2578697 ], [ 103.811354, 1.2579341 ], [ 103.811838200000011, 1.2581942 ], [ 103.8119562, 1.2580199 ], [ 103.8124014, 1.2583122 ], [ 103.8121292, 1.2590416 ], [ 103.8127555, 1.2589196 ], [ 103.813308, 1.2589209 ], [ 103.8137519, 1.2589732 ], [ 103.8141046, 1.2589303 ], [ 103.8146988, 1.2587573 ], [ 103.8152701, 1.2585066 ], [ 103.8154954, 1.2583846 ], [ 103.8157247, 1.2583202 ], [ 103.8161378, 1.2581365 ], [ 103.8164556, 1.2576203 ], [ 103.816579, 1.2571229 ], [ 103.8168123, 1.2569446 ], [ 103.8170604, 1.2568132 ], [ 103.817279, 1.2567622 ], [ 103.8179335, 1.2567354 ], [ 103.8180716, 1.2567448 ], [ 103.8181548, 1.2567354 ], [ 103.8182808, 1.2566349 ], [ 103.8183117, 1.2565973 ], [ 103.8185853, 1.2555529 ], [ 103.8187353, 1.2552068 ], [ 103.8186248, 1.2552733 ] ] ] } },
{ "type": "Feature", "properties": { "id": 684974093, "name": null, "forest_area_ha": 0.18170411716777291, "source_layer": "natural", "source": "OSM" }, "geometry": { "type": "Polygon", "coordinates": [ [ [ 103.8237526, 1.2522854 ], [ 103.8237821, 1.252272 ], [ 103.8239121, 1.2521473 ], [ 103.8238625, 1.2520923 ], [ 103.823747200000014, 1.2519287 ], [ 103.8237137, 1.2517879 ], [ 103.8236882, 1.2515707 ], [ 103.8237204, 1.2514004 ], [ 103.8238196, 1.2511551 ], [ 103.8238491, 1.2510398 ], [ 103.8239108, 1.2509352 ], [ 103.8239095, 1.2508668 ], [ 103.8238867, 1.2507032 ], [ 103.8238652, 1.2506121 ], [ 103.823825, 1.250537 ], [ 103.8238022, 1.2505061 ], [ 103.8237901, 1.2505008 ], [ 103.8237861, 1.2505142 ], [ 103.823829, 1.2507394 ], [ 103.8238478, 1.250903 ], [ 103.8238196, 1.2510358 ], [ 103.8237941, 1.251147 ], [ 103.8237552, 1.2512717 ], [ 103.8237056, 1.2513642 ], [ 103.82366, 1.2514782 ], [ 103.8236225, 1.2516244 ], [ 103.8236144, 1.2518429 ], [ 103.8236225, 1.2520507 ], [ 103.8236412, 1.2521634 ], [ 103.8236909, 1.2522706 ], [ 103.8237526, 1.2522854 ] ] ] } },
{ "type": "Feature", "properties": { "id": 684974096, "name": null, "forest_area_ha": 0.080959910150371003, "source_layer": "natural", "source": "OSM" }, "geometry": { "type": "Polygon", "coordinates": [ [ [ 103.8222498, 1.2511142 ], [ 103.8224249, 1.2510364 ], [ 103.8225744, 1.251017 ], [ 103.8225938, 1.2509835 ], [ 103.8225945, 1.250954 ], [ 103.822559, 1.2509385 ], [ 103.8224912, 1.2509339 ], [ 103.8223806, 1.250897 ], [ 103.8219293, 1.2512979 ], [ 103.8220091, 1.2513207 ], [ 103.8222498, 1.2511142 ] ] ] } },
{ "type": "Feature", "properties": { "id": 684974114, "name": null, "forest_area_ha": 0.073023477591097313, "source_layer": "natural", "source": "OSM" }, "geometry": { "type": "Polygon", "coordinates": [ [ [ 103.822255900000016, 1.2525495 ], [ 103.8222747, 1.2525106 ], [ 103.8222693, 1.2524623 ], [ 103.8222425, 1.2524221 ], [ 103.8219796, 1.2523122 ], [ 103.8219139, 1.2524825 ], [ 103.8220051, 1.2525589 ], [ 103.822255900000016, 1.2525495 ] ] ] } },
{ "type": "Feature", "properties": { "id": 684974116, "name": null, "forest_area_ha": 0.49023124727711276, "source_layer": "natural", "source": "OSM" }, "geometry": { "type": "Polygon", "coordinates": [ [ [ 103.8215907, 1.2527667 ], [ 103.8217463, 1.2526796 ], [ 103.8218489, 1.2526299 ], [ 103.8218651, 1.252591 ], [ 103.8218557, 1.2525637 ], [ 103.821822700000013, 1.2525361 ], [ 103.8214101, 1.2524197 ], [ 103.8209952, 1.2527386 ], [ 103.8210878, 1.2528834 ], [ 103.820896, 1.2530161 ], [ 103.8208088, 1.2529061 ], [ 103.8205688, 1.2530912 ], [ 103.820668, 1.2532253 ], [ 103.8207673, 1.2531515 ], [ 103.8208786, 1.2532883 ], [ 103.8215907, 1.2527667 ] ] ] } },
{ "type": "Feature", "properties": { "id": 684974119, "name": null, "forest_area_ha": 0.047401496083266263, "source_layer": "natural", "source": "OSM" }, "geometry": { "type": "Polygon", "coordinates": [ [ [ 103.8200082, 1.2535216 ], [ 103.81988, 1.2537222 ], [ 103.8200456, 1.2537473 ], [ 103.8201705, 1.2537114 ], [ 103.8201663, 1.2536383 ], [ 103.8200082, 1.2535216 ] ] ] } },
{ "type": "Feature", "properties": { "id": 684974120, "name": null, "forest_area_ha": 0.43195635071755278, "source_layer": "natural", "source": "OSM" }, "geometry": { "type": "Polygon", "coordinates": [ [ [ 103.8202362, 1.2531113 ], [ 103.8207445, 1.2527158 ], [ 103.8205244, 1.2524445 ], [ 103.820478900000012, 1.2526286 ], [ 103.820153, 1.2529075 ], [ 103.8193014, 1.2524583 ], [ 103.8191847, 1.2526246 ], [ 103.8201584, 1.2531032 ], [ 103.8201208, 1.2531823 ], [ 103.820173100000019, 1.2532065 ], [ 103.8202362, 1.2531113 ] ] ] } },
{ "type": "Feature", "properties": { "id": 684974293, "name": null, "forest_area_ha": 0.076500179171636998, "source_layer": "natural", "source": "OSM" }, "geometry": { "type": "Polygon", "coordinates": [ [ [ 103.8189467, 1.2548972 ], [ 103.81904590000002, 1.2548235 ], [ 103.8194006, 1.2544598 ], [ 103.8193805, 1.2544239 ], [ 103.8193483, 1.2544441 ], [ 103.819237, 1.2545225 ], [ 103.8191673, 1.2545801 ], [ 103.8190821, 1.2546505 ], [ 103.8187308, 1.2549931 ], [ 103.8187925, 1.2549783 ], [ 103.8189467, 1.2548972 ] ] ] } },
{ "type": "Feature", "properties": { "id": 684974295, "name": null, "forest_area_ha": 1.4462442260628927, "source_layer": "natural", "source": "OSM" }, "geometry": { "type": "Polygon", "coordinates": [ [ [ 103.8177699, 1.2546492 ], [ 103.8177276, 1.254674 ], [ 103.8177035, 1.2548362 ], [ 103.8177504, 1.2549187 ], [ 103.8177565, 1.2549508 ], [ 103.8178899, 1.254924 ], [ 103.8179281, 1.255211 ], [ 103.8178651, 1.2552565 ], [ 103.8178021, 1.2552847 ], [ 103.8178517, 1.2557278 ], [ 103.8177632, 1.2557372 ], [ 103.8177659, 1.2557701 ], [ 103.8176036, 1.2557929 ], [ 103.8176163, 1.2559216 ], [ 103.8172207, 1.2560375 ], [ 103.81721060000001, 1.255994 ], [ 103.8171503, 1.2559967 ], [ 103.8171362, 1.255941 ], [ 103.8170187, 1.2559089 ], [ 103.816467, 1.2558358 ], [ 103.8160821, 1.2556829 ], [ 103.8160519, 1.255764 ], [ 103.816062, 1.2558927 ], [ 103.8160908, 1.255945 ], [ 103.8161425, 1.2559893 ], [ 103.8162176, 1.2560201 ], [ 103.8167741, 1.2560194 ], [ 103.8168633, 1.2560496 ], [ 103.8171771, 1.2562434 ], [ 103.8173092, 1.2562655 ], [ 103.8174427, 1.2562494 ], [ 103.8181166, 1.2558827 ], [ 103.8182158, 1.2557855 ], [ 103.8182909, 1.2556963 ], [ 103.8183513, 1.255585 ], [ 103.8183747, 1.2554898 ], [ 103.8182064, 1.2554959 ], [ 103.8182071, 1.2550541 ], [ 103.8185249, 1.2546894 ], [ 103.8187663, 1.2547028 ], [ 103.8187999, 1.2545808 ], [ 103.8185987, 1.2543636 ], [ 103.8177699, 1.2546492 ] ] ] } },
{ "type": "Feature", "properties": { "id": 684974308, "name": null, "forest_area_ha": 0.16629614917697813, "source_layer": "natural", "source": "OSM" }, "geometry": { "type": "Polygon", "coordinates": [ [ [ 103.8186081, 1.2507877 ], [ 103.8185008, 1.2507502 ], [ 103.8183627, 1.2507582 ], [ 103.8181695, 1.2507944 ], [ 103.8179429, 1.2509124 ], [ 103.8179992, 1.250958 ], [ 103.8180287, 1.2510022 ], [ 103.818073, 1.2510223 ], [ 103.8181575, 1.2509902 ], [ 103.8182151, 1.2509526 ], [ 103.818879, 1.250958 ], [ 103.8186081, 1.2507877 ] ] ] } },
{ "type": "Feature", "properties": { "id": 684974319, "name": null, "forest_area_ha": 0.044353637549037719, "source_layer": "natural", "source": "OSM" }, "geometry": { "type": "Polygon", "coordinates": [ [ [ 103.8189889, 1.2523953 ], [ 103.8189031, 1.2525415 ], [ 103.8188709, 1.252638 ], [ 103.8188776, 1.2527104 ], [ 103.818891, 1.2527493 ], [ 103.8190158, 1.2525723 ], [ 103.8190815, 1.2525213 ], [ 103.819119, 1.252465 ], [ 103.8189889, 1.2523953 ] ] ] } },
{ "type": "Feature", "properties": { "id": 684974323, "name": null, "forest_area_ha": 1.2580349851683565, "source_layer": "natural", "source": "OSM" }, "geometry": { "type": "Polygon", "coordinates": [ [ [ 103.8184458, 1.253295 ], [ 103.8184082, 1.2531877 ], [ 103.8181937, 1.2530268 ], [ 103.8180368, 1.2531716 ], [ 103.8179442, 1.2530805 ], [ 103.8180676, 1.2529437 ], [ 103.817965700000016, 1.2528659 ], [ 103.8177927, 1.2527975 ], [ 103.817663900000014, 1.2527868 ], [ 103.8175084, 1.2528083 ], [ 103.8173287, 1.2528686 ], [ 103.8171945, 1.2529745 ], [ 103.8170028, 1.2531797 ], [ 103.8169397, 1.253307 ], [ 103.8168995, 1.2534626 ], [ 103.8169236, 1.2535631 ], [ 103.8170564, 1.2535135 ], [ 103.8171771, 1.2535055 ], [ 103.8172898, 1.2535336 ], [ 103.817354100000017, 1.2534666 ], [ 103.8172643, 1.2533486 ], [ 103.8175687, 1.2531622 ], [ 103.817735, 1.2533057 ], [ 103.8179134, 1.2534988 ], [ 103.8183452, 1.253307 ], [ 103.818415, 1.2534304 ], [ 103.8184713, 1.2534089 ], [ 103.8185383, 1.2535779 ], [ 103.818482, 1.253602 ], [ 103.8185316, 1.253716 ], [ 103.8183466, 1.2538085 ], [ 103.8182473, 1.2536248 ], [ 103.8181052, 1.253724 ], [ 103.8180917, 1.2537053 ], [ 103.8180569, 1.2537307 ], [ 103.8180207, 1.2537079 ], [ 103.8179617, 1.2537482 ], [ 103.8177726, 1.2535444 ], [ 103.8175794, 1.2534009 ], [ 103.8174078, 1.2535135 ], [ 103.8174534, 1.2535524 ], [ 103.8174225, 1.253606 ], [ 103.8174507, 1.2536369 ], [ 103.817668, 1.2535537 ], [ 103.8177927, 1.2539037 ], [ 103.817971, 1.2538554 ], [ 103.8179912, 1.2538997 ], [ 103.8181092, 1.253846 ], [ 103.818187, 1.2540552 ], [ 103.8182943, 1.2540699 ], [ 103.8183855, 1.2540485 ], [ 103.8184746, 1.25408 ], [ 103.8185316, 1.254072 ], [ 103.818584, 1.2540485 ], [ 103.8188481, 1.2538742 ], [ 103.8189809, 1.2538661 ], [ 103.8189903, 1.2538112 ], [ 103.8189281, 1.2537974 ], [ 103.8188245, 1.2537625 ], [ 103.818705, 1.2537018 ], [ 103.8186365, 1.2536201 ], [ 103.8186032, 1.2535308 ], [ 103.8185276, 1.2533996 ], [ 103.8184458, 1.253295 ] ] ] } },
{ "type": "Feature", "properties": { "id": 684974328, "name": null, "forest_area_ha": 0.010781242390491327, "source_layer": "natural", "source": "OSM" }, "geometry": { "type": "Polygon", "coordinates": [ [ [ 103.8197594, 1.2511477 ], [ 103.8197534, 1.2511336 ], [ 103.8197386, 1.2511309 ], [ 103.8197105, 1.2511698 ], [ 103.8196421, 1.251326 ], [ 103.8196836, 1.2513475 ], [ 103.8197594, 1.2511477 ] ] ] } },
{ "type": "Feature", "properties": { "id": 684974330, "name": null, "forest_area_ha": 0.12970975805768761, "source_layer": "natural", "source": "OSM" }, "geometry": { "type": "Polygon", "coordinates": [ [ [ 103.8196092, 1.2513944 ], [ 103.8195408, 1.251493 ], [ 103.8194778, 1.2515459 ], [ 103.8193712, 1.2516083 ], [ 103.8193443, 1.2517832 ], [ 103.8192679, 1.2519703 ], [ 103.8190399, 1.2523444 ], [ 103.8191298, 1.2523967 ], [ 103.8196252, 1.2514675 ], [ 103.8196541, 1.2514132 ], [ 103.8196092, 1.2513944 ] ] ] } },
{ "type": "Feature", "properties": { "id": 684974334, "name": null, "forest_area_ha": 0.036381120366881667, "source_layer": "natural", "source": "OSM" }, "geometry": { "type": "Polygon", "coordinates": [ [ [ 103.8183372, 1.2510974 ], [ 103.8182607, 1.2511229 ], [ 103.8181789, 1.2511591 ], [ 103.8181682, 1.251206 ], [ 103.8181816, 1.2512677 ], [ 103.8182004, 1.2513133 ], [ 103.8183345, 1.2513173 ], [ 103.8183372, 1.2510974 ] ] ] } },
{ "type": "Feature", "properties": { "id": 684974370, "name": null, "forest_area_ha": 0.23627168154850484, "source_layer": "natural", "source": "OSM" }, "geometry": { "type": "Polygon", "coordinates": [ [ [ 103.8125617, 1.2536188 ], [ 103.8126086, 1.2536704 ], [ 103.8126388, 1.2536764 ], [ 103.8126609, 1.2536677 ], [ 103.812689316042878, 1.253640553402348 ], [ 103.812686470418541, 1.25363844664294 ], [ 103.812673, 1.2536329 ], [ 103.8126549, 1.2536107 ], [ 103.8126717, 1.2535638 ], [ 103.8127159, 1.2534961 ], [ 103.812793, 1.2534156 ], [ 103.8128507, 1.2533412 ], [ 103.8129245, 1.2532661 ], [ 103.8129969, 1.2532011 ], [ 103.8130807, 1.2531334 ], [ 103.8131859, 1.2530763 ], [ 103.8132296, 1.2530657 ], [ 103.8132537, 1.2530402 ], [ 103.8132651, 1.2530194 ], [ 103.8132812, 1.253002 ], [ 103.813304, 1.253002 ], [ 103.8133241, 1.2530362 ], [ 103.8133804, 1.2530644 ], [ 103.8134274, 1.2530711 ], [ 103.8134649, 1.2530449 ], [ 103.813475936854203, 1.253012805989951 ], [ 103.813475038016719, 1.253011799845911 ], [ 103.813474961641489, 1.253011839637392 ], [ 103.813474775648572, 1.253011505020906 ], [ 103.813460636521029, 1.252995676715367 ], [ 103.813457027161917, 1.252991635984642 ], [ 103.813456980438843, 1.252991583531116 ], [ 103.813451742061048, 1.252985719587925 ], [ 103.813439868068471, 1.252977314328173 ], [ 103.813428632926417, 1.252969361255781 ], [ 103.813419763597679, 1.25296308308557 ], [ 103.813415189210062, 1.252960216213257 ], [ 103.813398360747044, 1.252949671187623 ], [ 103.813387970211153, 1.252943173244943 ], [ 103.81338769975541, 1.252942989656752 ], [ 103.813370041056103, 1.252931923710282 ], [ 103.813367775873445, 1.25293086558578 ], [ 103.813368235920663, 1.25293079324009 ], [ 103.813357762712386, 1.252925334412138 ], [ 103.813350576303307, 1.252922325534357 ], [ 103.813340218098276, 1.252917988119915 ], [ 103.813336353538958, 1.252916370181109 ], [ 103.813325472391995, 1.252911813906228 ], [ 103.813308783157439, 1.25290708213982 ], [ 103.813300549957503, 1.252904747910218 ], [ 103.81329512555196, 1.252903209543474 ], [ 103.813281591044671, 1.252899372218233 ], [ 103.813276062410054, 1.252897804910964 ], [ 103.813263127202177, 1.252896492577537 ], [ 103.813259746041638, 1.25289614889275 ], [ 103.813239025089416, 1.252894046988457 ], [ 103.813233425463451, 1.252893479003967 ], [ 103.813223243345163, 1.252892445236038 ], [ 103.813211844620085, 1.25289128846504 ], [ 103.813204517119772, 1.252891224198469 ], [ 103.813199256231684, 1.252891629313347 ], [ 103.813199270606347, 1.25289186625711 ], [ 103.813197463666071, 1.252891767667341 ], [ 103.813179422099566, 1.252893156632502 ], [ 103.813158098206102, 1.252894798794333 ], [ 103.813152609990155, 1.252895221090278 ], [ 103.813144347116179, 1.252895857699228 ], [ 103.813130719113076, 1.252898431416534 ], [ 103.813128040593327, 1.252899210054089 ], [ 103.8130819262052, 1.252912606960061 ], [ 103.813079392348868, 1.25291334309352 ], [ 103.813062918688473, 1.252918128865291 ], [ 103.813052598165754, 1.25292112675516 ], [ 103.813039936951029, 1.252927364966805 ], [ 103.813039373568927, 1.252927973600105 ], [ 103.813036857681766, 1.252928882467401 ], [ 103.81298007764542, 1.252956857653426 ], [ 103.812955929550085, 1.252974779267253 ], [ 103.812934557025315, 1.252990641663329 ], [ 103.812926839518525, 1.252996368946885 ], [ 103.812921417751838, 1.253002164075785 ], [ 103.812916924172924, 1.253006967123464 ], [ 103.812899084637465, 1.253026035521135 ], [ 103.812888642749499, 1.253037195304203 ], [ 103.81287912994776, 1.253047363006022 ], [ 103.812873475460023, 1.253053406833399 ], [ 103.812866863119794, 1.25306214656551 ], [ 103.812865067841102, 1.253064519605349 ], [ 103.812860952537591, 1.253069958424564 ], [ 103.812812707341749, 1.253133723017431 ], [ 103.812772982954527, 1.253189383661225 ], [ 103.812742381456019, 1.253228613871881 ], [ 103.812728959999987, 1.253245576941369 ], [ 103.812727530438565, 1.253245860900692 ], [ 103.81272174654012, 1.253254694692923 ], [ 103.812697514777696, 1.253285320824145 ], [ 103.812629486450177, 1.253376597850692 ], [ 103.81255350601613, 1.253483339454545 ], [ 103.81252769981927, 1.253540305204179 ], [ 103.81251916343561, 1.253585876091814 ], [ 103.812522639741232, 1.253604310792886 ], [ 103.8125617, 1.2536188 ] ] ] } },
{ "type": "Feature", "properties": { "id": 684974372, "name": null, "forest_area_ha": 1.3373659010765488, "source_layer": "natural", "source": "OSM" }, "geometry": { "type": "Polygon", "coordinates": [ [ [ 103.8236717, 1.2460082 ], [ 103.8238563, 1.2459032 ], [ 103.823925, 1.2457917 ], [ 103.824079500000011, 1.2457059 ], [ 103.824234, 1.2456715 ], [ 103.8243284, 1.2457059 ], [ 103.8244571, 1.2457316 ], [ 103.8245515, 1.2457573 ], [ 103.8246717, 1.2458174 ], [ 103.8247489, 1.2458775 ], [ 103.8248434, 1.2459461 ], [ 103.824894900000018, 1.2460405 ], [ 103.8250064, 1.2460748 ], [ 103.8250322, 1.2461521 ], [ 103.8250923, 1.2462636 ], [ 103.8251438, 1.2463323 ], [ 103.8251523, 1.2464352 ], [ 103.8251009, 1.2465468 ], [ 103.8250351, 1.2467109 ], [ 103.8251097, 1.2467459 ], [ 103.825146, 1.2466849 ], [ 103.8251949, 1.2467077 ], [ 103.8252573, 1.2466205 ], [ 103.8252178, 1.2457063 ], [ 103.8254874, 1.2457015 ], [ 103.8255066, 1.246188 ], [ 103.8262591, 1.245391 ], [ 103.826247, 1.2452972 ], [ 103.8262001, 1.2452664 ], [ 103.8261344, 1.2452878 ], [ 103.8260043, 1.2453669 ], [ 103.8250132, 1.2455278 ], [ 103.8242675, 1.2455157 ], [ 103.824043703437951, 1.245385476606979 ], [ 103.824013478946711, 1.24542681365283 ], [ 103.823678356808045, 1.245852498934327 ], [ 103.823651978701122, 1.245872104569459 ], [ 103.823592321883467, 1.245889759365052 ], [ 103.823557830951117, 1.245857773844243 ], [ 103.823516580891663, 1.245911747399171 ], [ 103.823556620932166, 1.246081136467391 ], [ 103.823520685657968, 1.246129823721779 ], [ 103.8234845, 1.2462611 ], [ 103.8234447, 1.2463248 ], [ 103.8234803, 1.246398 ], [ 103.823527892820408, 1.2464212041133 ], [ 103.823643466375728, 1.246278398729646 ], [ 103.823724413356658, 1.246308703695204 ], [ 103.8237304, 1.2463081 ], [ 103.82378, 1.2462746 ], [ 103.8237921, 1.2462264 ], [ 103.823778, 1.2461942 ], [ 103.8237626, 1.2461593 ], [ 103.823770182944699, 1.246138226467655 ], [ 103.823768026025235, 1.246131920065785 ], [ 103.823768545291898, 1.246132006242708 ], [ 103.8236717, 1.2460082 ] ] ] } },
{ "type": "Feature", "properties": { "id": 685026500, "name": null, "forest_area_ha": 2.3375896781977055, "source_layer": "natural", "source": "OSM" }, "geometry": { "type": "Polygon", "coordinates": [ [ [ 103.8122928, 1.2573079 ], [ 103.8123532, 1.2571537 ], [ 103.8127877, 1.2567743 ], [ 103.8131565, 1.2563439 ], [ 103.8132852, 1.256246 ], [ 103.8135736, 1.2561012 ], [ 103.813815, 1.255872 ], [ 103.8136916, 1.2557258 ], [ 103.8138364, 1.2555917 ], [ 103.8139223, 1.2556963 ], [ 103.8140336, 1.2555247 ], [ 103.8138109, 1.2552619 ], [ 103.8142455, 1.2548489 ], [ 103.8141491, 1.2547223 ], [ 103.8141301, 1.2546974 ], [ 103.8131163, 1.255699 ], [ 103.8129929, 1.2557982 ], [ 103.8125651, 1.2560208 ], [ 103.8123773, 1.2562045 ], [ 103.8118328, 1.2567891 ], [ 103.811865, 1.2568507 ], [ 103.8117926, 1.2569312 ], [ 103.811928, 1.2570921 ], [ 103.8119079, 1.257198 ], [ 103.8116719, 1.2574956 ], [ 103.812215, 1.257745 ], [ 103.8122928, 1.2573079 ] ] ] } },
{ "type": "Feature", "properties": { "id": 688083239, "name": null, "forest_area_ha": 1.6620772119081997, "source_layer": "natural", "source": "OSM" }, "geometry": { "type": "Polygon", "coordinates": [ [ [ 103.9383228, 1.3722821 ], [ 103.939104500000013, 1.3718007 ], [ 103.9391337, 1.371771 ], [ 103.9391547, 1.3717362 ], [ 103.939167200000014, 1.3716896 ], [ 103.9391726, 1.3716429 ], [ 103.939169, 1.371595 ], [ 103.9391593, 1.3715541 ], [ 103.9391392, 1.3715099 ], [ 103.93911, 1.3714698 ], [ 103.939078400000014, 1.3714397 ], [ 103.9390397, 1.3714168 ], [ 103.9389963, 1.3714014 ], [ 103.9389478, 1.3713941 ], [ 103.9365491, 1.3712791 ], [ 103.9364666, 1.3713208 ], [ 103.936453900000018, 1.3713319 ], [ 103.9365434, 1.3713501 ], [ 103.9366592, 1.3713817 ], [ 103.9367634, 1.3714145 ], [ 103.9368628, 1.3714545 ], [ 103.9369451, 1.3714972 ], [ 103.938170018772112, 1.372195057905682 ], [ 103.938186293078545, 1.372172164409097 ], [ 103.938170018772112, 1.372195057905682 ], [ 103.9383228, 1.3722821 ] ] ] } },
{ "type": "Feature", "properties": { "id": 689117555, "name": null, "forest_area_ha": 0.016611339995085211, "source_layer": "natural", "source": "OSM" }, "geometry": { "type": "Polygon", "coordinates": [ [ [ 103.812984, 1.2549343 ], [ 103.8130318, 1.2549327 ], [ 103.8130472, 1.2549189 ], [ 103.8130587, 1.2549004 ], [ 103.8130595, 1.2548873 ], [ 103.813042, 1.2548746 ], [ 103.8130286, 1.2548549 ], [ 103.8129976, 1.2548651 ], [ 103.812938500000016, 1.2548795 ], [ 103.812885, 1.2548814 ], [ 103.8128601, 1.2548993 ], [ 103.8128696, 1.2549341 ], [ 103.8128954, 1.2549713 ], [ 103.8129263, 1.2549682 ], [ 103.8129601, 1.2549412 ], [ 103.812984, 1.2549343 ] ] ] } },
{ "type": "Feature", "properties": { "id": 689117556, "name": null, "forest_area_ha": 0.014474135573346113, "source_layer": "natural", "source": "OSM" }, "geometry": { "type": "Polygon", "coordinates": [ [ [ 103.8131099, 1.2547651 ], [ 103.8131646, 1.2547539 ], [ 103.8131924, 1.2547297 ], [ 103.8131901, 1.2546902 ], [ 103.8131863, 1.2546611 ], [ 103.8131793, 1.2546269 ], [ 103.8131589, 1.2546168 ], [ 103.81314, 1.2546273 ], [ 103.8131141, 1.2546678 ], [ 103.8130744, 1.2547189 ], [ 103.8130639, 1.254744 ], [ 103.8130874, 1.2547554 ], [ 103.8131099, 1.2547651 ] ] ] } },
{ "type": "Feature", "properties": { "id": 693565055, "name": null, "forest_area_ha": 4.2891274508371851, "source_layer": "natural", "source": "OSM" }, "geometry": { "type": "Polygon", "coordinates": [ [ [ 103.8361634, 1.2148583 ], [ 103.836321, 1.2146913 ], [ 103.8363156, 1.2146497 ], [ 103.836077300000014, 1.214605 ], [ 103.8358842, 1.2145273 ], [ 103.8357098, 1.214412 ], [ 103.8355462, 1.2142685 ], [ 103.8354269, 1.2141022 ], [ 103.8353008, 1.2139118 ], [ 103.8352203, 1.213755 ], [ 103.8351768, 1.2135854 ], [ 103.8351613, 1.2135076 ], [ 103.8351157, 1.2134439 ], [ 103.8349943, 1.2132562 ], [ 103.8348837, 1.2130122 ], [ 103.8348824, 1.2129223 ], [ 103.8348455, 1.2128452 ], [ 103.8348689, 1.2126327 ], [ 103.83494810000002, 1.2124564 ], [ 103.834643, 1.212386 ], [ 103.834430500000011, 1.2123706 ], [ 103.8343889, 1.2125 ], [ 103.8344237, 1.212736 ], [ 103.8343821, 1.2128553 ], [ 103.83433650000002, 1.2130055 ], [ 103.834256100000019, 1.2131395 ], [ 103.8341796, 1.213224 ], [ 103.8340764, 1.2133179 ], [ 103.8340268, 1.2133393 ], [ 103.8338618, 1.2133702 ], [ 103.8336044, 1.2133299 ], [ 103.8335785, 1.2132976 ], [ 103.8335377, 1.2133059 ], [ 103.8334917, 1.2133447 ], [ 103.8334621, 1.2135136 ], [ 103.8335158, 1.2136759 ], [ 103.833615, 1.2138522 ], [ 103.833679144738142, 1.213921603810476 ], [ 103.833711051987365, 1.21394327136548 ], [ 103.8337981, 1.2139655 ], [ 103.833918, 1.2139489 ], [ 103.8340796, 1.2141004 ], [ 103.834085858001487, 1.214109576531835 ], [ 103.834089677754804, 1.214111111735369 ], [ 103.834156185013157, 1.214203962911384 ], [ 103.834158029288659, 1.214215406177461 ], [ 103.8341688, 1.2142312 ], [ 103.834168870027526, 1.214282670236459 ], [ 103.834173292132647, 1.214310108285871 ], [ 103.8342212, 1.2143691 ], [ 103.8343083, 1.2144134 ], [ 103.8344531, 1.2145583 ], [ 103.8345711, 1.2147085 ], [ 103.834586034851043, 1.214836879378124 ], [ 103.834603169917258, 1.214859563440095 ], [ 103.834598474007805, 1.214877999881638 ], [ 103.8346028, 1.2148776 ], [ 103.8346111, 1.2148789 ], [ 103.8346195, 1.2148849 ], [ 103.8346254, 1.2148961 ], [ 103.834582400000016, 1.214961 ], [ 103.8346181, 1.2150696 ], [ 103.834625800000012, 1.2150899 ], [ 103.8346318, 1.2151059 ], [ 103.834707608965985, 1.215292513679068 ], [ 103.834721603524784, 1.215303200729443 ], [ 103.834735800072423, 1.215291697194281 ], [ 103.834699032759687, 1.215219665414134 ], [ 103.834711700927045, 1.215199895075813 ], [ 103.834770905051158, 1.215210114373699 ], [ 103.834844745110985, 1.215234365795482 ], [ 103.834906451614486, 1.215263631024122 ], [ 103.834967760088176, 1.215311913247003 ], [ 103.834990327234379, 1.215339925046801 ], [ 103.835002094217373, 1.215367059618719 ], [ 103.835009809790478, 1.215392392697232 ], [ 103.835015740016203, 1.215424071708803 ], [ 103.835012212458253, 1.21545034262124 ], [ 103.834984010765453, 1.215502939625473 ], [ 103.834958802009169, 1.215522718111951 ], [ 103.834883022027441, 1.215469034122845 ], [ 103.834868850937497, 1.215487850937645 ], [ 103.8349152, 1.2155342 ], [ 103.8350111, 1.2155583 ], [ 103.8351164, 1.2155295 ], [ 103.8361634, 1.2148583 ] ] ] } },
{ "type": "Feature", "properties": { "id": 718032091, "name": null, "forest_area_ha": 2.5962410011990933, "source_layer": "natural", "source": "OSM" }, "geometry": { "type": "Polygon", "coordinates": [ [ [ 103.8317128, 1.2162031 ], [ 103.8318837, 1.2161765 ], [ 103.8319936, 1.2162154 ], [ 103.8321519, 1.2163038 ], [ 103.8322578, 1.2164003 ], [ 103.8323397, 1.2165801 ], [ 103.8323826, 1.2167208 ], [ 103.832367800000014, 1.2168697 ], [ 103.8323748, 1.2170183 ], [ 103.832927, 1.2168654 ], [ 103.8331658, 1.2167798 ], [ 103.8332288, 1.2167195 ], [ 103.8332757, 1.2166364 ], [ 103.8333253, 1.2166276 ], [ 103.8334916, 1.2164467 ], [ 103.8335279, 1.216391 ], [ 103.8335668, 1.2162864 ], [ 103.833558, 1.2161959 ], [ 103.833522, 1.2161027 ], [ 103.8334984, 1.2160451 ], [ 103.8334085, 1.2158386 ], [ 103.8333374, 1.2155664 ], [ 103.8333197, 1.2155162 ], [ 103.8333121, 1.2154993 ], [ 103.8333072, 1.2154884 ], [ 103.8333043, 1.2154819 ], [ 103.8332784, 1.2154471 ], [ 103.8331886, 1.215321 ], [ 103.8329874, 1.215132 ], [ 103.8327581, 1.2149295 ], [ 103.832738, 1.2151253 ], [ 103.8326856, 1.2152701 ], [ 103.8325877, 1.2154283 ], [ 103.8324965, 1.2154954 ], [ 103.8323531, 1.2155651 ], [ 103.8322753, 1.2156079 ], [ 103.8320754, 1.215614 ], [ 103.8318998, 1.2155946 ], [ 103.8318387, 1.2155624 ], [ 103.8318473, 1.2154975 ], [ 103.83177910000002, 1.2155718 ], [ 103.831716940281183, 1.215979257736603 ], [ 103.831699942217568, 1.216124211283761 ], [ 103.8317128, 1.2162031 ] ] ] } },
{ "type": "Feature", "properties": { "id": 722269825, "name": null, "forest_area_ha": 0.07443247041276016, "source_layer": "natural", "source": "OSM" }, "geometry": { "type": "Polygon", "coordinates": [ [ [ 103.7241018, 1.3406482 ], [ 103.7241943, 1.3405772 ], [ 103.7243351, 1.340541 ], [ 103.7242855, 1.3404994 ], [ 103.7241876, 1.3404404 ], [ 103.7240441, 1.3405343 ], [ 103.7238456, 1.3406415 ], [ 103.7238201, 1.3406817 ], [ 103.7238805, 1.3407193 ], [ 103.7240253, 1.340734 ], [ 103.7241018, 1.3406482 ] ] ] } },
{ "type": "Feature", "properties": { "id": 722269826, "name": null, "forest_area_ha": 0.14928349089162765, "source_layer": "natural", "source": "OSM" }, "geometry": { "type": "Polygon", "coordinates": [ [ [ 103.7244076, 1.3409593 ], [ 103.7243727, 1.3408279 ], [ 103.7243928, 1.340663 ], [ 103.7243955, 1.3405839 ], [ 103.724252, 1.340616 ], [ 103.7241621, 1.340671 ], [ 103.724075, 1.3407675 ], [ 103.7241366, 1.3409191 ], [ 103.7241273, 1.3410022 ], [ 103.724446400000019, 1.3411282 ], [ 103.7244076, 1.3409593 ] ] ] } },
{ "type": "Feature", "properties": { "id": 722269827, "name": null, "forest_area_ha": 0.72170407010128845, "source_layer": "natural", "source": "OSM" }, "geometry": { "type": "Polygon", "coordinates": [ [ [ 103.7266029, 1.33977 ], [ 103.7266995, 1.3397084 ], [ 103.7267625, 1.339644 ], [ 103.7268256, 1.3395046 ], [ 103.726843, 1.3393303 ], [ 103.7268068, 1.3391882 ], [ 103.72667, 1.3390702 ], [ 103.7264232, 1.3388771 ], [ 103.7262247, 1.3390165 ], [ 103.726147, 1.339156 ], [ 103.7260598, 1.3392445 ], [ 103.7260008, 1.3392458 ], [ 103.7258425, 1.3393839 ], [ 103.7258224, 1.339455 ], [ 103.7259203, 1.3394737 ], [ 103.7260276, 1.3393759 ], [ 103.7261148, 1.3394161 ], [ 103.7261684, 1.3394965 ], [ 103.7261617, 1.339573 ], [ 103.726104, 1.3397312 ], [ 103.7261081, 1.3398076 ], [ 103.726218, 1.339935 ], [ 103.7266029, 1.33977 ] ] ] } },
{ "type": "Feature", "properties": { "id": 736768378, "name": null, "forest_area_ha": 0.22155089639228867, "source_layer": "natural", "source": "OSM" }, "geometry": { "type": "Polygon", "coordinates": [ [ [ 103.8276264, 1.2858348 ], [ 103.8279077, 1.285769 ], [ 103.8283095, 1.2857528 ], [ 103.8293072, 1.2857675 ], [ 103.8293049, 1.2857098 ], [ 103.8292642, 1.2857247 ], [ 103.8283899, 1.2856599 ], [ 103.8281195, 1.2856495 ], [ 103.8278553, 1.2856614 ], [ 103.8273612, 1.2857465 ], [ 103.8272919, 1.2857288 ], [ 103.8273326, 1.285785 ], [ 103.8274051, 1.2858344 ], [ 103.8274892, 1.2858475 ], [ 103.8276264, 1.2858348 ] ] ] } },
{ "type": "Feature", "properties": { "id": 744342479, "name": null, "forest_area_ha": 0.01248411585029365, "source_layer": "natural", "source": "OSM" }, "geometry": { "type": "Polygon", "coordinates": [ [ [ 103.9895722, 1.3606322 ], [ 103.9895319, 1.3606275 ], [ 103.9894864, 1.3606174 ], [ 103.9894803, 1.360602 ], [ 103.9894783, 1.3605819 ], [ 103.9894884, 1.3605518 ], [ 103.9895065, 1.3605343 ], [ 103.989485, 1.3605169 ], [ 103.9894595, 1.3605109 ], [ 103.9894408, 1.3605176 ], [ 103.9894468, 1.3605322 ], [ 103.9893845, 1.360559 ], [ 103.989367, 1.3605858 ], [ 103.9894177, 1.3606115 ], [ 103.9894901, 1.3606343 ], [ 103.9895704, 1.3606478 ], [ 103.9895722, 1.3606322 ] ] ] } },
{ "type": "Feature", "properties": { "id": 744342480, "name": null, "forest_area_ha": 0.04308616624161863, "source_layer": "natural", "source": "OSM" }, "geometry": { "type": "Polygon", "coordinates": [ [ [ 103.9893615, 1.3605279 ], [ 103.9893751, 1.3605228 ], [ 103.989363, 1.3604919 ], [ 103.98942, 1.3604678 ], [ 103.98943610000002, 1.3605021 ], [ 103.9894589, 1.3604948 ], [ 103.9894615, 1.360468 ], [ 103.9894237, 1.3604496 ], [ 103.9893848, 1.3604262 ], [ 103.9893459, 1.3603953 ], [ 103.9893171, 1.3603625 ], [ 103.989293, 1.3603209 ], [ 103.989274900000012, 1.3602767 ], [ 103.9892286, 1.3602914 ], [ 103.98924, 1.3603243 ], [ 103.9892366, 1.360335 ], [ 103.9892226, 1.3603417 ], [ 103.9892071, 1.3603364 ], [ 103.9891957, 1.3603028 ], [ 103.9891716, 1.3603115 ], [ 103.9891843, 1.3603685 ], [ 103.9892004, 1.3604148 ], [ 103.9892259, 1.3604584 ], [ 103.9892554, 1.3604972 ], [ 103.9892943, 1.3605375 ], [ 103.9893355, 1.3605664 ], [ 103.9893615, 1.3605279 ] ] ] } },
{ "type": "Feature", "properties": { "id": 744342482, "name": null, "forest_area_ha": 0.0054368689645363996, "source_layer": "natural", "source": "OSM" }, "geometry": { "type": "Polygon", "coordinates": [ [ [ 103.9895407, 1.3605323 ], [ 103.9895789, 1.3605383 ], [ 103.9896191, 1.3605276 ], [ 103.989652, 1.3604957 ], [ 103.9895841, 1.3604956 ], [ 103.989529300000015, 1.3604874 ], [ 103.9895246, 1.3605028 ], [ 103.98951120000001, 1.3605149 ], [ 103.9895407, 1.3605323 ] ] ] } },
{ "type": "Feature", "properties": { "id": 757859578, "name": null, "forest_area_ha": 18.322740759225592, "source_layer": "natural", "source": "OSM" }, "geometry": { "type": "Polygon", "coordinates": [ [ [ 103.8045533, 1.4148354 ], [ 103.8052185, 1.4134036 ], [ 103.8054921, 1.412453 ], [ 103.80627530000001, 1.4124611 ], [ 103.8084049, 1.4069521 ], [ 103.8082789, 1.4069039 ], [ 103.8087456, 1.4058849 ], [ 103.8081716, 1.4057053 ], [ 103.8078149, 1.4060753 ], [ 103.8076325, 1.4066357 ], [ 103.8073106, 1.4066679 ], [ 103.8072093, 1.407153 ], [ 103.8069797, 1.4080055 ], [ 103.8065538, 1.4084827 ], [ 103.8065619, 1.4090951 ], [ 103.8062073, 1.4095544 ], [ 103.8056352, 1.409917 ], [ 103.805192, 1.410481 ], [ 103.8050309, 1.410481 ], [ 103.804765, 1.4102232 ], [ 103.8043782, 1.4101748 ], [ 103.803927, 1.4105374 ], [ 103.8036546, 1.4112755 ], [ 103.8036062, 1.4118847 ], [ 103.80379, 1.4123005 ], [ 103.8042444, 1.4125906 ], [ 103.8044572, 1.4127743 ], [ 103.8047472, 1.412842 ], [ 103.8049986, 1.4130354 ], [ 103.8045925, 1.4130354 ], [ 103.8043121, 1.4130063 ], [ 103.8038867, 1.4131514 ], [ 103.8036256, 1.4134318 ], [ 103.8033452, 1.4140313 ], [ 103.8032968, 1.4146308 ], [ 103.803412900000012, 1.4150949 ], [ 103.8036643, 1.4153947 ], [ 103.8045533, 1.4148354 ] ] ] } },
{ "type": "Feature", "properties": { "id": 766369217, "name": null, "forest_area_ha": 6.0633049677072899, "source_layer": "natural", "source": "OSM" }, "geometry": { "type": "Polygon", "coordinates": [ [ [ 103.717194100000015, 1.3573214 ], [ 103.717122, 1.3571135 ], [ 103.7170081, 1.3570688 ], [ 103.7155011, 1.357478 ], [ 103.7150145, 1.3576796 ], [ 103.7148223, 1.3577806 ], [ 103.71469620000002, 1.3578543 ], [ 103.7145549, 1.3578555 ], [ 103.7144022, 1.3578081 ], [ 103.7142868, 1.357744 ], [ 103.714151, 1.3576469 ], [ 103.7133194, 1.358356 ], [ 103.7106385, 1.3608026 ], [ 103.7096031, 1.3617979 ], [ 103.7089999, 1.3625713 ], [ 103.7088443, 1.3628801 ], [ 103.708741500000016, 1.3631965 ], [ 103.7086571, 1.3635556 ], [ 103.7086293, 1.363858 ], [ 103.7086577, 1.3642952 ], [ 103.7087466, 1.3645997 ], [ 103.708926, 1.3644456 ], [ 103.7089666, 1.3643033 ], [ 103.709023, 1.3639563 ], [ 103.7089544, 1.3638034 ], [ 103.7091252, 1.363275 ], [ 103.7096679, 1.3622409 ], [ 103.7102754, 1.3616274 ], [ 103.7113735, 1.3605236 ], [ 103.7117416, 1.3602848 ], [ 103.7126043, 1.3594439 ], [ 103.7131928, 1.3589819 ], [ 103.7134947, 1.3587909 ], [ 103.7139316, 1.3585824 ], [ 103.7147135, 1.3582822 ], [ 103.716433, 1.3578211 ], [ 103.7168232, 1.3576524 ], [ 103.717194100000015, 1.3573214 ] ] ] } },
{ "type": "Feature", "properties": { "id": 767738596, "name": null, "forest_area_ha": 3.4226402857810898, "source_layer": "natural", "source": "OSM" }, "geometry": { "type": "Polygon", "coordinates": [ [ [ 103.6947188, 1.3569151 ], [ 103.6949622, 1.3568565 ], [ 103.6952518, 1.356607 ], [ 103.6956863, 1.3562929 ], [ 103.6961669, 1.3560002 ], [ 103.6965305, 1.3557015 ], [ 103.696699900000013, 1.3555382 ], [ 103.6970512, 1.3553288 ], [ 103.697159, 1.355224 ], [ 103.6971867, 1.3550762 ], [ 103.6971282, 1.3549499 ], [ 103.6966876, 1.3552579 ], [ 103.6966506, 1.3553442 ], [ 103.69631170000001, 1.3555598 ], [ 103.6961946, 1.355529 ], [ 103.695905, 1.3550669 ], [ 103.6955969, 1.3552764 ], [ 103.6952611, 1.3555413 ], [ 103.6951132, 1.355723 ], [ 103.6950362, 1.3558616 ], [ 103.6947791, 1.3560178 ], [ 103.694518, 1.3556572 ], [ 103.6941931, 1.3551705 ], [ 103.6941877, 1.3548057 ], [ 103.694037600000016, 1.3548063 ], [ 103.6940427, 1.355783 ], [ 103.693668700000018, 1.356354 ], [ 103.6939577, 1.3564931 ], [ 103.6947188, 1.3569151 ] ] ] } },
{ "type": "Feature", "properties": { "id": 770798484, "name": null, "forest_area_ha": 10.652323277883825, "source_layer": "natural", "source": "OSM" }, "geometry": { "type": "MultiPolygon", "coordinates": [ [ [ [ 103.6867625, 1.3634482 ], [ 103.68670155018026, 1.363567764412367 ], [ 103.686745707498332, 1.36353596007699 ], [ 103.686872419339551, 1.36345023438038 ], [ 103.686948539736917, 1.363401349263468 ], [ 103.686971948241037, 1.363386690997746 ], [ 103.686997387566265, 1.363370965709564 ], [ 103.687155522661001, 1.363277735718067 ], [ 103.687194311547643, 1.363256522303455 ], [ 103.6869712, 1.3632867 ], [ 103.6867625, 1.3634482 ] ] ], [ [ [ 103.691418, 1.364599 ], [ 103.6914193, 1.3645459 ], [ 103.6917597, 1.3643859 ], [ 103.6915719, 1.3637209 ], [ 103.6917329, 1.3636351 ], [ 103.6913145, 1.3624391 ], [ 103.691231, 1.3623504 ], [ 103.6911213, 1.3623319 ], [ 103.6900526, 1.362544 ], [ 103.6890785, 1.362646 ], [ 103.6889652, 1.362738 ], [ 103.6885199, 1.3627609 ], [ 103.6881229, 1.362922 ], [ 103.688039879436829, 1.362944892001412 ], [ 103.688186928570673, 1.363154756838936 ], [ 103.688039869617171, 1.362944894709072 ], [ 103.687815, 1.3630069 ], [ 103.6873002, 1.3632422 ], [ 103.687194314938523, 1.363256521844812 ], [ 103.687155523559511, 1.363277736622481 ], [ 103.686997388464746, 1.363370966613978 ], [ 103.686971949139547, 1.363386691902161 ], [ 103.686948540635427, 1.363401350167883 ], [ 103.686872420238075, 1.363450235284796 ], [ 103.686745708396828, 1.363535960981404 ], [ 103.686701548930444, 1.363567766864117 ], [ 103.6865798, 1.3638066 ], [ 103.6862754, 1.3639835 ], [ 103.6860418, 1.3641675 ], [ 103.6859074, 1.3643231 ], [ 103.6858012, 1.3645354 ], [ 103.6857637, 1.3647438 ], [ 103.6858577, 1.3650159 ], [ 103.6859582, 1.3649662 ], [ 103.6859979, 1.364808 ], [ 103.686078, 1.3647664 ], [ 103.6862105, 1.3647556 ], [ 103.6863106, 1.3647156 ], [ 103.6863753, 1.3646016 ], [ 103.6864046, 1.364443 ], [ 103.686566700000014, 1.3645969 ], [ 103.6869597, 1.3637064 ], [ 103.6873944, 1.3634147 ], [ 103.6875701, 1.3635392 ], [ 103.6877408, 1.3638156 ], [ 103.6877591, 1.3641855 ], [ 103.6878384, 1.364283 ], [ 103.6880193, 1.3642403 ], [ 103.6881047, 1.3641529 ], [ 103.6880564, 1.3639235 ], [ 103.6883212, 1.3637707 ], [ 103.688533800000016, 1.3639671 ], [ 103.6886732, 1.3647459 ], [ 103.6887263, 1.3647698 ], [ 103.6887653, 1.364969 ], [ 103.6888238, 1.3652676 ], [ 103.6890953, 1.3651608 ], [ 103.6892222, 1.3651699 ], [ 103.6898978, 1.364799 ], [ 103.6902199, 1.3647123 ], [ 103.6910859, 1.3642912 ], [ 103.6912583, 1.3645865 ], [ 103.6913164, 1.3646183 ], [ 103.691418, 1.364599 ] ] ] ] } },
{ "type": "Feature", "properties": { "id": 770983280, "name": null, "forest_area_ha": 0.64452613609184595, "source_layer": "natural", "source": "OSM" }, "geometry": { "type": "Polygon", "coordinates": [ [ [ 103.685872, 1.3730165 ], [ 103.6860737, 1.3730165 ], [ 103.6863356, 1.3729386 ], [ 103.686509, 1.3727086 ], [ 103.6867249, 1.3725671 ], [ 103.6866966, 1.3722487 ], [ 103.6868665, 1.3720399 ], [ 103.6868594, 1.3719444 ], [ 103.6864524, 1.3723548 ], [ 103.6863108, 1.3723124 ], [ 103.6856808, 1.3726945 ], [ 103.685673800000018, 1.3730058 ], [ 103.685872, 1.3730165 ] ] ] } },
{ "type": "Feature", "properties": { "id": 771056773, "name": null, "forest_area_ha": 1.617760731509464, "source_layer": "natural", "source": "OSM" }, "geometry": { "type": "Polygon", "coordinates": [ [ [ 103.6856773, 1.3760168 ], [ 103.6859746, 1.3760345 ], [ 103.6861781, 1.3761271 ], [ 103.6863363, 1.3761802 ], [ 103.6865441, 1.3757351 ], [ 103.6867453, 1.3757847 ], [ 103.6876009, 1.3758276 ], [ 103.6876935, 1.3757351 ], [ 103.687499, 1.3752417 ], [ 103.6874722, 1.3755487 ], [ 103.6872938, 1.3755474 ], [ 103.68728440000001, 1.3755795 ], [ 103.6872509, 1.3756278 ], [ 103.6871839, 1.3756573 ], [ 103.6869887, 1.3756346 ], [ 103.6868159, 1.3756051 ], [ 103.6866391, 1.3755645 ], [ 103.686410400000014, 1.3755513 ], [ 103.6864114, 1.3754761 ], [ 103.686321, 1.37547 ], [ 103.6862203, 1.3754029 ], [ 103.6861228, 1.3752952 ], [ 103.686149200000017, 1.3752637 ], [ 103.6860343, 1.3751144 ], [ 103.6859541, 1.3749894 ], [ 103.685887, 1.3748461 ], [ 103.6858443, 1.374711 ], [ 103.6858118, 1.3745413 ], [ 103.6858006, 1.3743635 ], [ 103.6858077, 1.3742527 ], [ 103.685822900000019, 1.3741247 ], [ 103.6858545, 1.3739632 ], [ 103.6858941, 1.3738382 ], [ 103.6859703, 1.3736746 ], [ 103.686064800000011, 1.3735628 ], [ 103.6861624, 1.3734409 ], [ 103.6862823, 1.3733505 ], [ 103.6864328, 1.3732367 ], [ 103.6865425, 1.3732082 ], [ 103.6867478, 1.373133 ], [ 103.6869531, 1.3730964 ], [ 103.6874429, 1.3731198 ], [ 103.687603100000018, 1.3731137 ], [ 103.6879913, 1.3731568 ], [ 103.6880684, 1.373049 ], [ 103.6873859, 1.3729936 ], [ 103.6873056, 1.3730202 ], [ 103.6866789, 1.372974 ], [ 103.6863391, 1.3731651 ], [ 103.6860702, 1.373342 ], [ 103.6858153, 1.373625 ], [ 103.6857375, 1.3739612 ], [ 103.685695, 1.3743362 ], [ 103.6857198, 1.3748952 ], [ 103.6858012, 1.3751571 ], [ 103.6858189, 1.3754401 ], [ 103.68575875269768, 1.375685064373904 ], [ 103.68612263066818, 1.37564340040056 ], [ 103.68625638754574, 1.375726438106418 ], [ 103.686262403379672, 1.375713223953031 ], [ 103.686256388444235, 1.375726439010834 ], [ 103.686122630668109, 1.375643401304919 ], [ 103.685758752449885, 1.375685065383111 ], [ 103.6856773, 1.3760168 ] ] ] } },
{ "type": "Feature", "properties": { "id": 771056774, "name": null, "forest_area_ha": 0.80337363608210621, "source_layer": "natural", "source": "OSM" }, "geometry": { "type": "Polygon", "coordinates": [ [ [ 103.6862106, 1.3788127 ], [ 103.6855569, 1.3782484 ], [ 103.685406, 1.3784362 ], [ 103.6853593, 1.378875 ], [ 103.6853406, 1.3793839 ], [ 103.6855087, 1.3796127 ], [ 103.6862106, 1.3788127 ] ] ] } },
{ "type": "Feature", "properties": { "id": 771060611, "name": null, "forest_area_ha": 1.3141760036179029, "source_layer": "natural", "source": "OSM" }, "geometry": { "type": "Polygon", "coordinates": [ [ [ 103.6857469, 1.3712558 ], [ 103.6858449, 1.3712861 ], [ 103.6861555, 1.3712861 ], [ 103.6864567, 1.3711787 ], [ 103.6865081, 1.3713631 ], [ 103.6864801, 1.3715312 ], [ 103.6870171, 1.3715242 ], [ 103.6874094, 1.3715149 ], [ 103.6874631, 1.3707726 ], [ 103.6874094, 1.3707936 ], [ 103.68733, 1.3709033 ], [ 103.687360400000017, 1.3709453 ], [ 103.6872786, 1.3710433 ], [ 103.6872203, 1.3710153 ], [ 103.6872086, 1.3709476 ], [ 103.6871806, 1.3709383 ], [ 103.6870918, 1.3709686 ], [ 103.6870241, 1.3709838 ], [ 103.6869424, 1.3709873 ], [ 103.6869552, 1.3710422 ], [ 103.6869366, 1.3711099 ], [ 103.686849, 1.3711099 ], [ 103.6868362, 1.3710422 ], [ 103.6867661, 1.3710538 ], [ 103.6866844, 1.3710422 ], [ 103.6866435, 1.3709663 ], [ 103.686584, 1.3708846 ], [ 103.6865244, 1.3707142 ], [ 103.6865163, 1.3705858 ], [ 103.6864626, 1.3705578 ], [ 103.686373800000013, 1.370552 ], [ 103.6862979, 1.3704434 ], [ 103.6862723, 1.3704142 ], [ 103.6855881, 1.3709185 ], [ 103.6857469, 1.3712558 ] ] ] } },
{ "type": "Feature", "properties": { "id": 771062432, "name": null, "forest_area_ha": 0.8380275432876142, "source_layer": "natural", "source": "OSM" }, "geometry": { "type": "Polygon", "coordinates": [ [ [ 103.6834165, 1.3822411 ], [ 103.6834679, 1.3828994 ], [ 103.683524, 1.3832962 ], [ 103.6836687, 1.3834923 ], [ 103.6839443, 1.3834409 ], [ 103.6837948, 1.3831608 ], [ 103.6837528, 1.3825072 ], [ 103.6838929, 1.3823065 ], [ 103.6838368, 1.3819843 ], [ 103.6839443, 1.3818163 ], [ 103.683920900000018, 1.3815595 ], [ 103.6837855, 1.3815501 ], [ 103.6834399, 1.3818209 ], [ 103.6834165, 1.3822411 ] ] ] } },
{ "type": "Feature", "properties": { "id": 776122511, "name": null, "forest_area_ha": 11.171397894546693, "source_layer": "natural", "source": "OSM" }, "geometry": { "type": "Polygon", "coordinates": [ [ [ 103.7890726, 1.4507729 ], [ 103.7890051, 1.4502252 ], [ 103.7884372, 1.4503286 ], [ 103.7881977, 1.4503027 ], [ 103.7881299, 1.4495661 ], [ 103.7883349, 1.4491475 ], [ 103.788783, 1.4490569 ], [ 103.7890726, 1.4493357 ], [ 103.7892014, 1.4497111 ], [ 103.7891907, 1.4499364 ], [ 103.7894052, 1.4512985 ], [ 103.7898451, 1.4515881 ], [ 103.790006, 1.4517382 ], [ 103.7901017, 1.4517321 ], [ 103.7902097, 1.4516611 ], [ 103.7902821, 1.4515644 ], [ 103.7904835, 1.4510902 ], [ 103.7909395, 1.4498184 ], [ 103.7913692, 1.4485734 ], [ 103.7911642, 1.4483847 ], [ 103.7901496, 1.4480148 ], [ 103.7900868, 1.4478466 ], [ 103.7899763, 1.4474172 ], [ 103.7899607, 1.4470436 ], [ 103.7901261, 1.4464732 ], [ 103.7895054, 1.4462847 ], [ 103.7891707, 1.447368 ], [ 103.7891131, 1.4479984 ], [ 103.789413, 1.448184 ], [ 103.7891714, 1.4490324 ], [ 103.7884187, 1.4488038 ], [ 103.7880862, 1.4494541 ], [ 103.7879143, 1.4498114 ], [ 103.7876745, 1.4499761 ], [ 103.7873546, 1.4504125 ], [ 103.7871621, 1.4509996 ], [ 103.7875813, 1.4510518 ], [ 103.787924600000011, 1.4511162 ], [ 103.7885362, 1.4512663 ], [ 103.7892336, 1.4514486 ], [ 103.7890726, 1.4507729 ] ], [ [ 103.790198769958693, 1.451662043728005 ], [ 103.790206582199872, 1.451652585101709 ], [ 103.790213974696371, 1.451642790724415 ], [ 103.790206582199872, 1.451652585101714 ], [ 103.790198769958707, 1.45166204372801 ], [ 103.790190553009538, 1.451671148397732 ], [ 103.790198769958693, 1.451662043728005 ] ] ] } },
{ "type": "Feature", "properties": { "id": 783288292, "name": null, "forest_area_ha": 1.726968676155165, "source_layer": "natural", "source": "OSM" }, "geometry": { "type": "Polygon", "coordinates": [ [ [ 103.8299645, 1.3785586 ], [ 103.8299297, 1.3781068 ], [ 103.830178500000017, 1.3776154 ], [ 103.8299282, 1.377265 ], [ 103.8295195, 1.3769146 ], [ 103.8289775, 1.3775732 ], [ 103.828689200000014, 1.3777019 ], [ 103.828689200000014, 1.3777931 ], [ 103.8288099, 1.3779218 ], [ 103.8296615, 1.3786283 ], [ 103.8297768, 1.3786391 ], [ 103.8300329, 1.378749 ], [ 103.8299645, 1.3785586 ] ] ] } },
{ "type": "Feature", "properties": { "id": 784338957, "name": null, "forest_area_ha": 0.21547978021872177, "source_layer": "natural", "source": "OSM" }, "geometry": { "type": "Polygon", "coordinates": [ [ [ 103.755772, 1.388984 ], [ 103.7559356, 1.3890055 ], [ 103.756179700000018, 1.3890269 ], [ 103.7574804, 1.3890923 ], [ 103.7575131, 1.3890643 ], [ 103.7571021, 1.3889958 ], [ 103.7568172, 1.3889523 ], [ 103.7566258, 1.3889242 ], [ 103.7561844, 1.3888916 ], [ 103.7557787, 1.3888915 ], [ 103.755772, 1.388984 ] ] ] } },
{ "type": "Feature", "properties": { "id": 784338958, "name": null, "forest_area_ha": 0.18153700873861914, "source_layer": "natural", "source": "OSM" }, "geometry": { "type": "Polygon", "coordinates": [ [ [ 103.7560997, 1.3891931 ], [ 103.7565306, 1.3892479 ], [ 103.7568538, 1.389252 ], [ 103.7570245, 1.3892317 ], [ 103.7570896, 1.3892113 ], [ 103.757055, 1.3891504 ], [ 103.7561728, 1.3891016 ], [ 103.7558313, 1.3890854 ], [ 103.7556301, 1.3890854 ], [ 103.7555386, 1.3890915 ], [ 103.7554939, 1.3891219 ], [ 103.7560997, 1.3891931 ] ] ] } },
{ "type": "Feature", "properties": { "id": 784641008, "name": null, "forest_area_ha": 0.45788511852351083, "source_layer": "natural", "source": "OSM" }, "geometry": { "type": "Polygon", "coordinates": [ [ [ 103.7583275, 1.3888171 ], [ 103.7587016, 1.3889086 ], [ 103.7589739, 1.3889756 ], [ 103.7592321, 1.3890508 ], [ 103.7597037, 1.389187 ], [ 103.759726, 1.3891341 ], [ 103.7592606, 1.3889614 ], [ 103.7587097, 1.3887501 ], [ 103.7584698, 1.3886139 ], [ 103.7583357, 1.3885265 ], [ 103.7582361, 1.3884615 ], [ 103.7581771, 1.3884005 ], [ 103.758108, 1.3883314 ], [ 103.7579189, 1.3880937 ], [ 103.7578905, 1.388114 ], [ 103.7579311, 1.3882908 ], [ 103.7579332, 1.3884208 ], [ 103.757925, 1.388557 ], [ 103.7578946, 1.3887277 ], [ 103.7583275, 1.3888171 ] ] ] } },
{ "type": "Feature", "properties": { "id": 787001348, "name": null, "forest_area_ha": 0.32782223335357524, "source_layer": "natural", "source": "OSM" }, "geometry": { "type": "Polygon", "coordinates": [ [ [ 103.8950137, 1.2959532 ], [ 103.895168, 1.2959988 ], [ 103.8958443, 1.2962094 ], [ 103.8955719, 1.2960028 ], [ 103.8955665, 1.2959572 ], [ 103.8955464, 1.2958955 ], [ 103.8943334, 1.2955427 ], [ 103.8942811, 1.2956809 ], [ 103.8950137, 1.2959532 ] ] ] } },
{ "type": "Feature", "properties": { "id": 787859485, "name": null, "forest_area_ha": 0.018403846218419062, "source_layer": "natural", "source": "OSM" }, "geometry": { "type": "Polygon", "coordinates": [ [ [ 103.747085, 1.3864171 ], [ 103.7470977, 1.3864165 ], [ 103.7471073, 1.3864104 ], [ 103.7471119, 1.3863952 ], [ 103.747109400000014, 1.3863825 ], [ 103.7470942, 1.3863651 ], [ 103.7470995, 1.386312 ], [ 103.7470872, 1.3862907 ], [ 103.7470707, 1.3862756 ], [ 103.7470392, 1.3862568 ], [ 103.7470127, 1.3862552 ], [ 103.7469896, 1.3862612 ], [ 103.7469371, 1.3862982 ], [ 103.747085, 1.3864171 ] ] ] } },
{ "type": "Feature", "properties": { "id": 787860520, "name": null, "forest_area_ha": 0.17898595372574164, "source_layer": "natural", "source": "OSM" }, "geometry": { "type": "Polygon", "coordinates": [ [ [ 103.7466641, 1.3854431 ], [ 103.7466212, 1.3857178 ], [ 103.7467783, 1.3857447 ], [ 103.7467521, 1.3855281 ], [ 103.7467237, 1.3854082 ], [ 103.7466637, 1.3852771 ], [ 103.7466393, 1.3851999 ], [ 103.7466108, 1.3850058 ], [ 103.7466058, 1.3849733 ], [ 103.746506, 1.3849577 ], [ 103.7464428, 1.3850808 ], [ 103.7463809, 1.3852466 ], [ 103.7463321, 1.3853889 ], [ 103.7466641, 1.3854431 ] ] ] } },
{ "type": "Feature", "properties": { "id": 796423781, "name": null, "forest_area_ha": 0.99574484881271186, "source_layer": "natural", "source": "OSM" }, "geometry": { "type": "Polygon", "coordinates": [ [ [ 103.7249601, 1.3771281 ], [ 103.72511830000002, 1.3766427 ], [ 103.7234312, 1.3766079 ], [ 103.7234339, 1.3771281 ], [ 103.7249601, 1.3771281 ] ] ] } },
{ "type": "Feature", "properties": { "id": 807445606, "name": null, "forest_area_ha": 0.54549776350153656, "source_layer": "natural", "source": "OSM" }, "geometry": { "type": "Polygon", "coordinates": [ [ [ 103.7791427, 1.3652178 ], [ 103.7794639, 1.3652686 ], [ 103.7796225, 1.3643074 ], [ 103.779718, 1.3637343 ], [ 103.77981560000002, 1.3632425 ], [ 103.7799558, 1.3626918 ], [ 103.7799192, 1.3626796 ], [ 103.7797546, 1.363145 ], [ 103.7796204, 1.3635392 ], [ 103.7794924, 1.3640046 ], [ 103.7795188, 1.3640595 ], [ 103.779407, 1.3644476 ], [ 103.7793521, 1.3645086 ], [ 103.7792403, 1.3649191 ], [ 103.779222, 1.3649861 ], [ 103.7791935, 1.3650512 ], [ 103.7791529, 1.365104 ], [ 103.7791, 1.3651589 ], [ 103.7791427, 1.3652178 ] ] ] } },
{ "type": "Feature", "properties": { "id": 807529457, "name": null, "forest_area_ha": 0.18860301068523366, "source_layer": "natural", "source": "OSM" }, "geometry": { "type": "Polygon", "coordinates": [ [ [ 103.776606, 1.3757404 ], [ 103.7766623, 1.3758101 ], [ 103.7766986, 1.3758718 ], [ 103.7767348, 1.3759643 ], [ 103.7767576, 1.3760568 ], [ 103.7767616, 1.3761413 ], [ 103.7767562, 1.3762419 ], [ 103.7767388, 1.376329 ], [ 103.7766449, 1.37675 ], [ 103.7766717, 1.3767567 ], [ 103.7769762, 1.3755742 ], [ 103.7765725, 1.3755956 ], [ 103.7765443, 1.3756922 ], [ 103.776606, 1.3757404 ] ] ] } },
{ "type": "Feature", "properties": { "id": 807531018, "name": null, "forest_area_ha": 0.054100669409415388, "source_layer": "natural", "source": "OSM" }, "geometry": { "type": "Polygon", "coordinates": [ [ [ 103.7770302, 1.3753702 ], [ 103.7771815, 1.374874 ], [ 103.777150500000019, 1.3748678 ], [ 103.7770939, 1.3750138 ], [ 103.7770532, 1.3751004 ], [ 103.7770151, 1.3751703 ], [ 103.7769735, 1.3752243 ], [ 103.776916, 1.3752862 ], [ 103.77687, 1.3753234 ], [ 103.7768267, 1.3753508 ], [ 103.7768284, 1.3753879 ], [ 103.7770302, 1.3753702 ] ] ] } },
{ "type": "Feature", "properties": { "id": 807765414, "name": null, "forest_area_ha": 0.85757023412541444, "source_layer": "natural", "source": "OSM" }, "geometry": { "type": "Polygon", "coordinates": [ [ [ 103.7779841, 1.3753135 ], [ 103.778106, 1.3752993 ], [ 103.7782219, 1.3752749 ], [ 103.7783174, 1.3752241 ], [ 103.778413, 1.3751631 ], [ 103.7784841, 1.3750819 ], [ 103.7785329, 1.3749742 ], [ 103.7785532, 1.3748847 ], [ 103.7785553, 1.3747994 ], [ 103.778537, 1.3747181 ], [ 103.7784841, 1.374586 ], [ 103.7783926, 1.3744844 ], [ 103.7782991, 1.3744275 ], [ 103.7782199, 1.3744112 ], [ 103.7781121, 1.3744052 ], [ 103.7780085, 1.3744295 ], [ 103.7778987, 1.3745088 ], [ 103.7778296, 1.3745657 ], [ 103.7777706, 1.3746551 ], [ 103.777608, 1.3749803 ], [ 103.7774739, 1.375346 ], [ 103.7779841, 1.3753135 ] ] ] } },
{ "type": "Feature", "properties": { "id": 808049523, "name": null, "forest_area_ha": 0.35548489406021988, "source_layer": "natural", "source": "OSM" }, "geometry": { "type": "Polygon", "coordinates": [ [ [ 103.7776263, 1.3746571 ], [ 103.777693400000018, 1.3745271 ], [ 103.7777849, 1.3744316 ], [ 103.7779556, 1.3743218 ], [ 103.7780999, 1.3742751 ], [ 103.7782504, 1.3742771 ], [ 103.778291, 1.3741816 ], [ 103.7782077, 1.3741105 ], [ 103.7781243, 1.3739987 ], [ 103.7780572, 1.3738463 ], [ 103.7780085, 1.3736898 ], [ 103.7779942, 1.3735273 ], [ 103.777917, 1.3734947 ], [ 103.7775836, 1.374649 ], [ 103.7776263, 1.3746571 ] ] ] } },
{ "type": "Feature", "properties": { "id": 810175784, "name": null, "forest_area_ha": 1.7122569071295037, "source_layer": "natural", "source": "OSM" }, "geometry": { "type": "Polygon", "coordinates": [ [ [ 103.7702026, 1.3666746 ], [ 103.7707122, 1.3670861 ], [ 103.7707982, 1.367173 ], [ 103.7710807, 1.3669895 ], [ 103.77133, 1.3668025 ], [ 103.7714084, 1.3667282 ], [ 103.7715462, 1.3665972 ], [ 103.7718106, 1.3662416 ], [ 103.771837548551147, 1.366178258692919 ], [ 103.771826089712803, 1.36619909374094 ], [ 103.771806758290211, 1.366228044717855 ], [ 103.771785023093543, 1.366255213942515 ], [ 103.771761045391614, 1.366280399827237 ], [ 103.771735003091919, 1.36630341550014 ], [ 103.771707089420701, 1.366324090191675 ], [ 103.77167751148923, 1.366342270501694 ], [ 103.771646488757057, 1.366357821537618 ], [ 103.771677511489216, 1.36634227050169 ], [ 103.771707089420701, 1.366324090191672 ], [ 103.771735003091919, 1.366303415500137 ], [ 103.771761045391614, 1.366280399827234 ], [ 103.771785023093543, 1.366255213942512 ], [ 103.771806758290197, 1.366228044717851 ], [ 103.771826089712803, 1.366199093740936 ], [ 103.771837548551147, 1.366178258692912 ], [ 103.7718437, 1.3661638 ], [ 103.7706984, 1.365623 ], [ 103.7702372, 1.3666028 ], [ 103.7702026, 1.3666746 ] ], [ [ 103.771630081732482, 1.366366064971658 ], [ 103.771614457972944, 1.366375727655613 ], [ 103.771599738372103, 1.366386734821483 ], [ 103.771586036827429, 1.366399001297923 ], [ 103.77157399236053, 1.366411863002523 ], [ 103.771586036827415, 1.366399001297923 ], [ 103.771599738372103, 1.366386734821483 ], [ 103.77161445797293, 1.366375727655612 ], [ 103.771630081732482, 1.366366064971655 ], [ 103.771646488757057, 1.366357821537618 ], [ 103.771630081732482, 1.366366064971658 ] ], [ [ 103.771526352769371, 1.366511125582763 ], [ 103.771530494920853, 1.36649314646789 ], [ 103.771536190921097, 1.366475603270599 ], [ 103.771530494920853, 1.36649314646789 ], [ 103.771526352769385, 1.366511125582764 ], [ 103.771523796517855, 1.366529401496263 ], [ 103.771526352769371, 1.366511125582763 ] ], [ [ 103.771552056487224, 1.366442363188972 ], [ 103.771543468845493, 1.366458496193646 ], [ 103.771552056487209, 1.366442363188973 ], [ 103.771561801888524, 1.36642738669403 ], [ 103.771552056487224, 1.366442363188972 ] ] ] } },
{ "type": "Feature", "properties": { "id": 815417723, "name": null, "forest_area_ha": 0.046257112615165553, "source_layer": "natural", "source": "OSM" }, "geometry": { "type": "Polygon", "coordinates": [ [ [ 103.7533184, 1.4040231 ], [ 103.7533839, 1.4040567 ], [ 103.7535325, 1.4040036 ], [ 103.7535485, 1.4039453 ], [ 103.7535325, 1.4039028 ], [ 103.7534795, 1.4038656 ], [ 103.7533804, 1.4038568 ], [ 103.7533025, 1.4039063 ], [ 103.7532901, 1.4039576 ], [ 103.7533184, 1.4040231 ] ] ] } },
{ "type": "Feature", "properties": { "id": 815417724, "name": null, "forest_area_ha": 0.080314301350927805, "source_layer": "natural", "source": "OSM" }, "geometry": { "type": "Polygon", "coordinates": [ [ [ 103.7536635, 1.4048475 ], [ 103.753695400000012, 1.4049094 ], [ 103.7537378, 1.4049236 ], [ 103.7538139, 1.40492 ], [ 103.7539342, 1.4048829 ], [ 103.753959, 1.4048068 ], [ 103.7539413, 1.4047396 ], [ 103.7538935, 1.4046723 ], [ 103.7538033, 1.4046547 ], [ 103.7537237, 1.4046741 ], [ 103.753667, 1.4047077 ], [ 103.7536529, 1.4047573 ], [ 103.7536635, 1.4048475 ] ] ] } },
{ "type": "Feature", "properties": { "id": 815419192, "name": null, "forest_area_ha": 0.020191021730549649, "source_layer": "natural", "source": "OSM" }, "geometry": { "type": "Polygon", "coordinates": [ [ [ 103.7529032, 1.4020308 ], [ 103.75286, 1.4020518 ], [ 103.752825, 1.4020938 ], [ 103.7528226, 1.4021382 ], [ 103.752843100000021, 1.4021761 ], [ 103.7528845, 1.4021878 ], [ 103.7529137, 1.4021778 ], [ 103.7529732, 1.40213 ], [ 103.7529668, 1.402081 ], [ 103.7529032, 1.4020308 ] ] ] } },
{ "type": "Feature", "properties": { "id": 815419193, "name": null, "forest_area_ha": 0.10665140565480895, "source_layer": "natural", "source": "OSM" }, "geometry": { "type": "Polygon", "coordinates": [ [ [ 103.7534063, 1.4024283 ], [ 103.7534612, 1.4023897 ], [ 103.7534612, 1.4023227 ], [ 103.7534307, 1.4023044 ], [ 103.7534307, 1.4022556 ], [ 103.753476, 1.4022257 ], [ 103.7534328, 1.4020848 ], [ 103.7533758, 1.4020547 ], [ 103.7533381, 1.4020139 ], [ 103.7533381, 1.4019623 ], [ 103.7533389, 1.4018961 ], [ 103.7532495, 1.4018699 ], [ 103.7531771, 1.4019269 ], [ 103.753152500000013, 1.4019639 ], [ 103.7531594, 1.4020139 ], [ 103.7532133, 1.4020139 ], [ 103.753248, 1.4020193 ], [ 103.7532588, 1.4020563 ], [ 103.7532318, 1.4021109 ], [ 103.7532079, 1.4021725 ], [ 103.7532303, 1.402248 ], [ 103.753279500000019, 1.4022804 ], [ 103.7533597, 1.4022773 ], [ 103.75339120000001, 1.4023219 ], [ 103.7533373, 1.4023589 ], [ 103.7533392, 1.4024019 ], [ 103.7534063, 1.4024283 ] ] ] } },
{ "type": "Feature", "properties": { "id": 815419194, "name": null, "forest_area_ha": 0.062642834946419271, "source_layer": "natural", "source": "OSM" }, "geometry": { "type": "Polygon", "coordinates": [ [ [ 103.7535221, 1.4028795 ], [ 103.753577, 1.4028368 ], [ 103.7535628, 1.4028022 ], [ 103.7535282, 1.4026966 ], [ 103.7535791, 1.4026417 ], [ 103.7535811, 1.4026092 ], [ 103.7535547, 1.4025584 ], [ 103.7534571, 1.4025746 ], [ 103.7533453, 1.4026133 ], [ 103.7533006, 1.4026681 ], [ 103.7533148, 1.4027189 ], [ 103.7533473, 1.4027413 ], [ 103.7534368, 1.4027494 ], [ 103.7534774, 1.4028591 ], [ 103.7535221, 1.4028795 ] ] ] } },
{ "type": "Feature", "properties": { "id": 815419195, "name": null, "forest_area_ha": 0.043688918010590626, "source_layer": "natural", "source": "OSM" }, "geometry": { "type": "Polygon", "coordinates": [ [ [ 103.7535343, 1.4031436 ], [ 103.7535384, 1.4031843 ], [ 103.7536644, 1.4033692 ], [ 103.7537153, 1.4033916 ], [ 103.7537986, 1.4033245 ], [ 103.7537173, 1.403227 ], [ 103.753638, 1.4031355 ], [ 103.753577, 1.403101 ], [ 103.7535343, 1.4031436 ] ] ] } },
{ "type": "Feature", "properties": { "id": 824177558, "name": null, "forest_area_ha": 0.038357095532068654, "source_layer": "natural", "source": "OSM" }, "geometry": { "type": "Polygon", "coordinates": [ [ [ 103.7321351, 1.4116601 ], [ 103.7322213, 1.4116647 ], [ 103.7322907, 1.4115923 ], [ 103.7322968, 1.4115415 ], [ 103.732209, 1.4114614 ], [ 103.7321443, 1.4114645 ], [ 103.7320765, 1.4115692 ], [ 103.7321351, 1.4116601 ] ] ] } },
{ "type": "Feature", "properties": { "id": 824750765, "name": null, "forest_area_ha": 1.7371762972891829, "source_layer": "natural", "source": "OSM" }, "geometry": { "type": "Polygon", "coordinates": [ [ [ 103.792101100000011, 1.3491445 ], [ 103.792275500000017, 1.3491874 ], [ 103.7926054, 1.349233 ], [ 103.7929729, 1.3492222 ], [ 103.7932196, 1.3491525 ], [ 103.7933886, 1.3490426 ], [ 103.793512, 1.3489219 ], [ 103.7935898, 1.3487744 ], [ 103.793619300000017, 1.3486055 ], [ 103.7936032, 1.3484339 ], [ 103.7935495, 1.3482971 ], [ 103.7934664, 1.3481979 ], [ 103.79336450000001, 1.3481094 ], [ 103.793246400000015, 1.3480504 ], [ 103.7931311, 1.3480129 ], [ 103.7929836, 1.3480102 ], [ 103.792879, 1.3480477 ], [ 103.79271, 1.3481282 ], [ 103.7925678, 1.3482247 ], [ 103.7924203, 1.3483829 ], [ 103.792301, 1.3485277 ], [ 103.7919201, 1.3491002 ], [ 103.792101100000011, 1.3491445 ] ] ] } },
{ "type": "Feature", "properties": { "id": 833510735, "name": null, "forest_area_ha": 0.082092401447099589, "source_layer": "natural", "source": "OSM" }, "geometry": { "type": "Polygon", "coordinates": [ [ [ 103.7338595, 1.4397013 ], [ 103.733892, 1.4397216 ], [ 103.733941800000011, 1.43975 ], [ 103.7339896, 1.4397633 ], [ 103.7340384, 1.4397663 ], [ 103.7340862, 1.4397582 ], [ 103.7341319, 1.43975 ], [ 103.7342132, 1.4397185 ], [ 103.7343484, 1.4396373 ], [ 103.7343639, 1.4396121 ], [ 103.7343504, 1.439595 ], [ 103.7337769, 1.4396057 ], [ 103.7338595, 1.4397013 ] ] ] } },
{ "type": "Feature", "properties": { "id": 840206671, "name": null, "forest_area_ha": 2.1646188689727586, "source_layer": "natural", "source": "OSM" }, "geometry": { "type": "Polygon", "coordinates": [ [ [ 103.7539555, 1.4331223 ], [ 103.7543102, 1.4332138 ], [ 103.754448100000019, 1.4325284 ], [ 103.754429200000018, 1.4324695 ], [ 103.7544156, 1.4324271 ], [ 103.7545802, 1.4315355 ], [ 103.7545501, 1.4314859 ], [ 103.754435, 1.4314258 ], [ 103.754104100000021, 1.4313532 ], [ 103.7539732, 1.4313055 ], [ 103.7538546, 1.4312843 ], [ 103.7537732, 1.4313267 ], [ 103.753729, 1.4314293 ], [ 103.753674100000012, 1.431654 ], [ 103.7535856, 1.4320786 ], [ 103.7535219, 1.4321511 ], [ 103.7534759, 1.432167 ], [ 103.7533963, 1.4321564 ], [ 103.7533202, 1.4322307 ], [ 103.7532494, 1.4323439 ], [ 103.7532016, 1.4325633 ], [ 103.7532246, 1.4327349 ], [ 103.7532227, 1.4328072 ], [ 103.7532202, 1.4329024 ], [ 103.7539555, 1.4331223 ] ] ] } },
{ "type": "Feature", "properties": { "id": 849489282, "name": null, "forest_area_ha": 0.045724313529631931, "source_layer": "natural", "source": "OSM" }, "geometry": { "type": "Polygon", "coordinates": [ [ [ 103.7779757, 1.3423225 ], [ 103.7778683, 1.3423162 ], [ 103.7778082, 1.342424 ], [ 103.7777937, 1.3424694 ], [ 103.7777035, 1.3425428 ], [ 103.7776398, 1.342649 ], [ 103.7775993, 1.3427677 ], [ 103.7776161, 1.3427866 ], [ 103.7779757, 1.3423225 ] ] ] } },
{ "type": "Feature", "properties": { "id": 852775715, "name": null, "forest_area_ha": 0.41551639320273343, "source_layer": "natural", "source": "OSM" }, "geometry": { "type": "Polygon", "coordinates": [ [ [ 103.7660623, 1.3330503 ], [ 103.7661146, 1.3329148 ], [ 103.7661856, 1.3327982 ], [ 103.7662876, 1.3326695 ], [ 103.7664096, 1.3325649 ], [ 103.7664056, 1.3324724 ], [ 103.7659201, 1.3325528 ], [ 103.7654346, 1.3326588 ], [ 103.764929, 1.332817 ], [ 103.7649505, 1.3328666 ], [ 103.7652455, 1.3328009 ], [ 103.765448, 1.3327808 ], [ 103.7655714, 1.3328049 ], [ 103.7656827, 1.3328398 ], [ 103.7657753, 1.332884 ], [ 103.7658705, 1.3329524 ], [ 103.7659509, 1.3330797 ], [ 103.766022, 1.3332822 ], [ 103.7660623, 1.3330503 ] ] ] } },
{ "type": "Feature", "properties": { "id": 852775716, "name": null, "forest_area_ha": 0.81109997198760131, "source_layer": "natural", "source": "OSM" }, "geometry": { "type": "Polygon", "coordinates": [ [ [ 103.7654775, 1.3337675 ], [ 103.7655164, 1.3338668 ], [ 103.7656465, 1.3338145 ], [ 103.7657779, 1.3337407 ], [ 103.7658638, 1.3336147 ], [ 103.7659188, 1.3334485 ], [ 103.7659268, 1.3332862 ], [ 103.7658772, 1.33312 ], [ 103.7657994, 1.3330221 ], [ 103.7656412, 1.3329189 ], [ 103.765452100000019, 1.3328679 ], [ 103.7652482, 1.3328813 ], [ 103.7650873, 1.3329095 ], [ 103.7651369, 1.3337448 ], [ 103.7654775, 1.3337675 ] ] ] } },
{ "type": "Feature", "properties": { "id": 863261572, "name": null, "forest_area_ha": 10.016934823531731, "source_layer": "natural", "source": "OSM" }, "geometry": { "type": "MultiPolygon", "coordinates": [ [ [ [ 103.853866265937398, 1.292835939163431 ], [ 103.853867411747103, 1.292836764694175 ], [ 103.853871656471156, 1.292840414830794 ], [ 103.8549175, 1.2913866 ], [ 103.853866265937398, 1.292835939163431 ] ] ], [ [ [ 103.8334568, 1.3223833 ], [ 103.8335976, 1.3221446 ], [ 103.8338779, 1.3221808 ], [ 103.8339007, 1.3220374 ], [ 103.833691500000015, 1.3219703 ], [ 103.8334782, 1.3211887 ], [ 103.853871656471156, 1.292840414830794 ], [ 103.853867411747103, 1.292836764694176 ], [ 103.853866265937398, 1.292835939163431 ], [ 103.833087100000014, 1.3214838 ], [ 103.8330156, 1.3216137 ], [ 103.8328895, 1.3216874 ], [ 103.8326441, 1.3217116 ], [ 103.8324684, 1.3224101 ], [ 103.8322337, 1.3227359 ], [ 103.8317053, 1.3227493 ], [ 103.8318756, 1.3229276 ], [ 103.8320473, 1.3229102 ], [ 103.832007, 1.3229799 ], [ 103.8321479, 1.3230765 ], [ 103.8322967, 1.3229638 ], [ 103.8323557, 1.3230094 ], [ 103.8321599, 1.323287 ], [ 103.8320661, 1.3234264 ], [ 103.8320526, 1.3235993 ], [ 103.8319373, 1.3235162 ], [ 103.8314505, 1.3235015 ], [ 103.8313942, 1.323704 ], [ 103.8322069, 1.3240378 ], [ 103.8327098, 1.3238179 ], [ 103.8331, 1.3246009 ], [ 103.8334876, 1.3246384 ], [ 103.8343647, 1.3244373 ], [ 103.8345283, 1.3237455 ], [ 103.8341193, 1.3236771 ], [ 103.8339942, 1.3231584 ], [ 103.8341501, 1.3231381 ], [ 103.8342641, 1.3230268 ], [ 103.8344197, 1.3229665 ], [ 103.8345283, 1.3229974 ], [ 103.8346316, 1.3231261 ], [ 103.8347831, 1.3233982 ], [ 103.8354416, 1.3229343 ], [ 103.8344935, 1.3226327 ], [ 103.8344049, 1.3225723 ], [ 103.834172900000013, 1.3222827 ], [ 103.8340951, 1.3223779 ], [ 103.834181, 1.3224798 ], [ 103.8340361, 1.3225924 ], [ 103.8341542, 1.3226648 ], [ 103.8342051, 1.3228834 ], [ 103.8339166, 1.3230105 ], [ 103.8334957, 1.3226997 ], [ 103.8334568, 1.3223833 ] ], [ [ 103.847321181885675, 1.301937466445519 ], [ 103.847321519543129, 1.301935538584786 ], [ 103.8473218753673, 1.301933614036785 ], [ 103.847322249326126, 1.301931692974924 ], [ 103.847321875367314, 1.301933614036786 ], [ 103.847321519543144, 1.301935538584788 ], [ 103.847321181885675, 1.301937466445519 ] ] ] ] } },
{ "type": "Feature", "properties": { "id": 863261574, "name": null, "forest_area_ha": 4.1481774106754417, "source_layer": "natural", "source": "OSM" }, "geometry": { "type": "Polygon", "coordinates": [ [ [ 103.828992200000016, 1.3222077 ], [ 103.828992200000016, 1.3225026 ], [ 103.829003, 1.3227024 ], [ 103.8291156, 1.3228016 ], [ 103.829334200000019, 1.3229665 ], [ 103.8290365, 1.3232937 ], [ 103.8290955, 1.3234894 ], [ 103.8292363, 1.323716 ], [ 103.8293235, 1.3237844 ], [ 103.8294348, 1.3238246 ], [ 103.8302904, 1.3238125 ], [ 103.8301268, 1.3235578 ], [ 103.83002620000002, 1.3230268 ], [ 103.830387, 1.3229491 ], [ 103.830489, 1.323169 ], [ 103.8310522, 1.3232306 ], [ 103.8313808, 1.3232762 ], [ 103.8315229, 1.3231019 ], [ 103.831331800000015, 1.322996 ], [ 103.8313794, 1.3228599 ], [ 103.8314947, 1.3227379 ], [ 103.831649, 1.3226602 ], [ 103.8316094, 1.3225609 ], [ 103.8314491, 1.3225723 ], [ 103.8314129, 1.3223122 ], [ 103.8316168, 1.3222559 ], [ 103.8316731, 1.3221326 ], [ 103.8321331, 1.3223323 ], [ 103.8320875, 1.3225629 ], [ 103.8318025, 1.3225971 ], [ 103.8318066, 1.3226548 ], [ 103.8318709, 1.3226518 ], [ 103.83187030000002, 1.3226762 ], [ 103.8321606, 1.3226669 ], [ 103.8321975, 1.32264 ], [ 103.832292, 1.3223605 ], [ 103.8322666, 1.3221547 ], [ 103.8322283, 1.3220159 ], [ 103.8320141, 1.3213658 ], [ 103.8318595, 1.3208964 ], [ 103.831716, 1.3210673 ], [ 103.83133380000001, 1.3215225 ], [ 103.831134, 1.3215802 ], [ 103.8310964, 1.3219945 ], [ 103.8308389, 1.3219422 ], [ 103.8310924, 1.3226447 ], [ 103.8312976, 1.3226353 ], [ 103.8312259, 1.3228036 ], [ 103.8305895, 1.3228257 ], [ 103.8304051, 1.3227265 ], [ 103.8299364, 1.3228043 ], [ 103.8297701, 1.3226488 ], [ 103.8294858, 1.3218738 ], [ 103.8289225, 1.3220669 ], [ 103.828992200000016, 1.3222077 ] ] ] } },
{ "type": "Feature", "properties": { "id": 867325544, "name": null, "forest_area_ha": 0.95053674904289875, "source_layer": "natural", "source": "OSM" }, "geometry": { "type": "Polygon", "coordinates": [ [ [ 103.8149885, 1.3248718 ], [ 103.8150152, 1.3250608 ], [ 103.8151896, 1.3250353 ], [ 103.8153023, 1.3249093 ], [ 103.8155638, 1.3248744 ], [ 103.8155758, 1.3249843 ], [ 103.816363100000018, 1.3249227 ], [ 103.8167024, 1.3250795 ], [ 103.8167305, 1.3252833 ], [ 103.8172218, 1.3252945 ], [ 103.8171878, 1.3249669 ], [ 103.8169986, 1.3249872 ], [ 103.8169384, 1.324558 ], [ 103.8164993, 1.3245949 ], [ 103.8154225, 1.3246821 ], [ 103.8151827, 1.3247834 ], [ 103.8149885, 1.3248718 ] ] ] } },
{ "type": "Feature", "properties": { "id": 875753358, "name": null, "forest_area_ha": 3.3589813505653088, "source_layer": "natural", "source": "OSM" }, "geometry": { "type": "Polygon", "coordinates": [ [ [ 103.7287044, 1.392818 ], [ 103.7288531, 1.3929268 ], [ 103.7290829, 1.3930034 ], [ 103.7291929, 1.3938208 ], [ 103.7288711, 1.3938402 ], [ 103.7288971, 1.3941333 ], [ 103.7288952, 1.3943862 ], [ 103.7288713, 1.3951595 ], [ 103.7288432, 1.3954671 ], [ 103.7287944, 1.3958635 ], [ 103.728911400000015, 1.3958765 ], [ 103.7291801, 1.3959459 ], [ 103.7291956, 1.3958102 ], [ 103.7292646, 1.395205 ], [ 103.729282, 1.3946916 ], [ 103.7292841, 1.3943147 ], [ 103.7292711, 1.3939139 ], [ 103.7291693, 1.3931341 ], [ 103.7292516, 1.3931817 ], [ 103.7295333, 1.3934828 ], [ 103.729513800000021, 1.3935305 ], [ 103.7295568, 1.3935727 ], [ 103.7298416, 1.3938523 ], [ 103.7298757, 1.3938857 ], [ 103.7298952, 1.3938424 ], [ 103.730251600000017, 1.394192 ], [ 103.7302737, 1.3941621 ], [ 103.7303004, 1.3941262 ], [ 103.730951600000012, 1.3948107 ], [ 103.7314283, 1.3953306 ], [ 103.7320006, 1.3959658 ], [ 103.7321536, 1.3958419 ], [ 103.732049, 1.3957069 ], [ 103.7319645, 1.3957004 ], [ 103.7317543, 1.3955076 ], [ 103.7316438, 1.3954058 ], [ 103.7316092, 1.3952433 ], [ 103.731373, 1.3950873 ], [ 103.731334, 1.3950158 ], [ 103.731321, 1.3949422 ], [ 103.7313166, 1.3946931 ], [ 103.7311823, 1.3946411 ], [ 103.7311713, 1.3943437 ], [ 103.7310825, 1.3942977 ], [ 103.7306718, 1.3943069 ], [ 103.7305002, 1.3939362 ], [ 103.730373, 1.3939546 ], [ 103.7300819, 1.3935502 ], [ 103.7302934, 1.393345 ], [ 103.7302443, 1.3931458 ], [ 103.7301524, 1.3931458 ], [ 103.729882700000019, 1.3927476 ], [ 103.7298429, 1.3925423 ], [ 103.7295456, 1.3924902 ], [ 103.7294598, 1.3922911 ], [ 103.7291229, 1.3924819 ], [ 103.7291759, 1.3925838 ], [ 103.7290639, 1.3926448 ], [ 103.7290117, 1.3925468 ], [ 103.7288148, 1.3926327 ], [ 103.7286585, 1.3926802 ], [ 103.7287044, 1.392818 ] ] ] } },
{ "type": "Feature", "properties": { "id": 878088119, "name": null, "forest_area_ha": 0.46782633431509596, "source_layer": "natural", "source": "OSM" }, "geometry": { "type": "Polygon", "coordinates": [ [ [ 103.7707536, 1.2960631 ], [ 103.7707408, 1.2957864 ], [ 103.7706668, 1.2955964 ], [ 103.7705369, 1.2956469 ], [ 103.769899400000014, 1.2955952 ], [ 103.7698717, 1.2959365 ], [ 103.7699962, 1.2960095 ], [ 103.7707358, 1.2961543 ], [ 103.7707536, 1.2960631 ] ] ] } },
{ "type": "Feature", "properties": { "id": 878604914, "name": null, "forest_area_ha": 17.024943903438075, "source_layer": "natural", "source": "OSM" }, "geometry": { "type": "Polygon", "coordinates": [ [ [ 103.7681157, 1.404123 ], [ 103.7676661, 1.4041365 ], [ 103.7673065, 1.4041814 ], [ 103.7669559, 1.4041859 ], [ 103.7668435, 1.4043747 ], [ 103.7669469, 1.4046398 ], [ 103.767122200000017, 1.4049589 ], [ 103.7670862, 1.4052016 ], [ 103.767275, 1.4054128 ], [ 103.7676976, 1.4056959 ], [ 103.7687361, 1.4062038 ], [ 103.7695093, 1.4066846 ], [ 103.7698644, 1.4071161 ], [ 103.7700398, 1.4073003 ], [ 103.7705612, 1.4074127 ], [ 103.7709658, 1.4072913 ], [ 103.7711816, 1.4070981 ], [ 103.771455800000012, 1.4066532 ], [ 103.7716042, 1.4061049 ], [ 103.7714648, 1.405624 ], [ 103.7714603, 1.4051791 ], [ 103.771694100000019, 1.4047297 ], [ 103.7717795, 1.4041769 ], [ 103.771802, 1.4038488 ], [ 103.7720335, 1.402959 ], [ 103.77194080000001, 1.4019051 ], [ 103.771767, 1.4013585 ], [ 103.7718382, 1.4010126 ], [ 103.771819500000021, 1.4006127 ], [ 103.7716112, 1.3998669 ], [ 103.7711857, 1.3994714 ], [ 103.771047900000013, 1.3993995 ], [ 103.7707634, 1.3994445 ], [ 103.7706468, 1.3993387 ], [ 103.7706916, 1.398973 ], [ 103.7702515, 1.3991519 ], [ 103.7693468, 1.3992469 ], [ 103.7700739, 1.3995929 ], [ 103.7704749, 1.4001277 ], [ 103.7706399, 1.4006819 ], [ 103.7706294, 1.401144 ], [ 103.7704223, 1.4016258 ], [ 103.7706199, 1.4019746 ], [ 103.7708804, 1.4020267 ], [ 103.7709966, 1.4012376 ], [ 103.7708768, 1.400562 ], [ 103.770811, 1.4000075 ], [ 103.7710213, 1.3996536 ], [ 103.7711, 1.3997637 ], [ 103.7709879, 1.4000019 ], [ 103.7709974, 1.4004244 ], [ 103.7711242, 1.4004603 ], [ 103.7712935, 1.4013504 ], [ 103.7711347, 1.4020613 ], [ 103.7712547, 1.4031792 ], [ 103.771294, 1.4036691 ], [ 103.7707141, 1.4045859 ], [ 103.7700757, 1.4049589 ], [ 103.7696621, 1.4050757 ], [ 103.7683854, 1.4042848 ], [ 103.7681157, 1.404123 ] ] ] } },
{ "type": "Feature", "properties": { "id": 884097564, "name": null, "forest_area_ha": 2.4781012228971289, "source_layer": "natural", "source": "OSM" }, "geometry": { "type": "Polygon", "coordinates": [ [ [ 103.8735311, 1.2933452 ], [ 103.8724384, 1.2939708 ], [ 103.871962, 1.2940969 ], [ 103.8710047, 1.2940969 ], [ 103.8697998, 1.2937701 ], [ 103.8691565, 1.2936667 ], [ 103.8690665, 1.2941001 ], [ 103.8694262, 1.2939802 ], [ 103.869739100000018, 1.2939615 ], [ 103.870392900000013, 1.2940875 ], [ 103.8708926, 1.2942183 ], [ 103.871411, 1.2943397 ], [ 103.8721815, 1.2943677 ], [ 103.8732556, 1.2943677 ], [ 103.8739468, 1.2940315 ], [ 103.8741289, 1.2932892 ], [ 103.8741055, 1.2930137 ], [ 103.8735311, 1.2933452 ] ] ] } },
{ "type": "Feature", "properties": { "id": 884097565, "name": null, "forest_area_ha": 1.2575763934514972, "source_layer": "natural", "source": "OSM" }, "geometry": { "type": "Polygon", "coordinates": [ [ [ 103.8696693, 1.2947719 ], [ 103.8710047, 1.294998 ], [ 103.8715829, 1.2950396 ], [ 103.8723987, 1.2950665 ], [ 103.873295, 1.2950504 ], [ 103.8735701, 1.2949806 ], [ 103.8735078, 1.2948439 ], [ 103.8730921, 1.2948346 ], [ 103.8728913, 1.2947505 ], [ 103.8722002, 1.2947972 ], [ 103.8711541, 1.2947925 ], [ 103.8706684, 1.2947972 ], [ 103.8700146, 1.2946665 ], [ 103.869641, 1.2944144 ], [ 103.8693001, 1.2944144 ], [ 103.8691008, 1.2946756 ], [ 103.8696693, 1.2947719 ] ] ] } },
{ "type": "Feature", "properties": { "id": 884097566, "name": null, "forest_area_ha": 1.7238758962931879, "source_layer": "natural", "source": "OSM" }, "geometry": { "type": "Polygon", "coordinates": [ [ [ 103.8745624, 1.2947284 ], [ 103.8746992, 1.2946533 ], [ 103.8747609, 1.2947257 ], [ 103.8747046, 1.2948383 ], [ 103.8747931, 1.2949831 ], [ 103.8750613, 1.2951011 ], [ 103.8756433, 1.2951816 ], [ 103.877545, 1.2952835 ], [ 103.8775289, 1.2952406 ], [ 103.8772822, 1.2951601 ], [ 103.8767833, 1.2949027 ], [ 103.8763515, 1.2945514 ], [ 103.8765231, 1.2951467 ], [ 103.8764131, 1.2951547 ], [ 103.8763434, 1.2950153 ], [ 103.8756353, 1.2949349 ], [ 103.8755253, 1.2945219 ], [ 103.8753805, 1.294235 ], [ 103.8750533, 1.2940258 ], [ 103.8747904, 1.2940312 ], [ 103.8745544, 1.2941813 ], [ 103.8744337, 1.294487 ], [ 103.8745115, 1.2946908 ], [ 103.8745624, 1.2947284 ] ] ] } },
{ "type": "Feature", "properties": { "id": 884097567, "name": null, "forest_area_ha": 21.324333306576332, "source_layer": "natural", "source": "OSM" }, "geometry": { "type": "Polygon", "coordinates": [ [ [ 103.8785372, 1.289032 ], [ 103.877886, 1.2899378 ], [ 103.8776241, 1.2899307 ], [ 103.8769517, 1.2904827 ], [ 103.8763075, 1.2912469 ], [ 103.8762367, 1.2922164 ], [ 103.8772136, 1.2924287 ], [ 103.877836500000015, 1.292825 ], [ 103.878516, 1.2935964 ], [ 103.878643400000016, 1.2941554 ], [ 103.8804271, 1.2941271 ], [ 103.8821118, 1.2941342 ], [ 103.8845185, 1.2943465 ], [ 103.8848087, 1.2942616 ], [ 103.8846529, 1.2938228 ], [ 103.8836407, 1.2923863 ], [ 103.8829683, 1.2920466 ], [ 103.8828409, 1.2921881 ], [ 103.8825011, 1.2920395 ], [ 103.8818145, 1.2929595 ], [ 103.87790720000001, 1.290426 ], [ 103.8787425, 1.2891027 ], [ 103.8785372, 1.289032 ] ] ] } },
{ "type": "Feature", "properties": { "id": 884097570, "name": null, "forest_area_ha": 3.0287091115263243, "source_layer": "natural", "source": "OSM" }, "geometry": { "type": "Polygon", "coordinates": [ [ [ 103.8814558, 1.2948315 ], [ 103.8788431, 1.2947329 ], [ 103.8784549, 1.2947267 ], [ 103.8779804, 1.2950347 ], [ 103.8796565, 1.2952011 ], [ 103.8825404, 1.2953489 ], [ 103.8836398, 1.2953468 ], [ 103.8836249, 1.2948376 ], [ 103.8814558, 1.2948315 ] ] ] } },
{ "type": "Feature", "properties": { "id": 884097571, "name": null, "forest_area_ha": 0.55665502584331517, "source_layer": "natural", "source": "OSM" }, "geometry": { "type": "Polygon", "coordinates": [ [ [ 103.8760562, 1.2957759 ], [ 103.8766118, 1.2959386 ], [ 103.8770295, 1.2959315 ], [ 103.8774011, 1.2958219 ], [ 103.8778399, 1.2956485 ], [ 103.8756739, 1.2955706 ], [ 103.8760562, 1.2957759 ] ] ] } },
{ "type": "Feature", "properties": { "id": 884123515, "name": null, "forest_area_ha": 1.229287599074584, "source_layer": "natural", "source": "OSM" }, "geometry": { "type": "Polygon", "coordinates": [ [ [ 103.8618395, 1.2740831 ], [ 103.8620005, 1.2742547 ], [ 103.8618664, 1.2743083 ], [ 103.861979, 1.2743727 ], [ 103.8621239, 1.274437 ], [ 103.8621078, 1.2746033 ], [ 103.8622258, 1.2746569 ], [ 103.86214, 1.2748393 ], [ 103.8622794, 1.2751289 ], [ 103.8621078, 1.2752469 ], [ 103.8621882, 1.2753756 ], [ 103.8627032, 1.2750994 ], [ 103.8630358, 1.2748903 ], [ 103.863064300000019, 1.2748199 ], [ 103.8626012, 1.2740792 ], [ 103.8622838, 1.2737497 ], [ 103.8620699, 1.2738633 ], [ 103.8619723, 1.2738563 ], [ 103.8618878, 1.2739812 ], [ 103.8618395, 1.2740831 ] ] ] } },
{ "type": "Feature", "properties": { "id": 888325531, "name": null, "forest_area_ha": 2.1107560126760223, "source_layer": "natural", "source": "OSM" }, "geometry": { "type": "Polygon", "coordinates": [ [ [ 103.8207096, 1.4009471 ], [ 103.8205996, 1.4007433 ], [ 103.8204481, 1.4005624 ], [ 103.8202308, 1.4005516 ], [ 103.8200793, 1.4005878 ], [ 103.8191673, 1.4011523 ], [ 103.8190211, 1.4016135 ], [ 103.8189071, 1.4016805 ], [ 103.8188066, 1.4016684 ], [ 103.8187087, 1.401588 ], [ 103.818637600000017, 1.4013721 ], [ 103.8184364, 1.4014834 ], [ 103.8179, 1.4019674 ], [ 103.8176344, 1.4021028 ], [ 103.8178571, 1.4025359 ], [ 103.8207096, 1.4009471 ] ] ] } },
{ "type": "Feature", "properties": { "id": 890594551, "name": null, "forest_area_ha": 3.8279265750639069, "source_layer": "natural", "source": "OSM" }, "geometry": { "type": "Polygon", "coordinates": [ [ [ 103.7814094, 1.3291021 ], [ 103.7814071, 1.32959 ], [ 103.7814211, 1.329807 ], [ 103.7814071, 1.3305575 ], [ 103.7813662, 1.331273 ], [ 103.7812822, 1.3320084 ], [ 103.781289200000018, 1.3322161 ], [ 103.7813067, 1.3322908 ], [ 103.7813335, 1.3326281 ], [ 103.7814211, 1.3335094 ], [ 103.7813864, 1.3344619 ], [ 103.7815667, 1.3344597 ], [ 103.7815862, 1.3345599 ], [ 103.7815989, 1.3347471 ], [ 103.7818809, 1.3346195 ], [ 103.7823232, 1.3354924 ], [ 103.7825459, 1.3354034 ], [ 103.7826089, 1.3354975 ], [ 103.7828056, 1.3354295 ], [ 103.7824363, 1.3350826 ], [ 103.7828368, 1.3348547 ], [ 103.7822483, 1.3339522 ], [ 103.7820573, 1.3336318 ], [ 103.7819495, 1.33341 ], [ 103.7819063, 1.3332622 ], [ 103.781817, 1.3328618 ], [ 103.781653700000021, 1.3304962 ], [ 103.7816229, 1.3297754 ], [ 103.7816714, 1.3290186 ], [ 103.7816513, 1.3289958 ], [ 103.7814796, 1.3289181 ], [ 103.7814273, 1.3289422 ], [ 103.7814094, 1.3291021 ] ] ] } },
{ "type": "Feature", "properties": { "id": 892696377, "name": null, "forest_area_ha": 0.51300736670114622, "source_layer": "natural", "source": "OSM" }, "geometry": { "type": "Polygon", "coordinates": [ [ [ 103.7239343, 1.3557562 ], [ 103.724248, 1.3559055 ], [ 103.7245819, 1.3558384 ], [ 103.7250802, 1.3556704 ], [ 103.7254126, 1.3554464 ], [ 103.7256335, 1.3552276 ], [ 103.7250001, 1.3554116 ], [ 103.724339, 1.3555698 ], [ 103.7238594, 1.3556707 ], [ 103.7239343, 1.3557562 ] ] ] } },
{ "type": "Feature", "properties": { "id": 906081518, "name": null, "forest_area_ha": 0.41402631847938076, "source_layer": "natural", "source": "OSM" }, "geometry": { "type": "Polygon", "coordinates": [ [ [ 103.81584, 1.3330503 ], [ 103.815148, 1.3334377 ], [ 103.8142696, 1.333726 ], [ 103.8142817, 1.3337756 ], [ 103.8150837, 1.3335745 ], [ 103.8152808, 1.3335638 ], [ 103.8154042, 1.3335879 ], [ 103.8156147, 1.3336657 ], [ 103.815891, 1.3337877 ], [ 103.8159473, 1.3337488 ], [ 103.8158642, 1.3336509 ], [ 103.8157877, 1.3335061 ], [ 103.815773, 1.3333305 ], [ 103.8158146, 1.3331669 ], [ 103.8158682, 1.3330905 ], [ 103.81584, 1.3330503 ] ] ] } },
{ "type": "Feature", "properties": { "id": 906081519, "name": null, "forest_area_ha": 0.58337607730650898, "source_layer": "natural", "source": "OSM" }, "geometry": { "type": "Polygon", "coordinates": [ [ [ 103.8162343, 1.3329122 ], [ 103.8160881, 1.3330127 ], [ 103.8159983, 1.3330918 ], [ 103.8159205, 1.3331964 ], [ 103.8158883, 1.3333077 ], [ 103.8158736, 1.3334096 ], [ 103.8159205, 1.3335396 ], [ 103.8159554, 1.3335959 ], [ 103.8160761, 1.3336911 ], [ 103.8162062, 1.3337448 ], [ 103.8163604, 1.3337448 ], [ 103.8164529, 1.3336817 ], [ 103.816514600000019, 1.3336201 ], [ 103.816579, 1.3335262 ], [ 103.8166031, 1.3334297 ], [ 103.8165911, 1.3332339 ], [ 103.8165656, 1.3331146 ], [ 103.8165039, 1.3330006 ], [ 103.8163523, 1.3328357 ], [ 103.8162343, 1.3329122 ] ] ] } },
{ "type": "Feature", "properties": { "id": 906081520, "name": null, "forest_area_ha": 1.9860688158251201, "source_layer": "natural", "source": "OSM" }, "geometry": { "type": "Polygon", "coordinates": [ [ [ 103.8138436, 1.3328708 ], [ 103.8135305, 1.3330812 ], [ 103.8134482, 1.3331365 ], [ 103.8127863, 1.3335061 ], [ 103.811684, 1.3340236 ], [ 103.8109812, 1.334399 ], [ 103.810037100000017, 1.3349487 ], [ 103.8093397, 1.3356593 ], [ 103.8091573, 1.3359463 ], [ 103.809388, 1.3361929 ], [ 103.8108632, 1.3348093 ], [ 103.8116813, 1.3342194 ], [ 103.8121051, 1.3339727 ], [ 103.812663, 1.3337716 ], [ 103.8137071, 1.3334049 ], [ 103.8138436, 1.3328708 ] ] ] } },
{ "type": "Feature", "properties": { "id": 912363338, "name": null, "forest_area_ha": 0.99166656489672167, "source_layer": "natural", "source": "OSM" }, "geometry": { "type": "Polygon", "coordinates": [ [ [ 103.7990248, 1.2861608 ], [ 103.7987121, 1.2862187 ], [ 103.7986742, 1.2866222 ], [ 103.7984329, 1.286771 ], [ 103.7980852, 1.2870073 ], [ 103.7983053, 1.2871773 ], [ 103.7984779, 1.2875199 ], [ 103.7986092, 1.2878537 ], [ 103.798678, 1.288265 ], [ 103.7988418, 1.2883375 ], [ 103.7989081, 1.286636 ], [ 103.7990248, 1.2861608 ] ] ] } },
{ "type": "Feature", "properties": { "id": 913158195, "name": null, "forest_area_ha": 2.5750958944038858, "source_layer": "natural", "source": "OSM" }, "geometry": { "type": "Polygon", "coordinates": [ [ [ 103.8669329, 1.326116 ], [ 103.8670629, 1.326309 ], [ 103.867350900000019, 1.3266472 ], [ 103.8673824, 1.3266176 ], [ 103.8673422, 1.3265515 ], [ 103.8674457, 1.3264781 ], [ 103.8675058, 1.3264871 ], [ 103.8676667, 1.3266911 ], [ 103.8678374, 1.3269146 ], [ 103.8679675, 1.3271219 ], [ 103.8679262, 1.3272359 ], [ 103.8679828, 1.3272828 ], [ 103.868133700000016, 1.327337 ], [ 103.8682048, 1.3273143 ], [ 103.8682955, 1.3272048 ], [ 103.8683094, 1.327119 ], [ 103.8682385, 1.3267346 ], [ 103.8680984, 1.3267477 ], [ 103.8680663, 1.3262951 ], [ 103.8680309, 1.3258953 ], [ 103.867946, 1.325315 ], [ 103.8676871, 1.3245282 ], [ 103.8676344, 1.3244835 ], [ 103.8675087, 1.3246505 ], [ 103.8673874, 1.3248841 ], [ 103.867212, 1.3251187 ], [ 103.8670463, 1.3252835 ], [ 103.8668496, 1.3254497 ], [ 103.8667212, 1.3255692 ], [ 103.8666256, 1.3257101 ], [ 103.8666365, 1.3257573 ], [ 103.8669329, 1.326116 ] ] ] } },
{ "type": "Feature", "properties": { "id": 918502329, "name": null, "forest_area_ha": 0.72304919273754253, "source_layer": "natural", "source": "OSM" }, "geometry": { "type": "Polygon", "coordinates": [ [ [ 103.8377082, 1.2530487 ], [ 103.837810100000013, 1.253054 ], [ 103.837853, 1.2530111 ], [ 103.8379389, 1.2530835 ], [ 103.83793350000002, 1.2532069 ], [ 103.8379952, 1.2532712 ], [ 103.8380703, 1.25329 ], [ 103.8382098, 1.2532417 ], [ 103.8385209, 1.2531398 ], [ 103.8385895, 1.2530459 ], [ 103.8384643, 1.2526932 ], [ 103.838803500000012, 1.2524545 ], [ 103.8387292, 1.2524173 ], [ 103.8384562, 1.252592 ], [ 103.8382243, 1.2524803 ], [ 103.8379115, 1.2525225 ], [ 103.8375681, 1.2527799 ], [ 103.837573, 1.2530576 ], [ 103.8377082, 1.2530487 ] ] ] } },
{ "type": "Feature", "properties": { "id": 942509620, "name": null, "forest_area_ha": 0.61000374454639528, "source_layer": "natural", "source": "OSM" }, "geometry": { "type": "Polygon", "coordinates": [ [ [ 103.8297379, 1.3270102 ], [ 103.8294375, 1.3270115 ], [ 103.8281929, 1.3268265 ], [ 103.8283566, 1.3271604 ], [ 103.8283713, 1.3273025 ], [ 103.828201, 1.3276055 ], [ 103.8297379, 1.3270102 ] ] ] } },
{ "type": "Feature", "properties": { "id": 943447237, "name": null, "forest_area_ha": 0.83747346693156455, "source_layer": "natural", "source": "OSM" }, "geometry": { "type": "Polygon", "coordinates": [ [ [ 103.7278351, 1.3317295 ], [ 103.7278334, 1.331629 ], [ 103.7278467, 1.3315457 ], [ 103.7278073, 1.3314901 ], [ 103.7275895, 1.3314979 ], [ 103.7275002, 1.331468 ], [ 103.727476800000019, 1.3313571 ], [ 103.7275445, 1.3312987 ], [ 103.72756320000002, 1.3312287 ], [ 103.727541, 1.3311505 ], [ 103.7275862, 1.3311319 ], [ 103.727605800000021, 1.3310647 ], [ 103.7275087, 1.3309464 ], [ 103.7274481, 1.3309373 ], [ 103.727390400000019, 1.3309373 ], [ 103.7273418, 1.3309919 ], [ 103.727266, 1.3310465 ], [ 103.7270262, 1.3311861 ], [ 103.7268654, 1.3315865 ], [ 103.7267833, 1.3316636 ], [ 103.7267621, 1.3317859 ], [ 103.7266924, 1.33191 ], [ 103.7267925, 1.3319808 ], [ 103.7268428, 1.3320572 ], [ 103.7278351, 1.3317295 ] ] ] } },
{ "type": "Feature", "properties": { "id": 960055547, "name": null, "forest_area_ha": 1.2913627228940012, "source_layer": "natural", "source": "OSM" }, "geometry": { "type": "Polygon", "coordinates": [ [ [ 103.8299626, 1.3834749 ], [ 103.8300608, 1.3835461 ], [ 103.8302667, 1.3835443 ], [ 103.830342, 1.38341 ], [ 103.8304023, 1.3832442 ], [ 103.8305518, 1.3829571 ], [ 103.830462600000018, 1.3827055 ], [ 103.8302354, 1.3825387 ], [ 103.8295575, 1.3821403 ], [ 103.8291846, 1.3827104 ], [ 103.8295342, 1.3830215 ], [ 103.8296748, 1.383203 ], [ 103.8299051, 1.3833296 ], [ 103.8299626, 1.3834749 ] ] ] } },
{ "type": "Feature", "properties": { "id": 960055553, "name": null, "forest_area_ha": 1.600797264089175, "source_layer": "natural", "source": "OSM" }, "geometry": { "type": "Polygon", "coordinates": [ [ [ 103.8331026, 1.3852205 ], [ 103.8334023, 1.3848483 ], [ 103.8335508, 1.3847986 ], [ 103.8338562, 1.3846681 ], [ 103.8338212, 1.3844222 ], [ 103.8335089, 1.3839674 ], [ 103.8333247, 1.3839541 ], [ 103.8326661, 1.3841733 ], [ 103.8325563, 1.3841868 ], [ 103.8324713, 1.3843824 ], [ 103.8325724, 1.3844991 ], [ 103.832331, 1.3847878 ], [ 103.8323178, 1.3849879 ], [ 103.8327295, 1.3852606 ], [ 103.8331026, 1.3852205 ] ] ] } },
{ "type": "Feature", "properties": { "id": 963598967, "name": null, "forest_area_ha": 0.12753696873937811, "source_layer": "natural", "source": "OSM" }, "geometry": { "type": "Polygon", "coordinates": [ [ [ 104.0154554, 1.3162145 ], [ 104.0155131, 1.31624 ], [ 104.0161219, 1.3162655 ], [ 104.0161327, 1.3161046 ], [ 104.0154219, 1.3160938 ], [ 104.0154554, 1.3162145 ] ] ] } },
{ "type": "Feature", "properties": { "id": 963598971, "name": null, "forest_area_ha": 0.60804204989450805, "source_layer": "natural", "source": "OSM" }, "geometry": { "type": "Polygon", "coordinates": [ [ [ 104.0046401, 1.3124986 ], [ 104.0057054, 1.313186 ], [ 104.0059959, 1.3127649 ], [ 104.0058615, 1.3126555 ], [ 104.0055192, 1.3125017 ], [ 104.0046564, 1.3123926 ], [ 104.0046401, 1.3124986 ] ] ] } },
{ "type": "Feature", "properties": { "id": 963598972, "name": null, "forest_area_ha": 0.33057487929888668, "source_layer": "natural", "source": "OSM" }, "geometry": { "type": "Polygon", "coordinates": [ [ [ 104.005901, 1.3126464 ], [ 104.0075465, 1.3139102 ], [ 104.0075451, 1.3137487 ], [ 104.0058967, 1.3124773 ], [ 104.005901, 1.3126464 ] ] ] } },
{ "type": "Feature", "properties": { "id": 963598974, "name": null, "forest_area_ha": 0.88401676240760119, "source_layer": "natural", "source": "OSM" }, "geometry": { "type": "Polygon", "coordinates": [ [ [ 104.005732, 1.3132283 ], [ 104.0075411, 1.3145312 ], [ 104.0075432, 1.314109 ], [ 104.0059305, 1.3129548 ], [ 104.005732, 1.3132283 ] ] ] } },
{ "type": "Feature", "properties": { "id": 968957410, "name": null, "forest_area_ha": 0.17134510058595309, "source_layer": "natural", "source": "OSM" }, "geometry": { "type": "Polygon", "coordinates": [ [ [ 103.7793932, 1.4515658 ], [ 103.7796185, 1.4515927 ], [ 103.779901, 1.4516149 ], [ 103.7801871, 1.4516207 ], [ 103.7801917, 1.4515927 ], [ 103.7798964, 1.4515227 ], [ 103.779692, 1.4514608 ], [ 103.779402500000018, 1.4513336 ], [ 103.7792636, 1.4512892 ], [ 103.779230900000016, 1.4513464 ], [ 103.7791982, 1.4514783 ], [ 103.779218, 1.4515297 ], [ 103.7793932, 1.4515658 ] ] ] } },
{ "type": "Feature", "properties": { "id": 975185442, "name": null, "forest_area_ha": 0.99784268909170748, "source_layer": "natural", "source": "OSM" }, "geometry": { "type": "Polygon", "coordinates": [ [ [ 103.7545729, 1.41647 ], [ 103.75466710000002, 1.4158963 ], [ 103.7547199, 1.4155866 ], [ 103.7548998, 1.4149431 ], [ 103.7551924, 1.414171 ], [ 103.7552895, 1.413967 ], [ 103.7553994, 1.4139627 ], [ 103.7556021, 1.4135531 ], [ 103.755680600000019, 1.4132592 ], [ 103.7556763, 1.413155 ], [ 103.7552438, 1.413302 ], [ 103.7551367, 1.4138642 ], [ 103.7550682, 1.414084 ], [ 103.7549298, 1.4141025 ], [ 103.7544516, 1.4163601 ], [ 103.754325900000012, 1.4171221 ], [ 103.7545415, 1.4172634 ], [ 103.7545729, 1.41647 ] ] ] } },
{ "type": "Feature", "properties": { "id": 980618578, "name": null, "forest_area_ha": 2.2112496171279568, "source_layer": "natural", "source": "OSM" }, "geometry": { "type": "Polygon", "coordinates": [ [ [ 103.8217296, 1.4009094 ], [ 103.8217979, 1.4011952 ], [ 103.8218269, 1.4012632 ], [ 103.8218684, 1.4012975 ], [ 103.8219421, 1.4013368 ], [ 103.8225907, 1.4014891 ], [ 103.8239876, 1.4017984 ], [ 103.8242193, 1.4012707 ], [ 103.8241732, 1.4010342 ], [ 103.8239733, 1.4010271 ], [ 103.8238197, 1.4010135 ], [ 103.8234573, 1.4009195 ], [ 103.8231591, 1.400856 ], [ 103.8216768, 1.4005596 ], [ 103.8216172, 1.400632 ], [ 103.8217296, 1.4009094 ] ] ] } },
{ "type": "Feature", "properties": { "id": 981940059, "name": null, "forest_area_ha": 0.23372553671826732, "source_layer": "natural", "source": "OSM" }, "geometry": { "type": "Polygon", "coordinates": [ [ [ 103.8647416, 1.2720138 ], [ 103.864758, 1.2719848 ], [ 103.8648052, 1.2719775 ], [ 103.8648342, 1.2719739 ], [ 103.864885, 1.2719829 ], [ 103.8649195, 1.2719793 ], [ 103.8649631, 1.2719811 ], [ 103.8649704, 1.2720029 ], [ 103.8649994, 1.2720301 ], [ 103.86505750000002, 1.2720719 ], [ 103.86510650000001, 1.2721173 ], [ 103.865112, 1.2721517 ], [ 103.8651356, 1.2721808 ], [ 103.8651701, 1.2721808 ], [ 103.86521, 1.2722098 ], [ 103.86525, 1.2722425 ], [ 103.8652826, 1.2722334 ], [ 103.8653262, 1.2722352 ], [ 103.8653371, 1.2722098 ], [ 103.8642187, 1.2713477 ], [ 103.8641842, 1.271344 ], [ 103.8641933, 1.2714221 ], [ 103.8643948, 1.2716254 ], [ 103.8644293, 1.2717579 ], [ 103.8644529, 1.2718214 ], [ 103.8645419, 1.2719267 ], [ 103.8646291, 1.2719739 ], [ 103.8646871, 1.2720192 ], [ 103.8647416, 1.2720138 ] ] ] } },
{ "type": "Feature", "properties": { "id": 995789196, "name": null, "forest_area_ha": 0.25297710849951371, "source_layer": "natural", "source": "OSM" }, "geometry": { "type": "Polygon", "coordinates": [ [ [ 103.7513114, 1.3671035 ], [ 103.7514576, 1.3671625 ], [ 103.7516052, 1.3671585 ], [ 103.751725900000011, 1.3671263 ], [ 103.7517647, 1.3670526 ], [ 103.7515569, 1.3669922 ], [ 103.7516172, 1.3667455 ], [ 103.7515663, 1.3667174 ], [ 103.7515663, 1.366527 ], [ 103.7514094, 1.3664854 ], [ 103.751298, 1.3667335 ], [ 103.7511921, 1.3669118 ], [ 103.7513114, 1.3671035 ] ] ] } },
{ "type": "Feature", "properties": { "id": 995990587, "name": null, "forest_area_ha": 2.7254828584347122, "source_layer": "natural", "source": "OSM" }, "geometry": { "type": "Polygon", "coordinates": [ [ [ 103.8277303, 1.453478 ], [ 103.8278, 1.4533654 ], [ 103.827755700000012, 1.4532702 ], [ 103.8277692, 1.4529766 ], [ 103.8278362, 1.4528948 ], [ 103.8278939, 1.452931 ], [ 103.8278979, 1.4529819 ], [ 103.8279623, 1.4530141 ], [ 103.8280199, 1.4529538 ], [ 103.8280146, 1.4529136 ], [ 103.8279596, 1.4528774 ], [ 103.8280562, 1.4526789 ], [ 103.8282426, 1.452565 ], [ 103.8280937, 1.4522472 ], [ 103.8279971, 1.4523062 ], [ 103.8279355, 1.452199 ], [ 103.8277812, 1.4521641 ], [ 103.8277383, 1.4521279 ], [ 103.8277732, 1.4520073 ], [ 103.827755700000012, 1.4519241 ], [ 103.827687400000016, 1.451904 ], [ 103.8276216, 1.451951 ], [ 103.8275814, 1.4521266 ], [ 103.8274755, 1.4521427 ], [ 103.827509, 1.452089 ], [ 103.8275009, 1.4520421 ], [ 103.8274433, 1.4520394 ], [ 103.827454, 1.4519858 ], [ 103.8275479, 1.4519174 ], [ 103.8274553, 1.4518249 ], [ 103.8274339, 1.4518839 ], [ 103.8273521, 1.4519282 ], [ 103.8273346, 1.4518156 ], [ 103.8272542, 1.45177 ], [ 103.8271643, 1.4518142 ], [ 103.8271616, 1.4518826 ], [ 103.8270973, 1.4519429 ], [ 103.8270678, 1.4518812 ], [ 103.8268934, 1.4518035 ], [ 103.8268492, 1.4517003 ], [ 103.8268612, 1.4516708 ], [ 103.8268398, 1.4515756 ], [ 103.8267687, 1.4515394 ], [ 103.8268076, 1.4514093 ], [ 103.8266681, 1.4513021 ], [ 103.8266306, 1.4512337 ], [ 103.8265568, 1.4512297 ], [ 103.8263328, 1.4513262 ], [ 103.8262416, 1.451408 ], [ 103.8262403, 1.4516171 ], [ 103.8263328, 1.4518678 ], [ 103.8264509, 1.4519872 ], [ 103.8263945, 1.4520636 ], [ 103.8264066, 1.4521574 ], [ 103.82646290000001, 1.4522043 ], [ 103.82642, 1.4523277 ], [ 103.8264763, 1.4524296 ], [ 103.8265353, 1.4524349 ], [ 103.8265353, 1.4528211 ], [ 103.8267298, 1.452935 ], [ 103.8267298, 1.4529953 ], [ 103.8267741, 1.4530195 ], [ 103.8268746, 1.4530047 ], [ 103.826943, 1.4530289 ], [ 103.8269269, 1.4531227 ], [ 103.8271053, 1.4532192 ], [ 103.8272139, 1.4531938 ], [ 103.8272703, 1.4532702 ], [ 103.8273293, 1.453297 ], [ 103.8273776, 1.4532916 ], [ 103.8274178, 1.4532541 ], [ 103.8275184, 1.4531964 ], [ 103.8275707, 1.4534404 ], [ 103.8276431, 1.4534753 ], [ 103.8277303, 1.453478 ] ] ] } },
{ "type": "Feature", "properties": { "id": 1002045206, "name": null, "forest_area_ha": 0.50533423451762238, "source_layer": "natural", "source": "OSM" }, "geometry": { "type": "Polygon", "coordinates": [ [ [ 103.8302471, 1.3197144 ], [ 103.8303924, 1.3196863 ], [ 103.8304503, 1.319809 ], [ 103.8303597, 1.3199019 ], [ 103.8304503, 1.3201713 ], [ 103.8306387, 1.3200998 ], [ 103.8305934, 1.3199186 ], [ 103.8308028, 1.3200593 ], [ 103.8310273, 1.3198638 ], [ 103.8307841, 1.3198066 ], [ 103.8308723, 1.3196517 ], [ 103.8311727, 1.3196541 ], [ 103.8313873, 1.3196016 ], [ 103.8310106, 1.3193418 ], [ 103.8302225, 1.3196037 ], [ 103.8302471, 1.3197144 ] ] ] } },
{ "type": "Feature", "properties": { "id": 1006761160, "name": "Squirrel Monkey Forest", "forest_area_ha": 0.22196259334966681, "source_layer": "natural", "source": "OSM" }, "geometry": { "type": "Polygon", "coordinates": [ [ [ 103.7908794, 1.4033369 ], [ 103.7910638, 1.4032223 ], [ 103.7910551, 1.4032022 ], [ 103.791271, 1.403097 ], [ 103.7913528, 1.4030856 ], [ 103.7914138, 1.403098 ], [ 103.7915007, 1.4029874 ], [ 103.7915687, 1.4029032 ], [ 103.7913723, 1.4028415 ], [ 103.791208600000019, 1.4028556 ], [ 103.7909603, 1.4029767 ], [ 103.7909364, 1.4029884 ], [ 103.79086460000002, 1.40304 ], [ 103.7908271, 1.4030775 ], [ 103.7908137, 1.4031881 ], [ 103.7908284, 1.4032183 ], [ 103.7908338, 1.4032531 ], [ 103.7908258, 1.4033041 ], [ 103.7908794, 1.4033369 ] ] ] } },
{ "type": "Feature", "properties": { "id": 1007859009, "name": null, "forest_area_ha": 3.2964383335921559, "source_layer": "natural", "source": "OSM" }, "geometry": { "type": "Polygon", "coordinates": [ [ [ 103.9899272, 1.4049796 ], [ 103.98957230000002, 1.4052253 ], [ 103.9891991, 1.4051343 ], [ 103.988744, 1.4047795 ], [ 103.9881524, 1.4047704 ], [ 103.9877155, 1.4050888 ], [ 103.987588, 1.405471 ], [ 103.988116, 1.4057349 ], [ 103.9891991, 1.4059715 ], [ 103.9899272, 1.4060806 ], [ 103.990737300000021, 1.4055347 ], [ 103.9905644, 1.404925 ], [ 103.9899272, 1.4049796 ] ] ] } },
{ "type": "Feature", "properties": { "id": 1009337714, "name": null, "forest_area_ha": 4.801866237161339, "source_layer": "natural", "source": "OSM" }, "geometry": { "type": "Polygon", "coordinates": [ [ [ 103.8373793, 1.2825249 ], [ 103.837288, 1.2824989 ], [ 103.8365427, 1.2829415 ], [ 103.8364743, 1.2830481 ], [ 103.8364632, 1.2831474 ], [ 103.836485, 1.2832787 ], [ 103.8365185, 1.2833552 ], [ 103.8366218, 1.2834772 ], [ 103.8369162, 1.2838496 ], [ 103.836894700000016, 1.2839224 ], [ 103.8371215, 1.2842334 ], [ 103.8371851, 1.2842937 ], [ 103.83724, 1.2843624 ], [ 103.8373581, 1.284578 ], [ 103.837433200000021, 1.2846222 ], [ 103.8375002, 1.2846249 ], [ 103.8376062, 1.2845525 ], [ 103.8392041, 1.2832968 ], [ 103.8392564, 1.2832506 ], [ 103.8392738, 1.2832043 ], [ 103.839280500000015, 1.2831474 ], [ 103.8392631, 1.2830783 ], [ 103.839240300000014, 1.28302 ], [ 103.8391826, 1.2829369 ], [ 103.8390726, 1.282804 ], [ 103.838899, 1.2827103 ], [ 103.8386549, 1.2825574 ], [ 103.8384859, 1.2824555 ], [ 103.8383746, 1.2823295 ], [ 103.8380956, 1.2824968 ], [ 103.8379586, 1.2822799 ], [ 103.8381864, 1.2821361 ], [ 103.8381495, 1.2820809 ], [ 103.8380945, 1.2820669 ], [ 103.8373793, 1.2825249 ] ], [ [ 103.836609508181311, 1.28335172268117 ], [ 103.836612879988834, 1.283354996873175 ], [ 103.836609508181297, 1.283351722681174 ], [ 103.836606177417451, 1.283348406205586 ], [ 103.836602888220682, 1.283345047967565 ], [ 103.836606177417451, 1.283348406205582 ], [ 103.836609508181311, 1.28335172268117 ] ] ] } },
{ "type": "Feature", "properties": { "id": 1019370688, "name": null, "forest_area_ha": 0.091244723151691617, "source_layer": "natural", "source": "OSM" }, "geometry": { "type": "Polygon", "coordinates": [ [ [ 103.7197579, 1.4435141 ], [ 103.7198988, 1.4435918 ], [ 103.7200087, 1.4435985 ], [ 103.7200879, 1.4435543 ], [ 103.7201764, 1.4434216 ], [ 103.7201442, 1.4433961 ], [ 103.7199953, 1.4435154 ], [ 103.7197526, 1.4433988 ], [ 103.719534, 1.4432513 ], [ 103.7194817, 1.4433626 ], [ 103.7197579, 1.4435141 ] ] ] } },
{ "type": "Feature", "properties": { "id": 1024112184, "name": "Rain Tree Island", "forest_area_ha": 0.20922559423365306, "source_layer": "natural", "source": "OSM" }, "geometry": { "type": "Polygon", "coordinates": [ [ [ 103.8735408, 1.3384411 ], [ 103.8734715, 1.3383657 ], [ 103.8733934, 1.338367 ], [ 103.8733318, 1.3384202 ], [ 103.8732984, 1.3384985 ], [ 103.873231600000011, 1.3385407 ], [ 103.8732099, 1.3385942 ], [ 103.873218, 1.338677 ], [ 103.8732885, 1.3387261 ], [ 103.8733402, 1.3388255 ], [ 103.8734083, 1.3388777 ], [ 103.8734868, 1.3388758 ], [ 103.8735506, 1.3388123 ], [ 103.873631, 1.338782 ], [ 103.873674500000021, 1.3387437 ], [ 103.8737154, 1.338672 ], [ 103.8737121, 1.3385902 ], [ 103.8736882, 1.3385269 ], [ 103.8735978, 1.3384965 ], [ 103.8735408, 1.3384411 ] ] ] } },
{ "type": "Feature", "properties": { "id": 1044154901, "name": null, "forest_area_ha": 0.81487099786510742, "source_layer": "natural", "source": "OSM" }, "geometry": { "type": "Polygon", "coordinates": [ [ [ 103.846672, 1.4145516 ], [ 103.8467809, 1.4146911 ], [ 103.8467917, 1.4147693 ], [ 103.8467671, 1.4148675 ], [ 103.8466416, 1.4150298 ], [ 103.8470291, 1.4152572 ], [ 103.8470574, 1.4153308 ], [ 103.8470337, 1.4154876 ], [ 103.8473348, 1.4155929 ], [ 103.8478978, 1.4158061 ], [ 103.8478686, 1.4155944 ], [ 103.8478073, 1.4156098 ], [ 103.8477873, 1.4154426 ], [ 103.847684500000014, 1.4154303 ], [ 103.8476124, 1.4154671 ], [ 103.847560300000012, 1.4155791 ], [ 103.8474115, 1.4155101 ], [ 103.8472305, 1.4154242 ], [ 103.847193, 1.415258 ], [ 103.8470964, 1.4151561 ], [ 103.8469838, 1.4150167 ], [ 103.8469891, 1.4148611 ], [ 103.8468228, 1.4147217 ], [ 103.8469069, 1.4145102 ], [ 103.8461347, 1.413409 ], [ 103.8458061, 1.413483 ], [ 103.846672, 1.4145516 ] ] ] } },
{ "type": "Feature", "properties": { "id": 1044154902, "name": null, "forest_area_ha": 0.010402852158284971, "source_layer": "natural", "source": "OSM" }, "geometry": { "type": "Polygon", "coordinates": [ [ [ 103.8474958, 1.4155101 ], [ 103.8475434, 1.4155101 ], [ 103.847571, 1.4154825 ], [ 103.8475311, 1.4154181 ], [ 103.8474652, 1.4154119 ], [ 103.8474529, 1.4154825 ], [ 103.8474958, 1.4155101 ] ] ] } },
{ "type": "Feature", "properties": { "id": 1044154903, "name": null, "forest_area_ha": 0.15879310944339428, "source_layer": "natural", "source": "OSM" }, "geometry": { "type": "Polygon", "coordinates": [ [ [ 103.8471614, 1.4143629 ], [ 103.8471952, 1.4144411 ], [ 103.8471583, 1.4145577 ], [ 103.84720590000002, 1.4145991 ], [ 103.8472964, 1.414688 ], [ 103.8474069, 1.4146482 ], [ 103.8473885, 1.4145991 ], [ 103.8473578, 1.4144963 ], [ 103.8474023, 1.4143875 ], [ 103.8473731, 1.4143292 ], [ 103.8471307, 1.4140838 ], [ 103.8470141, 1.4140485 ], [ 103.846962, 1.4142203 ], [ 103.8471614, 1.4143629 ] ] ] } },
{ "type": "Feature", "properties": { "id": 1044154904, "name": null, "forest_area_ha": 0.031352505342865399, "source_layer": "natural", "source": "OSM" }, "geometry": { "type": "Polygon", "coordinates": [ [ [ 103.8474897, 1.4146328 ], [ 103.8475695, 1.414596 ], [ 103.8476002, 1.4144626 ], [ 103.8475296, 1.4144043 ], [ 103.8474468, 1.4144825 ], [ 103.8474314, 1.414596 ], [ 103.8474897, 1.4146328 ] ] ] } },
{ "type": "Feature", "properties": { "id": 1044154905, "name": null, "forest_area_ha": 0.020053592108084065, "source_layer": "natural", "source": "OSM" }, "geometry": { "type": "Polygon", "coordinates": [ [ [ 103.8476968, 1.4147264 ], [ 103.847726, 1.4146436 ], [ 103.8477152, 1.4145255 ], [ 103.847617, 1.4145592 ], [ 103.8476048, 1.4146482 ], [ 103.8476968, 1.4147264 ] ] ] } },
{ "type": "Feature", "properties": { "id": 1044154906, "name": null, "forest_area_ha": 0.015409721355827279, "source_layer": "natural", "source": "OSM" }, "geometry": { "type": "Polygon", "coordinates": [ [ [ 103.8476615, 1.4149089 ], [ 103.8476937, 1.4148169 ], [ 103.847614, 1.4147632 ], [ 103.847577200000018, 1.4148107 ], [ 103.8475618, 1.414892 ], [ 103.8476615, 1.4149089 ] ] ] } },
{ "type": "Feature", "properties": { "id": 1044154907, "name": null, "forest_area_ha": 0.010463698002849794, "source_layer": "natural", "source": "OSM" }, "geometry": { "type": "Polygon", "coordinates": [ [ [ 103.8478057, 1.4150837 ], [ 103.8477981, 1.4151512 ], [ 103.8478594, 1.4151451 ], [ 103.847884, 1.4150592 ], [ 103.8478334, 1.4150439 ], [ 103.8477336, 1.4150301 ], [ 103.8478057, 1.4150837 ] ] ] } },
{ "type": "Feature", "properties": { "id": 1044154908, "name": null, "forest_area_ha": 0.021240721604359983, "source_layer": "natural", "source": "OSM" }, "geometry": { "type": "Polygon", "coordinates": [ [ [ 103.848164700000012, 1.4153092 ], [ 103.8482307, 1.4152724 ], [ 103.8482813, 1.4151742 ], [ 103.848181600000018, 1.4151282 ], [ 103.848134, 1.4152064 ], [ 103.8481187, 1.4152785 ], [ 103.848164700000012, 1.4153092 ] ] ] } },
{ "type": "Feature", "properties": { "id": 1044154909, "name": null, "forest_area_ha": 0.22987351209921916, "source_layer": "natural", "source": "OSM" }, "geometry": { "type": "Polygon", "coordinates": [ [ [ 103.8485575, 1.4155178 ], [ 103.848661800000016, 1.4155178 ], [ 103.8487216, 1.41555 ], [ 103.8487738, 1.4155975 ], [ 103.8487615, 1.4156865 ], [ 103.8488489, 1.415688 ], [ 103.8488259, 1.4157785 ], [ 103.8489441, 1.4158199 ], [ 103.8489671, 1.4158812 ], [ 103.8490162, 1.4159411 ], [ 103.8490791, 1.4158858 ], [ 103.8490883, 1.4157662 ], [ 103.8490852, 1.4156236 ], [ 103.8490929, 1.4155178 ], [ 103.8489425, 1.4154012 ], [ 103.8486234, 1.4152954 ], [ 103.8485682, 1.4153767 ], [ 103.848447, 1.415415 ], [ 103.8484608, 1.4155147 ], [ 103.8485575, 1.4155178 ] ] ] } },
{ "type": "Feature", "properties": { "id": 1044154910, "name": null, "forest_area_ha": 0.035547913051331127, "source_layer": "natural", "source": "OSM" }, "geometry": { "type": "Polygon", "coordinates": [ [ [ 103.8492171, 1.4160591 ], [ 103.8493, 1.4160668 ], [ 103.8494365, 1.416007 ], [ 103.8493752, 1.4158444 ], [ 103.8492202, 1.4159733 ], [ 103.8492171, 1.4160591 ] ] ] } },
{ "type": "Feature", "properties": { "id": 1044157636, "name": null, "forest_area_ha": 0.04055356168824626, "source_layer": "natural", "source": "OSM" }, "geometry": { "type": "Polygon", "coordinates": [ [ [ 103.8509009, 1.4177964 ], [ 103.8509794, 1.4177964 ], [ 103.8510474, 1.4176656 ], [ 103.8509741, 1.4175688 ], [ 103.8508328, 1.4176054 ], [ 103.8508669, 1.4177362 ], [ 103.8509009, 1.4177964 ] ] ] } },
{ "type": "Feature", "properties": { "id": 1044157637, "name": null, "forest_area_ha": 0.036252769536323323, "source_layer": "natural", "source": "OSM" }, "geometry": { "type": "Polygon", "coordinates": [ [ [ 103.851139, 1.418139 ], [ 103.8511861, 1.4178932 ], [ 103.8511128, 1.4178173 ], [ 103.8510055, 1.4179246 ], [ 103.851139, 1.418139 ] ] ] } },
{ "type": "Feature", "properties": { "id": 1044157638, "name": null, "forest_area_ha": 0.053636549797586634, "source_layer": "natural", "source": "OSM" }, "geometry": { "type": "Polygon", "coordinates": [ [ [ 103.8511965, 1.4182411 ], [ 103.8512672, 1.4182567 ], [ 103.8513457, 1.4181417 ], [ 103.851364, 1.4179376 ], [ 103.8512201, 1.4179612 ], [ 103.8511704, 1.4181495 ], [ 103.8511965, 1.4182411 ] ] ] } },
{ "type": "Feature", "properties": { "id": 1044157639, "name": null, "forest_area_ha": 0.032356620082639287, "source_layer": "natural", "source": "OSM" }, "geometry": { "type": "Polygon", "coordinates": [ [ [ 103.8513195, 1.4184294 ], [ 103.8514216, 1.4184451 ], [ 103.851466, 1.4183614 ], [ 103.8513692, 1.4182149 ], [ 103.851280300000013, 1.4182907 ], [ 103.8513195, 1.4184294 ] ] ] } },
{ "type": "Feature", "properties": { "id": 1044157640, "name": null, "forest_area_ha": 0.1515872465142164, "source_layer": "natural", "source": "OSM" }, "geometry": { "type": "Polygon", "coordinates": [ [ [ 103.851241, 1.4174276 ], [ 103.8514713, 1.417493 ], [ 103.8516544, 1.4177362 ], [ 103.8518873, 1.4179664 ], [ 103.8519134, 1.4180083 ], [ 103.8518533, 1.4180658 ], [ 103.8519605, 1.418071 ], [ 103.8519736, 1.4182201 ], [ 103.8521829, 1.4183326 ], [ 103.8515628, 1.4174067 ], [ 103.8512018, 1.4173073 ], [ 103.851241, 1.4174276 ] ] ] } },
{ "type": "Feature", "properties": { "id": 1044295887, "name": null, "forest_area_ha": 0.038041370478433645, "source_layer": "natural", "source": "OSM" }, "geometry": { "type": "Polygon", "coordinates": [ [ [ 103.85340170000002, 1.4202556 ], [ 103.8534204, 1.4203092 ], [ 103.8534231, 1.4203682 ], [ 103.853515, 1.420441 ], [ 103.8535599, 1.420462 ], [ 103.8535653, 1.4205103 ], [ 103.8536082, 1.4205156 ], [ 103.8536306, 1.4204017 ], [ 103.8534512, 1.4202209 ], [ 103.85340170000002, 1.4202556 ] ] ] } },
{ "type": "Feature", "properties": { "id": 1044295888, "name": null, "forest_area_ha": 0.029797377888777139, "source_layer": "natural", "source": "OSM" }, "geometry": { "type": "Polygon", "coordinates": [ [ [ 103.8553838, 1.4230335 ], [ 103.8553463, 1.423063 ], [ 103.8553624, 1.4230925 ], [ 103.855467, 1.423071 ], [ 103.8555233, 1.423012 ], [ 103.8555367, 1.4229664 ], [ 103.855552800000012, 1.4229101 ], [ 103.8555286, 1.4229101 ], [ 103.8554079, 1.4229235 ], [ 103.8553516, 1.4229906 ], [ 103.8553838, 1.4230335 ] ] ] } },
{ "type": "Feature", "properties": { "id": 1044295889, "name": null, "forest_area_ha": 0.0067046355687669064, "source_layer": "natural", "source": "OSM" }, "geometry": { "type": "Polygon", "coordinates": [ [ [ 103.85577, 1.4228726 ], [ 103.8556976, 1.4228384 ], [ 103.8556869, 1.4228967 ], [ 103.8557084, 1.4229664 ], [ 103.85577, 1.4228726 ] ] ] } },
{ "type": "Feature", "properties": { "id": 1044295890, "name": null, "forest_area_ha": 0.040588559221129535, "source_layer": "natural", "source": "OSM" }, "geometry": { "type": "Polygon", "coordinates": [ [ [ 103.8538964, 1.421642 ], [ 103.8542446, 1.4218148 ], [ 103.8542653, 1.4217062 ], [ 103.8539086, 1.4215775 ], [ 103.8538964, 1.421642 ] ] ] } },
{ "type": "Feature", "properties": { "id": 1044295891, "name": null, "forest_area_ha": 0.035377577297154794, "source_layer": "natural", "source": "OSM" }, "geometry": { "type": "Polygon", "coordinates": [ [ [ 103.8545695, 1.4220317 ], [ 103.854606, 1.4219824 ], [ 103.854496, 1.42191 ], [ 103.8545282, 1.4218376 ], [ 103.8544558, 1.4217732 ], [ 103.8543646, 1.4217598 ], [ 103.854332400000018, 1.4218402 ], [ 103.8545695, 1.4220317 ] ] ] } },
{ "type": "Feature", "properties": { "id": 1044503529, "name": null, "forest_area_ha": 0.082601052792688687, "source_layer": "natural", "source": "OSM" }, "geometry": { "type": "Polygon", "coordinates": [ [ [ 103.85592290000001, 1.4228119 ], [ 103.8559524, 1.4227689 ], [ 103.8559671, 1.4227202 ], [ 103.8559795, 1.4226591 ], [ 103.8559807, 1.4225708 ], [ 103.8559818, 1.4225278 ], [ 103.8559682, 1.4224689 ], [ 103.8559558, 1.4224146 ], [ 103.8559388, 1.4223715 ], [ 103.8559048, 1.4223161 ], [ 103.8558788, 1.4222753 ], [ 103.8558414, 1.4222425 ], [ 103.8558063, 1.4222425 ], [ 103.8557746, 1.4222606 ], [ 103.8557576, 1.4222844 ], [ 103.8557417, 1.4223455 ], [ 103.8557576, 1.4223795 ], [ 103.8557836, 1.4223897 ], [ 103.8558131, 1.4224406 ], [ 103.8557961, 1.42247 ], [ 103.8558244, 1.4225187 ], [ 103.8558448, 1.4225312 ], [ 103.855898, 1.4225527 ], [ 103.8558957, 1.4225821 ], [ 103.8559071, 1.4226183 ], [ 103.8558969, 1.4226591 ], [ 103.8558731, 1.4227417 ], [ 103.8558618, 1.4227802 ], [ 103.8558618, 1.4227983 ], [ 103.8558822, 1.4228142 ], [ 103.85592290000001, 1.4228119 ] ] ] } },
{ "type": "Feature", "properties": { "id": 1044503532, "name": null, "forest_area_ha": 0.044622212167808192, "source_layer": "natural", "source": "OSM" }, "geometry": { "type": "Polygon", "coordinates": [ [ [ 103.8564019, 1.4224157 ], [ 103.8564246, 1.4224055 ], [ 103.8564291, 1.4223421 ], [ 103.856396300000014, 1.4222742 ], [ 103.8563646, 1.422213 ], [ 103.8563204, 1.4221247 ], [ 103.8563, 1.4220647 ], [ 103.856264900000014, 1.4220704 ], [ 103.8562513, 1.4220863 ], [ 103.8562423, 1.4221032 ], [ 103.8562332, 1.4221406 ], [ 103.8562547, 1.4221847 ], [ 103.8562332, 1.4222029 ], [ 103.8562411, 1.4222357 ], [ 103.8562457, 1.4222697 ], [ 103.8562287, 1.4222776 ], [ 103.8562389, 1.4222912 ], [ 103.8562638, 1.4222912 ], [ 103.8562876, 1.4223093 ], [ 103.8563204, 1.4223297 ], [ 103.8563374, 1.4223636 ], [ 103.8563498, 1.4223953 ], [ 103.8563544, 1.4224281 ], [ 103.8564019, 1.4224157 ] ] ] } },
{ "type": "Feature", "properties": { "id": 1044503533, "name": null, "forest_area_ha": 0.023504167439322848, "source_layer": "natural", "source": "OSM" }, "geometry": { "type": "Polygon", "coordinates": [ [ [ 103.8559988, 1.4217704 ], [ 103.8560135, 1.4217704 ], [ 103.8560407, 1.4217659 ], [ 103.856069, 1.4217647 ], [ 103.8560917, 1.4217523 ], [ 103.8559847, 1.42155 ], [ 103.8559444, 1.4215553 ], [ 103.8559342, 1.4215927 ], [ 103.8559342, 1.4216266 ], [ 103.8559478, 1.4216538 ], [ 103.8559637, 1.4216866 ], [ 103.8559784, 1.4217081 ], [ 103.8559535, 1.421741 ], [ 103.8559988, 1.4217704 ] ] ] } },
{ "type": "Feature", "properties": { "id": 1044808439, "name": null, "forest_area_ha": 0.016041624475510805, "source_layer": "natural", "source": "OSM" }, "geometry": { "type": "Polygon", "coordinates": [ [ [ 103.8501281, 1.4165971 ], [ 103.8501678, 1.4165809 ], [ 103.850193, 1.4165575 ], [ 103.8502326, 1.4165233 ], [ 103.8502326, 1.4164927 ], [ 103.850229, 1.4164567 ], [ 103.8501876, 1.4164368 ], [ 103.8501642, 1.416444 ], [ 103.8500957, 1.4165647 ], [ 103.8501101, 1.4165881 ], [ 103.8501281, 1.4165971 ] ] ] } },
{ "type": "Feature", "properties": { "id": 1044808441, "name": null, "forest_area_ha": 0.077686749102370792, "source_layer": "natural", "source": "OSM" }, "geometry": { "type": "Polygon", "coordinates": [ [ [ 103.850802, 1.4163666 ], [ 103.8508795, 1.4163108 ], [ 103.8508813, 1.4162459 ], [ 103.8508578, 1.4161775 ], [ 103.8508092, 1.416154 ], [ 103.850775, 1.4161108 ], [ 103.8507624, 1.4160316 ], [ 103.8507371, 1.4160009 ], [ 103.8506218, 1.4160334 ], [ 103.850584, 1.4160514 ], [ 103.850593, 1.4160964 ], [ 103.8505984, 1.4161504 ], [ 103.8506074, 1.4161937 ], [ 103.8506308, 1.4162279 ], [ 103.8506813, 1.4162657 ], [ 103.8507137, 1.4162765 ], [ 103.8507371, 1.4162891 ], [ 103.8507461, 1.4163576 ], [ 103.850802, 1.4163666 ] ] ] } },
{ "type": "Feature", "properties": { "id": 1044808443, "name": null, "forest_area_ha": 0.026145241531755015, "source_layer": "natural", "source": "OSM" }, "geometry": { "type": "Polygon", "coordinates": [ [ [ 103.8511227, 1.4172276 ], [ 103.8511335, 1.4171789 ], [ 103.8511371, 1.4171249 ], [ 103.8511011, 1.4171069 ], [ 103.8510651, 1.4170979 ], [ 103.8510939, 1.4170529 ], [ 103.8510849, 1.417006 ], [ 103.8510398, 1.4169916 ], [ 103.851003800000015, 1.4170258 ], [ 103.850975, 1.4170871 ], [ 103.8510056, 1.4171267 ], [ 103.851047, 1.4171375 ], [ 103.851041600000016, 1.4172186 ], [ 103.8510831, 1.4172348 ], [ 103.8511227, 1.4172276 ] ] ] } },
{ "type": "Feature", "properties": { "id": 1044808449, "name": null, "forest_area_ha": 0.18873767707210903, "source_layer": "natural", "source": "OSM" }, "geometry": { "type": "Polygon", "coordinates": [ [ [ 103.8510593, 1.4166099 ], [ 103.8510995, 1.4166555 ], [ 103.8511478, 1.4167065 ], [ 103.8512162, 1.4167118 ], [ 103.8512309, 1.4167494 ], [ 103.8512296, 1.4167815 ], [ 103.8512631, 1.4167829 ], [ 103.8513825, 1.4168325 ], [ 103.8514549, 1.4169049 ], [ 103.8515193, 1.4168901 ], [ 103.851580900000016, 1.416925 ], [ 103.8516467, 1.4169397 ], [ 103.8516735, 1.416988 ], [ 103.851707, 1.416866 ], [ 103.8517204, 1.4168124 ], [ 103.851652, 1.4167708 ], [ 103.8515917, 1.4167655 ], [ 103.8515394, 1.416807 ], [ 103.8515112, 1.4167695 ], [ 103.851520600000015, 1.4167091 ], [ 103.8514616, 1.4166676 ], [ 103.8514147, 1.4166609 ], [ 103.8514079, 1.4166099 ], [ 103.8513865, 1.4165657 ], [ 103.8513436, 1.4165362 ], [ 103.8512832, 1.4165201 ], [ 103.8512349, 1.4165214 ], [ 103.851198700000012, 1.4165107 ], [ 103.8511679, 1.4164866 ], [ 103.851125, 1.4164987 ], [ 103.8510821, 1.4164651 ], [ 103.8510566, 1.4164356 ], [ 103.851023, 1.4164021 ], [ 103.8509976, 1.416386 ], [ 103.850952, 1.4164155 ], [ 103.8509225, 1.4164558 ], [ 103.8509117, 1.4165013 ], [ 103.8510593, 1.4166099 ] ] ] } },
{ "type": "Feature", "properties": { "id": 1046224963, "name": null, "forest_area_ha": 0.32381869389292395, "source_layer": "natural", "source": "OSM" }, "geometry": { "type": "Polygon", "coordinates": [ [ [ 103.8473193, 1.4135773 ], [ 103.8473407, 1.4135801 ], [ 103.8473706, 1.4135972 ], [ 103.8474048, 1.4135887 ], [ 103.8474291, 1.4135502 ], [ 103.847459, 1.4134847 ], [ 103.8474847, 1.4134191 ], [ 103.8475003, 1.4132894 ], [ 103.8474633, 1.4132538 ], [ 103.8474704, 1.4131683 ], [ 103.8474804, 1.4131042 ], [ 103.8474604, 1.4130657 ], [ 103.8474063, 1.4130515 ], [ 103.8473592, 1.4130529 ], [ 103.8473507, 1.4130201 ], [ 103.8473407, 1.4129731 ], [ 103.8473051, 1.4129645 ], [ 103.8472409, 1.4129717 ], [ 103.8472167, 1.4129275 ], [ 103.8471725, 1.4129104 ], [ 103.84711830000002, 1.4129104 ], [ 103.8470713, 1.4128648 ], [ 103.8470157, 1.4128833 ], [ 103.8470043, 1.4128648 ], [ 103.8470043, 1.4128334 ], [ 103.8469972, 1.4127764 ], [ 103.8469544, 1.4127764 ], [ 103.846923, 1.4127579 ], [ 103.8468746, 1.4127052 ], [ 103.8468375, 1.4126866 ], [ 103.8468176, 1.412641 ], [ 103.8467548, 1.4126239 ], [ 103.8466921, 1.412604 ], [ 103.846665, 1.4126197 ], [ 103.8466151, 1.4126596 ], [ 103.8466123, 1.4127109 ], [ 103.8466451, 1.4127351 ], [ 103.8466878, 1.4127351 ], [ 103.8467292, 1.4127465 ], [ 103.8467605, 1.412765 ], [ 103.8467848, 1.4127736 ], [ 103.8467933, 1.4127978 ], [ 103.846829, 1.412832 ], [ 103.8468019, 1.4128805 ], [ 103.8468418, 1.4129033 ], [ 103.8468746, 1.412909 ], [ 103.8469245, 1.412879 ], [ 103.846951500000017, 1.4128876 ], [ 103.8469715, 1.412936 ], [ 103.847, 1.4129987 ], [ 103.8470499, 1.413013 ], [ 103.8471012, 1.4130344 ], [ 103.8470756, 1.4130614 ], [ 103.847057, 1.4131256 ], [ 103.8470385, 1.4131769 ], [ 103.84702, 1.4132324 ], [ 103.8470385, 1.4132666 ], [ 103.8470385, 1.413288 ], [ 103.8470385, 1.4133236 ], [ 103.8470642, 1.4133236 ], [ 103.8470898, 1.4133208 ], [ 103.8471354, 1.4133393 ], [ 103.8471682, 1.4133521 ], [ 103.8472153, 1.4133607 ], [ 103.847258, 1.4133464 ], [ 103.8472894, 1.4133336 ], [ 103.8473279, 1.4133578 ], [ 103.8473065, 1.4133949 ], [ 103.8472908, 1.4134305 ], [ 103.8472965, 1.413479 ], [ 103.8472994, 1.4135103 ], [ 103.847297900000015, 1.4135573 ], [ 103.8473193, 1.4135773 ] ] ] } },
{ "type": "Feature", "properties": { "id": 1046224964, "name": null, "forest_area_ha": 0.027764861388239501, "source_layer": "natural", "source": "OSM" }, "geometry": { "type": "Polygon", "coordinates": [ [ [ 103.84664650000002, 1.4135018 ], [ 103.8466408, 1.4134604 ], [ 103.8466265, 1.4134034 ], [ 103.8466208, 1.413355 ], [ 103.8465781, 1.4133094 ], [ 103.8465097, 1.4132837 ], [ 103.8464455, 1.4133122 ], [ 103.8464184, 1.4133407 ], [ 103.84664650000002, 1.4135018 ] ] ] } },
{ "type": "Feature", "properties": { "id": 1046575957, "name": null, "forest_area_ha": 0.34071000419176761, "source_layer": "natural", "source": "OSM" }, "geometry": { "type": "Polygon", "coordinates": [ [ [ 103.8469173, 1.4114781 ], [ 103.8469526, 1.4114887 ], [ 103.8470145, 1.411517 ], [ 103.8470056, 1.4116247 ], [ 103.8471169, 1.4116583 ], [ 103.8471647, 1.4116866 ], [ 103.8472424, 1.4116866 ], [ 103.8473131, 1.4117184 ], [ 103.8473979, 1.4116989 ], [ 103.8474456, 1.4117484 ], [ 103.8475305, 1.4117749 ], [ 103.8475517, 1.4118261 ], [ 103.8476277, 1.411842 ], [ 103.8476842, 1.4118261 ], [ 103.8476842, 1.4117855 ], [ 103.8477832, 1.4117484 ], [ 103.8477814, 1.4116583 ], [ 103.847686, 1.4116247 ], [ 103.8475994, 1.4116477 ], [ 103.8475658, 1.4116035 ], [ 103.8475428, 1.4115505 ], [ 103.8475199, 1.411494 ], [ 103.8473573, 1.4114286 ], [ 103.8472088, 1.4113597 ], [ 103.8471382, 1.4113792 ], [ 103.8470692, 1.411312 ], [ 103.8469597, 1.4112502 ], [ 103.8468236, 1.4111919 ], [ 103.8467423, 1.4112608 ], [ 103.8466858, 1.4113633 ], [ 103.8467158, 1.4114127 ], [ 103.8467635, 1.4114657 ], [ 103.8468024, 1.4114993 ], [ 103.8468554, 1.4115081 ], [ 103.8468855, 1.4114975 ], [ 103.8469173, 1.4114781 ] ] ] } },
{ "type": "Feature", "properties": { "id": 1046575958, "name": null, "forest_area_ha": 0.16520242512210048, "source_layer": "natural", "source": "OSM" }, "geometry": { "type": "Polygon", "coordinates": [ [ [ 103.8469897, 1.4110347 ], [ 103.8470869, 1.4110241 ], [ 103.8471293, 1.4110135 ], [ 103.8471576, 1.4110612 ], [ 103.84723, 1.4111054 ], [ 103.8473308, 1.4111266 ], [ 103.847375, 1.4111018 ], [ 103.847406800000016, 1.4111213 ], [ 103.847406800000016, 1.4111778 ], [ 103.8474474, 1.4112325 ], [ 103.8475234, 1.411259 ], [ 103.8477107, 1.4112749 ], [ 103.8477461, 1.4112343 ], [ 103.847792, 1.4111637 ], [ 103.8478344, 1.4111389 ], [ 103.8469879, 1.4108686 ], [ 103.846949100000018, 1.4109446 ], [ 103.8469473, 1.4110206 ], [ 103.8469897, 1.4110347 ] ] ] } },
{ "type": "Feature", "properties": { "id": 1046575960, "name": null, "forest_area_ha": 0.10935126635653203, "source_layer": "natural", "source": "OSM" }, "geometry": { "type": "Polygon", "coordinates": [ [ [ 103.847924800000015, 1.4119611 ], [ 103.8479421, 1.411987 ], [ 103.8479939, 1.4120043 ], [ 103.8480486, 1.4120129 ], [ 103.8481148, 1.4120144 ], [ 103.8482112, 1.4120101 ], [ 103.848248700000013, 1.4119827 ], [ 103.8482587, 1.4119165 ], [ 103.8482587, 1.4118374 ], [ 103.8483048, 1.4117928 ], [ 103.8483019, 1.4117395 ], [ 103.8482472, 1.4116949 ], [ 103.848181, 1.4117237 ], [ 103.848075900000012, 1.4117194 ], [ 103.8479781, 1.4117482 ], [ 103.8479853, 1.4118446 ], [ 103.847924800000015, 1.4119266 ], [ 103.847924800000015, 1.4119611 ] ] ] } },
{ "type": "Feature", "properties": { "id": 1047180051, "name": null, "forest_area_ha": 1.0079201175701498, "source_layer": "natural", "source": "OSM" }, "geometry": { "type": "Polygon", "coordinates": [ [ [ 103.8297303, 1.3329324 ], [ 103.83, 1.3331252 ], [ 103.830476, 1.3331691 ], [ 103.831013, 1.3332448 ], [ 103.8311375, 1.3330251 ], [ 103.8307811, 1.3328128 ], [ 103.8306298, 1.3328885 ], [ 103.8305053, 1.3327494 ], [ 103.8302539, 1.3325176 ], [ 103.8299488, 1.3324395 ], [ 103.8297413, 1.3322174 ], [ 103.8295834, 1.3321754 ], [ 103.8294801, 1.3328324 ], [ 103.8297303, 1.3329324 ] ] ] } },
{ "type": "Feature", "properties": { "id": 1047357465, "name": null, "forest_area_ha": 0.014090790102242332, "source_layer": "natural", "source": "OSM" }, "geometry": { "type": "Polygon", "coordinates": [ [ [ 103.8456947, 1.4084837 ], [ 103.8457049, 1.4084354 ], [ 103.8456413, 1.4083616 ], [ 103.8456006, 1.4083756 ], [ 103.8455777, 1.408415 ], [ 103.8455777, 1.4084468 ], [ 103.8456413, 1.4084964 ], [ 103.8456947, 1.4084837 ] ] ] } },
{ "type": "Feature", "properties": { "id": 1047357467, "name": null, "forest_area_ha": 0.094777996556843727, "source_layer": "natural", "source": "OSM" }, "geometry": { "type": "Polygon", "coordinates": [ [ [ 103.8451831, 1.4091115 ], [ 103.8452899, 1.4091708 ], [ 103.8453991, 1.4091993 ], [ 103.8455107, 1.409242 ], [ 103.8455724, 1.40928 ], [ 103.8456033, 1.409299 ], [ 103.8456294, 1.4092468 ], [ 103.8455748, 1.4091471 ], [ 103.8454442, 1.4091186 ], [ 103.8452804, 1.4089477 ], [ 103.8452353, 1.4089216 ], [ 103.8451617, 1.4089145 ], [ 103.8451024, 1.4089454 ], [ 103.845088100000012, 1.4089691 ], [ 103.8451071, 1.4090166 ], [ 103.8451831, 1.4091115 ] ] ] } },
{ "type": "Feature", "properties": { "id": 1047358082, "name": null, "forest_area_ha": 0.028907404180652692, "source_layer": "natural", "source": "OSM" }, "geometry": { "type": "Polygon", "coordinates": [ [ [ 103.8459635, 1.4104491 ], [ 103.84597340000002, 1.4104803 ], [ 103.8459471, 1.410597 ], [ 103.8460556, 1.4106414 ], [ 103.8462233, 1.4106611 ], [ 103.846190400000012, 1.410648 ], [ 103.8461329, 1.4106069 ], [ 103.846049, 1.4105165 ], [ 103.8460293, 1.4104573 ], [ 103.8459898, 1.4104277 ], [ 103.8459635, 1.4104491 ] ] ] } },
{ "type": "Feature", "properties": { "id": 1047358085, "name": null, "forest_area_ha": 0.079236151104097027, "source_layer": "natural", "source": "OSM" }, "geometry": { "type": "Polygon", "coordinates": [ [ [ 103.846345, 1.4106924 ], [ 103.8463943, 1.4106562 ], [ 103.8465456, 1.4105625 ], [ 103.8466344, 1.410454 ], [ 103.8466459, 1.4102716 ], [ 103.8465571, 1.4102058 ], [ 103.8464995, 1.4102749 ], [ 103.8465028, 1.4103192 ], [ 103.8464979, 1.4103833 ], [ 103.8464469, 1.4104754 ], [ 103.8463877, 1.4105625 ], [ 103.8463006, 1.4106365 ], [ 103.8463137, 1.4106874 ], [ 103.846345, 1.4106924 ] ] ] } },
{ "type": "Feature", "properties": { "id": 1047358087, "name": null, "forest_area_ha": 0.070078716604639393, "source_layer": "natural", "source": "OSM" }, "geometry": { "type": "Polygon", "coordinates": [ [ [ 103.8446909, 1.4087067 ], [ 103.8447336, 1.4087527 ], [ 103.84480760000001, 1.4088152 ], [ 103.8449178, 1.4088464 ], [ 103.8450543, 1.4088793 ], [ 103.8451315, 1.4088185 ], [ 103.8449688, 1.4087478 ], [ 103.8448767, 1.4086804 ], [ 103.844736900000015, 1.4085818 ], [ 103.8446432, 1.408664 ], [ 103.8446909, 1.4087067 ] ] ] } },
{ "type": "Feature", "properties": { "id": 1047360439, "name": null, "forest_area_ha": 0.082708088043400796, "source_layer": "natural", "source": "OSM" }, "geometry": { "type": "Polygon", "coordinates": [ [ [ 103.847183, 1.4124123 ], [ 103.8475632, 1.4125143 ], [ 103.8477444, 1.4125296 ], [ 103.8479026, 1.4126011 ], [ 103.8479791, 1.4126623 ], [ 103.8480557, 1.4126036 ], [ 103.847923, 1.4125194 ], [ 103.8477036, 1.4124327 ], [ 103.8474969, 1.4124225 ], [ 103.8472494, 1.4123689 ], [ 103.847155, 1.4123868 ], [ 103.847183, 1.4124123 ] ] ] } },
{ "type": "Feature", "properties": { "id": 1047360444, "name": null, "forest_area_ha": 0.12284306647430566, "source_layer": "natural", "source": "OSM" }, "geometry": { "type": "Polygon", "coordinates": [ [ [ 103.8487411, 1.4133058 ], [ 103.8487975, 1.4132072 ], [ 103.8487975, 1.4131491 ], [ 103.8487729, 1.4130856 ], [ 103.8488099, 1.4130504 ], [ 103.8488486, 1.4129271 ], [ 103.848794, 1.4128654 ], [ 103.8486636, 1.4128161 ], [ 103.8486742, 1.4127597 ], [ 103.848616, 1.4127386 ], [ 103.8485543, 1.4127615 ], [ 103.84855610000001, 1.4128619 ], [ 103.8485861, 1.4129147 ], [ 103.8485667, 1.4130028 ], [ 103.8485772, 1.4130715 ], [ 103.848661800000016, 1.4131156 ], [ 103.8486636, 1.4131579 ], [ 103.8486689, 1.4131984 ], [ 103.8486054, 1.413253 ], [ 103.848642500000011, 1.4132847 ], [ 103.8487006, 1.4133094 ], [ 103.8487411, 1.4133058 ] ] ] } },
{ "type": "Feature", "properties": { "id": 1047360445, "name": null, "forest_area_ha": 0.040903896085640983, "source_layer": "natural", "source": "OSM" }, "geometry": { "type": "Polygon", "coordinates": [ [ [ 103.8490161, 1.4134362 ], [ 103.8491165, 1.4134609 ], [ 103.8491747, 1.4134151 ], [ 103.849155300000021, 1.4133129 ], [ 103.8490425, 1.4132882 ], [ 103.8489649, 1.4132653 ], [ 103.8489332, 1.4133182 ], [ 103.848942, 1.4134063 ], [ 103.8490161, 1.4134362 ] ] ] } },
{ "type": "Feature", "properties": { "id": 1047360446, "name": null, "forest_area_ha": 0.089158837698876336, "source_layer": "natural", "source": "OSM" }, "geometry": { "type": "Polygon", "coordinates": [ [ [ 103.8486865, 1.4141568 ], [ 103.8486706, 1.4140687 ], [ 103.8485843, 1.4140511 ], [ 103.8485491, 1.4140123 ], [ 103.84846450000002, 1.4139806 ], [ 103.8483675, 1.4139806 ], [ 103.8483323, 1.4139101 ], [ 103.8482213, 1.4138766 ], [ 103.848045, 1.4139048 ], [ 103.8479992, 1.4139665 ], [ 103.8486865, 1.4141568 ] ] ] } },
{ "type": "Feature", "properties": { "id": 1047360450, "name": null, "forest_area_ha": 0.34363241141891587, "source_layer": "natural", "source": "OSM" }, "geometry": { "type": "Polygon", "coordinates": [ [ [ 103.849553500000013, 1.4146641 ], [ 103.8496064, 1.4146324 ], [ 103.8498619, 1.4147047 ], [ 103.850043400000018, 1.4147346 ], [ 103.8500822, 1.4148086 ], [ 103.8501404, 1.4147945 ], [ 103.8501721, 1.4147557 ], [ 103.8502232, 1.4147064 ], [ 103.8502584, 1.4145531 ], [ 103.8502144, 1.4143312 ], [ 103.850195, 1.4143558 ], [ 103.8501386, 1.4144651 ], [ 103.8501034, 1.4143893 ], [ 103.8500223, 1.414236 ], [ 103.8499113, 1.414155 ], [ 103.8498232, 1.4140616 ], [ 103.84977210000001, 1.4141074 ], [ 103.8497298, 1.4141462 ], [ 103.8497439, 1.4142237 ], [ 103.8498302, 1.4142466 ], [ 103.8498108, 1.4142924 ], [ 103.8497967, 1.4143752 ], [ 103.849759700000021, 1.4143875 ], [ 103.8496698, 1.4144157 ], [ 103.8495888, 1.4144739 ], [ 103.8495588, 1.4145109 ], [ 103.849506, 1.4145901 ], [ 103.8495183, 1.4146412 ], [ 103.849553500000013, 1.4146641 ] ] ] } },
{ "type": "Feature", "properties": { "id": 1047363493, "name": null, "forest_area_ha": 0.03780422326115241, "source_layer": "natural", "source": "OSM" }, "geometry": { "type": "Polygon", "coordinates": [ [ [ 103.8512198, 1.4159115 ], [ 103.8512784, 1.4158748 ], [ 103.8513078, 1.4159262 ], [ 103.8513224, 1.4159824 ], [ 103.8513664, 1.416019 ], [ 103.8514471, 1.4160679 ], [ 103.8514935, 1.4159946 ], [ 103.8514593, 1.4159408 ], [ 103.8513249, 1.4158529 ], [ 103.8512222, 1.4158089 ], [ 103.8511636, 1.4158822 ], [ 103.8512198, 1.4159115 ] ] ] } },
{ "type": "Feature", "properties": { "id": 1047363959, "name": null, "forest_area_ha": 0.018132185838352115, "source_layer": "natural", "source": "OSM" }, "geometry": { "type": "Polygon", "coordinates": [ [ [ 103.8473905, 1.4123061 ], [ 103.8475209, 1.4123358 ], [ 103.8476543, 1.4123358 ], [ 103.8476424, 1.4122884 ], [ 103.8475476, 1.4122795 ], [ 103.8474379, 1.412238 ], [ 103.8473905, 1.4123061 ] ] ] } },
{ "type": "Feature", "properties": { "id": 1050510476, "name": null, "forest_area_ha": 1.6856354774628017, "source_layer": "natural", "source": "OSM" }, "geometry": { "type": "Polygon", "coordinates": [ [ [ 103.7895624, 1.3442427 ], [ 103.7896322, 1.3438553 ], [ 103.7898548, 1.3438874 ], [ 103.7899594, 1.3436944 ], [ 103.789828, 1.3435764 ], [ 103.7900399, 1.343264 ], [ 103.790005, 1.3429798 ], [ 103.7902437, 1.3430039 ], [ 103.790498500000012, 1.342662 ], [ 103.7905763, 1.3424649 ], [ 103.79041, 1.3423376 ], [ 103.7903899, 1.342241 ], [ 103.7901579, 1.3421391 ], [ 103.7899138, 1.3421901 ], [ 103.7899473, 1.3423443 ], [ 103.7898883, 1.3423577 ], [ 103.7898521, 1.34217 ], [ 103.7897207, 1.3421901 ], [ 103.7899138, 1.3431246 ], [ 103.7896402, 1.3432251 ], [ 103.7891091, 1.343256 ], [ 103.7890246, 1.3435885 ], [ 103.7890354, 1.343862 ], [ 103.7892111, 1.3444787 ], [ 103.789476600000015, 1.3444666 ], [ 103.7895624, 1.3442427 ] ] ] } },
{ "type": "Feature", "properties": { "id": 1050510481, "name": null, "forest_area_ha": 10.560895382223656, "source_layer": "natural", "source": "OSM" }, "geometry": { "type": "Polygon", "coordinates": [ [ [ 103.7978894, 1.336437 ], [ 103.7978987, 1.3365107 ], [ 103.7978692, 1.3367775 ], [ 103.7981066, 1.3369062 ], [ 103.7980342, 1.337047 ], [ 103.7977928, 1.3370242 ], [ 103.7975219, 1.3376624 ], [ 103.79731, 1.3385982 ], [ 103.797126300000016, 1.3397057 ], [ 103.7975849, 1.3396373 ], [ 103.7977137, 1.3396842 ], [ 103.797858500000018, 1.3401937 ], [ 103.7981509, 1.3406335 ], [ 103.7985452, 1.3406817 ], [ 103.7989609, 1.3406911 ], [ 103.799201, 1.3409123 ], [ 103.799217, 1.341037 ], [ 103.7990561, 1.3412341 ], [ 103.798275600000011, 1.3411135 ], [ 103.7979779, 1.3416122 ], [ 103.798576, 1.3416417 ], [ 103.7985948, 1.3420064 ], [ 103.7987114, 1.3420077 ], [ 103.7986109, 1.3422115 ], [ 103.7986591, 1.3422531 ], [ 103.7990829, 1.3418482 ], [ 103.799210300000013, 1.341686 ], [ 103.799400800000015, 1.3413186 ], [ 103.7994799, 1.3405477 ], [ 103.7994437, 1.3398411 ], [ 103.7992653, 1.3389321 ], [ 103.7992814, 1.3386586 ], [ 103.7996878, 1.3380539 ], [ 103.7997991, 1.3374372 ], [ 103.7990856, 1.3370081 ], [ 103.7988321, 1.3367467 ], [ 103.7986739, 1.3363646 ], [ 103.7983721, 1.3366046 ], [ 103.7979832, 1.3361849 ], [ 103.7978411, 1.3363297 ], [ 103.7978894, 1.336437 ] ] ] } },
{ "type": "Feature", "properties": { "id": 1050510489, "name": null, "forest_area_ha": 0.96566152378051662, "source_layer": "natural", "source": "OSM" }, "geometry": { "type": "Polygon", "coordinates": [ [ [ 103.8123196, 1.3307254 ], [ 103.8123572, 1.3302267 ], [ 103.8125691, 1.3296126 ], [ 103.8126844, 1.3295697 ], [ 103.8128802, 1.3291675 ], [ 103.812722, 1.3290414 ], [ 103.8123974, 1.3294115 ], [ 103.8122794, 1.3292854 ], [ 103.8120809, 1.3296984 ], [ 103.8120058, 1.3300711 ], [ 103.8118234, 1.3305484 ], [ 103.8120434, 1.3308541 ], [ 103.8119683, 1.3311759 ], [ 103.812038, 1.3312 ], [ 103.8123196, 1.3307254 ] ] ] } },
{ "type": "Feature", "properties": { "id": 1050510490, "name": null, "forest_area_ha": 1.291576081967335, "source_layer": "natural", "source": "OSM" }, "geometry": { "type": "Polygon", "coordinates": [ [ [ 103.8135655, 1.3327177 ], [ 103.8141315, 1.3321868 ], [ 103.8142616, 1.3320152 ], [ 103.8136822, 1.3319777 ], [ 103.813583, 1.3320206 ], [ 103.8136741, 1.3322056 ], [ 103.8133845, 1.332345 ], [ 103.8130599, 1.332337 ], [ 103.8127407, 1.3325703 ], [ 103.8122418, 1.3325247 ], [ 103.8120246, 1.332648 ], [ 103.8119173, 1.3326212 ], [ 103.811791200000016, 1.3327124 ], [ 103.8117698, 1.332943 ], [ 103.8132517, 1.3329604 ], [ 103.8135655, 1.3327177 ] ] ] } },
{ "type": "Feature", "properties": { "id": 1051553272, "name": null, "forest_area_ha": 3.4139834368312614, "source_layer": "natural", "source": "OSM" }, "geometry": { "type": "Polygon", "coordinates": [ [ [ 103.7943403, 1.2864612 ], [ 103.7945046, 1.286306 ], [ 103.7938442, 1.2857735 ], [ 103.7933409, 1.2852807 ], [ 103.7933341, 1.2849864 ], [ 103.7933649, 1.2848084 ], [ 103.7935292, 1.2844182 ], [ 103.7937962, 1.284206 ], [ 103.7942207, 1.2840007 ], [ 103.7944707, 1.2839562 ], [ 103.7947955, 1.2836867 ], [ 103.7956405, 1.2828444 ], [ 103.795868900000016, 1.2827962 ], [ 103.795975400000017, 1.2826643 ], [ 103.795869700000011, 1.2824285 ], [ 103.7958663, 1.2824208 ], [ 103.7949833, 1.2832275 ], [ 103.7949222, 1.2832631 ], [ 103.7933516, 1.2841788 ], [ 103.7925016, 1.2852494 ], [ 103.7928061, 1.2854878 ], [ 103.7926564, 1.2856933 ], [ 103.7921277, 1.2853256 ], [ 103.7918652, 1.2856015 ], [ 103.7921692, 1.2857542 ], [ 103.7930801, 1.2860231 ], [ 103.7934658, 1.2862185 ], [ 103.7936384, 1.2864468 ], [ 103.7942516, 1.2867284 ], [ 103.7943403, 1.2864612 ] ] ] } },
{ "type": "Feature", "properties": { "id": 1052409724, "name": null, "forest_area_ha": 1.1004155558032664, "source_layer": "natural", "source": "OSM" }, "geometry": { "type": "Polygon", "coordinates": [ [ [ 103.80189390000001, 1.3053035 ], [ 103.8019368, 1.3053008 ], [ 103.8019583, 1.3053517 ], [ 103.8020186, 1.3055341 ], [ 103.8020588, 1.3058827 ], [ 103.8020012, 1.3059215 ], [ 103.8020991, 1.3062232 ], [ 103.8023029, 1.3067622 ], [ 103.802425, 1.3067327 ], [ 103.8025524, 1.3068426 ], [ 103.8026999, 1.3068306 ], [ 103.8025752, 1.306482 ], [ 103.8025403, 1.3061521 ], [ 103.8026945, 1.3059269 ], [ 103.8027643, 1.3057459 ], [ 103.8025685, 1.3056614 ], [ 103.8023311, 1.3056346 ], [ 103.8023056, 1.30553 ], [ 103.8023552, 1.3053826 ], [ 103.8023888, 1.3051975 ], [ 103.8024317, 1.3048771 ], [ 103.801851, 1.3049482 ], [ 103.80189390000001, 1.3053035 ] ] ] } },
{ "type": "Feature", "properties": { "id": 1052409736, "name": null, "forest_area_ha": 2.1176993723570225, "source_layer": "natural", "source": "OSM" }, "geometry": { "type": "Polygon", "coordinates": [ [ [ 103.813934300000014, 1.3028704 ], [ 103.8135372, 1.3024085 ], [ 103.81350710000001, 1.3020085 ], [ 103.8134905, 1.3017892 ], [ 103.8132262, 1.3018135 ], [ 103.8132369, 1.302028 ], [ 103.8131645, 1.3022532 ], [ 103.8127702, 1.302272 ], [ 103.8127595, 1.3023524 ], [ 103.8130251, 1.302516 ], [ 103.8130197, 1.3025723 ], [ 103.8128829, 1.302626 ], [ 103.8127729, 1.3025402 ], [ 103.8126898, 1.3026233 ], [ 103.8127488, 1.302752 ], [ 103.8129473, 1.3027386 ], [ 103.8130304, 1.3030228 ], [ 103.8129902, 1.3032749 ], [ 103.8126522, 1.3033553 ], [ 103.8126053, 1.3035202 ], [ 103.8128105, 1.3036141 ], [ 103.8129352, 1.3037736 ], [ 103.8130385, 1.3037549 ], [ 103.81308, 1.3035055 ], [ 103.8131739, 1.3034733 ], [ 103.8132772, 1.3035712 ], [ 103.8136393, 1.3034894 ], [ 103.813646, 1.3033151 ], [ 103.8139357, 1.3033084 ], [ 103.8140242, 1.3032802 ], [ 103.8143139, 1.3033728 ], [ 103.8145164, 1.3035886 ], [ 103.815089, 1.3037468 ], [ 103.8155772, 1.3036128 ], [ 103.8152084, 1.3034613 ], [ 103.8148369, 1.3035028 ], [ 103.8147765, 1.3034143 ], [ 103.8145204, 1.3033982 ], [ 103.814216, 1.303118 ], [ 103.8143206, 1.3030067 ], [ 103.8141663, 1.3028158 ], [ 103.813934300000014, 1.3028704 ] ] ] } },
{ "type": "Feature", "properties": { "id": 1052409739, "name": null, "forest_area_ha": 1.8781608559627176, "source_layer": "natural", "source": "OSM" }, "geometry": { "type": "Polygon", "coordinates": [ [ [ 103.8087161, 1.3052981 ], [ 103.8085605, 1.3056118 ], [ 103.8085833, 1.3057057 ], [ 103.8085136, 1.3057794 ], [ 103.8085967, 1.3058786 ], [ 103.808696, 1.3058491 ], [ 103.8089883, 1.3060637 ], [ 103.8089588, 1.3061575 ], [ 103.8092485, 1.3063278 ], [ 103.8091841, 1.3064082 ], [ 103.8097729, 1.3069955 ], [ 103.8098238, 1.3067582 ], [ 103.8098104, 1.3066335 ], [ 103.809844, 1.3064471 ], [ 103.8101511, 1.3063251 ], [ 103.8101377, 1.3062782 ], [ 103.8099016, 1.3062755 ], [ 103.8098466, 1.306179 ], [ 103.8097434, 1.3062473 ], [ 103.8095435, 1.3059524 ], [ 103.8093907, 1.3060114 ], [ 103.8093115, 1.3057915 ], [ 103.809451, 1.3057164 ], [ 103.8094228, 1.3055984 ], [ 103.809219, 1.3055864 ], [ 103.8092083, 1.3053437 ], [ 103.8092633, 1.3053249 ], [ 103.809329, 1.3053973 ], [ 103.8097233, 1.3051875 ], [ 103.8096763, 1.3049388 ], [ 103.8096931, 1.3048858 ], [ 103.809793, 1.3047913 ], [ 103.8096414, 1.3046867 ], [ 103.8095161, 1.3046699 ], [ 103.8093913, 1.3046612 ], [ 103.8092378, 1.3047061 ], [ 103.808864900000017, 1.3048771 ], [ 103.8087925, 1.3049267 ], [ 103.8086343, 1.3052552 ], [ 103.8087161, 1.3052981 ] ] ] } },
{ "type": "Feature", "properties": { "id": 1052409743, "name": null, "forest_area_ha": 5.0718374618910733, "source_layer": "natural", "source": "OSM" }, "geometry": { "type": "Polygon", "coordinates": [ [ [ 103.8085545, 1.3050822 ], [ 103.808454600000019, 1.3051519 ], [ 103.8082346, 1.3051962 ], [ 103.8081703, 1.3049931 ], [ 103.8080925, 1.3049595 ], [ 103.8080288, 1.3049314 ], [ 103.8079262, 1.3049026 ], [ 103.8077324, 1.304869 ], [ 103.8076747, 1.3048684 ], [ 103.8076405, 1.3048476 ], [ 103.807592200000016, 1.3047946 ], [ 103.807574100000011, 1.3046364 ], [ 103.8075782, 1.3045613 ], [ 103.8075916, 1.3045097 ], [ 103.8076278, 1.3044628 ], [ 103.8076922, 1.3044179 ], [ 103.8077746, 1.3044072 ], [ 103.8078538, 1.3044434 ], [ 103.807898, 1.3044769 ], [ 103.8079463, 1.3045325 ], [ 103.8081273, 1.3044494 ], [ 103.8082065, 1.3046183 ], [ 103.8085981, 1.3044735 ], [ 103.8086236, 1.3045124 ], [ 103.809101, 1.3041316 ], [ 103.809215, 1.3041155 ], [ 103.809274, 1.3040472 ], [ 103.8089266, 1.3037401 ], [ 103.8089481, 1.3036262 ], [ 103.8091573, 1.3033473 ], [ 103.8092633, 1.3033352 ], [ 103.8098051, 1.3027104 ], [ 103.8100693, 1.3029102 ], [ 103.8101846, 1.3027721 ], [ 103.8106741, 1.3029263 ], [ 103.8107519, 1.3028244 ], [ 103.8109866, 1.302807 ], [ 103.8110657, 1.3027372 ], [ 103.8108981, 1.3026179 ], [ 103.8109021, 1.3024141 ], [ 103.810840400000018, 1.3023176 ], [ 103.810749200000018, 1.3020615 ], [ 103.8106379, 1.3020923 ], [ 103.8104448, 1.3020387 ], [ 103.8102852, 1.3017732 ], [ 103.8100196, 1.3017692 ], [ 103.8100237, 1.301859 ], [ 103.8098735, 1.3019703 ], [ 103.8098735, 1.3020736 ], [ 103.808755, 1.3032977 ], [ 103.8087188, 1.3034975 ], [ 103.8085458, 1.3034613 ], [ 103.8080147, 1.3030255 ], [ 103.8078591, 1.3031757 ], [ 103.8077357, 1.3031059 ], [ 103.8075507, 1.3033352 ], [ 103.8071953, 1.3042872 ], [ 103.8072838, 1.3047028 ], [ 103.807371, 1.3047296 ], [ 103.8074125, 1.3049937 ], [ 103.807548, 1.3049709 ], [ 103.807651300000018, 1.3052176 ], [ 103.8074782, 1.3052673 ], [ 103.8075238, 1.3054737 ], [ 103.8083835, 1.3056011 ], [ 103.8086195, 1.3051251 ], [ 103.8085545, 1.3050822 ] ] ] } },
{ "type": "Feature", "properties": { "id": 1056031533, "name": null, "forest_area_ha": 0.35445775781516242, "source_layer": "natural", "source": "OSM" }, "geometry": { "type": "Polygon", "coordinates": [ [ [ 103.7957366, 1.320828 ], [ 103.7959133, 1.3206467 ], [ 103.7955797, 1.3199445 ], [ 103.795195800000016, 1.3202781 ], [ 103.7957366, 1.320828 ] ] ] } },
{ "type": "Feature", "properties": { "id": 1056031534, "name": null, "forest_area_ha": 0.59734400963137069, "source_layer": "natural", "source": "OSM" }, "geometry": { "type": "Polygon", "coordinates": [ [ [ 103.7959996, 1.3195704 ], [ 103.7958081, 1.3197238 ], [ 103.7959158, 1.3200194 ], [ 103.7958329, 1.3200598 ], [ 103.7959036, 1.3203286 ], [ 103.796128, 1.3203872 ], [ 103.7962089, 1.3202841 ], [ 103.7963177, 1.3201217 ], [ 103.7963605, 1.3200578 ], [ 103.796409, 1.3199042 ], [ 103.7963605, 1.3192191 ], [ 103.7961635, 1.319139 ], [ 103.7959996, 1.3195704 ] ] ] } },
{ "type": "Feature", "properties": { "id": 1056537290, "name": null, "forest_area_ha": 2.1365616851389335, "source_layer": "natural", "source": "OSM" }, "geometry": { "type": "Polygon", "coordinates": [ [ [ 103.7612099, 1.2999375 ], [ 103.7615647, 1.3003882 ], [ 103.7622919, 1.3009377 ], [ 103.7626282, 1.300227 ], [ 103.7618324, 1.2996745 ], [ 103.7608726, 1.299395 ], [ 103.7608417, 1.2994721 ], [ 103.760738300000014, 1.2994038 ], [ 103.7607823, 1.2993598 ], [ 103.7602958, 1.2989791 ], [ 103.7601195, 1.2989049 ], [ 103.759984, 1.2987225 ], [ 103.759861900000018, 1.298751 ], [ 103.7598519, 1.2991487 ], [ 103.760227, 1.2996352 ], [ 103.7608616, 1.2998066 ], [ 103.7612099, 1.2999375 ] ] ] } },
{ "type": "Feature", "properties": { "id": 1057469624, "name": null, "forest_area_ha": 0.034673718135427363, "source_layer": "natural", "source": "OSM" }, "geometry": { "type": "Polygon", "coordinates": [ [ [ 103.8370934, 1.4542786 ], [ 103.8371425, 1.454313 ], [ 103.8372511, 1.4543287 ], [ 103.8376815, 1.454596 ], [ 103.8376993, 1.4545657 ], [ 103.8371195, 1.4542076 ], [ 103.8370934, 1.4542786 ] ] ] } },
{ "type": "Feature", "properties": { "id": 1057469625, "name": null, "forest_area_ha": 0.82216852398433182, "source_layer": "natural", "source": "OSM" }, "geometry": { "type": "Polygon", "coordinates": [ [ [ 103.8346584, 1.4528578 ], [ 103.8347852, 1.4529198 ], [ 103.8348183, 1.452986 ], [ 103.8347894, 1.4530452 ], [ 103.8347218, 1.4530507 ], [ 103.8346887, 1.4531485 ], [ 103.8346543, 1.4532147 ], [ 103.8346832, 1.4532615 ], [ 103.8347466, 1.4532684 ], [ 103.8348583, 1.4532285 ], [ 103.8349079, 1.4531775 ], [ 103.8350609, 1.4533235 ], [ 103.8350209, 1.4534365 ], [ 103.8350609, 1.4534792 ], [ 103.8351298, 1.4534186 ], [ 103.8352373, 1.4532078 ], [ 103.835411, 1.4533043 ], [ 103.8355144, 1.4534186 ], [ 103.8353035, 1.4537934 ], [ 103.8354179, 1.4538444 ], [ 103.8356205, 1.4535288 ], [ 103.8356963, 1.4535247 ], [ 103.8359154, 1.4536611 ], [ 103.8358755, 1.4537617 ], [ 103.8355681, 1.4538402 ], [ 103.8355667, 1.4539463 ], [ 103.8357018, 1.4539725 ], [ 103.8357666, 1.4538747 ], [ 103.8358534, 1.4538485 ], [ 103.8360547, 1.4539381 ], [ 103.8360919, 1.4539959 ], [ 103.8361622, 1.4540208 ], [ 103.8362077, 1.4539684 ], [ 103.836312400000011, 1.4539339 ], [ 103.8363538, 1.4541255 ], [ 103.8362848, 1.454266 ], [ 103.8363979, 1.4543074 ], [ 103.8365522, 1.4542577 ], [ 103.8365192, 1.4540869 ], [ 103.836555, 1.4539532 ], [ 103.836595, 1.4539546 ], [ 103.8369671, 1.4541861 ], [ 103.8369892, 1.4541379 ], [ 103.8353476, 1.4531444 ], [ 103.8346846, 1.4527448 ], [ 103.8346584, 1.4528578 ] ] ] } },
{ "type": "Feature", "properties": { "id": 1057469626, "name": null, "forest_area_ha": 0.66148186107499118, "source_layer": "natural", "source": "OSM" }, "geometry": { "type": "Polygon", "coordinates": [ [ [ 103.8325025, 1.4530359 ], [ 103.8325693, 1.4530725 ], [ 103.8326143, 1.4530547 ], [ 103.8326654, 1.4530693 ], [ 103.8326884, 1.453132 ], [ 103.8328858, 1.4532301 ], [ 103.8328852, 1.4532748 ], [ 103.8333762, 1.4535528 ], [ 103.8333864, 1.4535209 ], [ 103.8333725, 1.4534809 ], [ 103.833272, 1.4533361 ], [ 103.8330907, 1.4531501 ], [ 103.8329118, 1.4530235 ], [ 103.8328136, 1.4528509 ], [ 103.8328405, 1.4527275 ], [ 103.8329355, 1.4525993 ], [ 103.8329862, 1.4525011 ], [ 103.8330463, 1.4522732 ], [ 103.833116, 1.4520928 ], [ 103.8331793, 1.4519994 ], [ 103.8332585, 1.4519788 ], [ 103.8333709, 1.4521086 ], [ 103.8334928, 1.4522036 ], [ 103.8336258, 1.4522511 ], [ 103.8336876, 1.4522922 ], [ 103.8336559, 1.4523318 ], [ 103.8335894, 1.4523128 ], [ 103.8335546, 1.4523729 ], [ 103.8336512, 1.4524916 ], [ 103.8337287, 1.4525075 ], [ 103.8337636, 1.4524552 ], [ 103.8338443, 1.4524505 ], [ 103.8339488, 1.452536 ], [ 103.8339203, 1.4526024 ], [ 103.8338728, 1.4526325 ], [ 103.833928200000017, 1.452699 ], [ 103.8340248, 1.4527528 ], [ 103.8340897, 1.452699 ], [ 103.8341103, 1.4526341 ], [ 103.8341071, 1.4525613 ], [ 103.8341404, 1.4525312 ], [ 103.8342433, 1.4525708 ], [ 103.8343066, 1.4525265 ], [ 103.8337652, 1.4522067 ], [ 103.8337335, 1.4522463 ], [ 103.8335672, 1.4521419 ], [ 103.8334485, 1.4520247 ], [ 103.8332332, 1.4518949 ], [ 103.8331952, 1.4518728 ], [ 103.8331382, 1.4518997 ], [ 103.832563100000016, 1.4529148 ], [ 103.8325025, 1.4530359 ] ] ] } },
{ "type": "Feature", "properties": { "id": 1060096946, "name": null, "forest_area_ha": 3.5853356714308227, "source_layer": "natural", "source": "OSM" }, "geometry": { "type": "Polygon", "coordinates": [ [ [ 103.795702, 1.3430321 ], [ 103.7958053, 1.343138 ], [ 103.7965429, 1.3430227 ], [ 103.7964597, 1.3427143 ], [ 103.7965013, 1.3423429 ], [ 103.7963203, 1.3422625 ], [ 103.7965724, 1.3416712 ], [ 103.7964812, 1.3416015 ], [ 103.796567, 1.3414915 ], [ 103.7967253, 1.3412985 ], [ 103.7967172, 1.3411027 ], [ 103.7968433, 1.3409982 ], [ 103.7968969, 1.3407327 ], [ 103.7968808, 1.3405182 ], [ 103.7967467, 1.3404029 ], [ 103.7967065, 1.3402071 ], [ 103.796585800000017, 1.3400194 ], [ 103.796784300000013, 1.3399577 ], [ 103.7968487, 1.3397781 ], [ 103.796905, 1.3393973 ], [ 103.7970954, 1.3393437 ], [ 103.7972389, 1.3383261 ], [ 103.7971424, 1.3382724 ], [ 103.79634710000002, 1.3402715 ], [ 103.7952434, 1.3426848 ], [ 103.795702, 1.3430321 ] ] ] } },
{ "type": "Feature", "properties": { "id": 1060096952, "name": null, "forest_area_ha": 5.956277076172185, "source_layer": "natural", "source": "OSM" }, "geometry": { "type": "Polygon", "coordinates": [ [ [ 103.7932116, 1.3421485 ], [ 103.7933813, 1.342361 ], [ 103.7939787, 1.342607 ], [ 103.7944615, 1.3425561 ], [ 103.7940484, 1.3413012 ], [ 103.7941879, 1.3408614 ], [ 103.7947612, 1.3397023 ], [ 103.7953527, 1.3387336 ], [ 103.7961191, 1.3379004 ], [ 103.796502600000011, 1.3373165 ], [ 103.7960091, 1.3368445 ], [ 103.7956068, 1.3367721 ], [ 103.7951589, 1.3375498 ], [ 103.7950422, 1.3375525 ], [ 103.7948692, 1.3378943 ], [ 103.794896, 1.3380485 ], [ 103.7936059, 1.340789 ], [ 103.7935173, 1.3408239 ], [ 103.7932008, 1.341505 ], [ 103.7934262, 1.3419528 ], [ 103.793262987843903, 1.342101637930813 ], [ 103.793325769597729, 1.342157676680755 ], [ 103.793414668594053, 1.34222400176328 ], [ 103.793508992839691, 1.342282243506104 ], [ 103.793608018770485, 1.34233195513505 ], [ 103.793508992833978, 1.342282243514088 ], [ 103.793414668583083, 1.342224001776874 ], [ 103.79332576958231, 1.342157676697741 ], [ 103.793262987825031, 1.342101637948015 ], [ 103.7932116, 1.3421485 ] ] ] } },
{ "type": "Feature", "properties": { "id": 1060096968, "name": null, "forest_area_ha": 0.80836118101585341, "source_layer": "natural", "source": "OSM" }, "geometry": { "type": "Polygon", "coordinates": [ [ [ 103.8112092, 1.3242134 ], [ 103.8121399, 1.3239761 ], [ 103.8124551, 1.3239278 ], [ 103.8127381, 1.3239158 ], [ 103.8131708, 1.3238973 ], [ 103.813114900000016, 1.3235296 ], [ 103.8118221, 1.3236972 ], [ 103.8114305, 1.3238286 ], [ 103.8110898, 1.3240378 ], [ 103.8112092, 1.3242134 ] ] ] } },
{ "type": "Feature", "properties": { "id": 1060097009, "name": null, "forest_area_ha": 0.57678472222484811, "source_layer": "natural", "source": "OSM" }, "geometry": { "type": "Polygon", "coordinates": [ [ [ 103.806738, 1.3397607 ], [ 103.8066106, 1.339703 ], [ 103.8065462, 1.3397097 ], [ 103.8065234, 1.3397513 ], [ 103.8065515, 1.3397969 ], [ 103.8063785, 1.3398465 ], [ 103.8063034, 1.3397727 ], [ 103.806227, 1.3398894 ], [ 103.8061586, 1.3400476 ], [ 103.806164, 1.3401253 ], [ 103.8061908, 1.3402259 ], [ 103.806235, 1.3403184 ], [ 103.8063034, 1.3404055 ], [ 103.8063893, 1.3404578 ], [ 103.8065059, 1.34049 ], [ 103.8066293, 1.34049 ], [ 103.8067473, 1.3404404 ], [ 103.8068251, 1.34036 ], [ 103.8068868, 1.3402527 ], [ 103.8069271, 1.3401374 ], [ 103.8069472, 1.3400194 ], [ 103.8069351, 1.3399175 ], [ 103.806915, 1.3397553 ], [ 103.806738, 1.3397607 ] ] ] } },
{ "type": "Feature", "properties": { "id": 1064467541, "name": null, "forest_area_ha": 0.41764363468163829, "source_layer": "natural", "source": "OSM" }, "geometry": { "type": "Polygon", "coordinates": [ [ [ 103.7687022, 1.2985027 ], [ 103.7688555, 1.2984366 ], [ 103.7691587, 1.2982432 ], [ 103.7694643, 1.2981984 ], [ 103.7694525, 1.2980569 ], [ 103.7689629, 1.2977349 ], [ 103.7688249, 1.2978104 ], [ 103.7687612, 1.2980392 ], [ 103.7686043, 1.2983494 ], [ 103.7687022, 1.2985027 ] ] ] } },
{ "type": "Feature", "properties": { "id": 1064840495, "name": null, "forest_area_ha": 1.0056157901536713, "source_layer": "natural", "source": "OSM" }, "geometry": { "type": "Polygon", "coordinates": [ [ [ 103.7847834, 1.2838844 ], [ 103.7849385, 1.2837951 ], [ 103.7845415, 1.2832014 ], [ 103.7836022, 1.2837097 ], [ 103.7839307, 1.284114 ], [ 103.7840077, 1.2841305 ], [ 103.7844274, 1.2843717 ], [ 103.7847834, 1.2838844 ] ] ] } },
{ "type": "Feature", "properties": { "id": 1074063169, "name": null, "forest_area_ha": 0.34635158590803899, "source_layer": "natural", "source": "OSM" }, "geometry": { "type": "Polygon", "coordinates": [ [ [ 103.7965855, 1.2831183 ], [ 103.7962351, 1.2830229 ], [ 103.7960547, 1.2827934 ], [ 103.7957087, 1.2829596 ], [ 103.7954982, 1.283378 ], [ 103.7955802, 1.2834799 ], [ 103.795838, 1.283093 ], [ 103.79615, 1.283123 ], [ 103.7962743, 1.2832939 ], [ 103.7965345, 1.2833965 ], [ 103.796658, 1.283148 ], [ 103.7965855, 1.2831183 ] ] ] } },
{ "type": "Feature", "properties": { "id": 1074063170, "name": null, "forest_area_ha": 0.38285918138331732, "source_layer": "natural", "source": "OSM" }, "geometry": { "type": "Polygon", "coordinates": [ [ [ 103.7960695, 1.2823 ], [ 103.7961087, 1.2822318 ], [ 103.7961566, 1.2821485 ], [ 103.7962412, 1.282037 ], [ 103.7963279, 1.2818695 ], [ 103.79639130000001, 1.2817704 ], [ 103.7962599, 1.281639 ], [ 103.7960842, 1.281588 ], [ 103.7961017, 1.2814124 ], [ 103.796154, 1.2814392 ], [ 103.7961821, 1.2814017 ], [ 103.7961674, 1.281348 ], [ 103.7962747, 1.2812609 ], [ 103.7962706, 1.2810625 ], [ 103.7963739, 1.2810973 ], [ 103.7964071, 1.2807242 ], [ 103.7963212, 1.2806591 ], [ 103.7961328, 1.2810756 ], [ 103.7958667, 1.2816637 ], [ 103.7962652, 1.2819432 ], [ 103.7958436, 1.2823438 ], [ 103.795869700000011, 1.2824285 ], [ 103.7959112, 1.2824341 ], [ 103.7960695, 1.2823 ] ] ] } },
{ "type": "Feature", "properties": { "id": 1074063172, "name": null, "forest_area_ha": 0.014257647740978407, "source_layer": "natural", "source": "OSM" }, "geometry": { "type": "Polygon", "coordinates": [ [ [ 103.7969388, 1.2824264 ], [ 103.7968243, 1.2823932 ], [ 103.7967762, 1.2824941 ], [ 103.7968541, 1.2825233 ], [ 103.7969388, 1.2824264 ] ] ] } },
{ "type": "Feature", "properties": { "id": 1075462623, "name": null, "forest_area_ha": 3.0099063377196194, "source_layer": "natural", "source": "OSM" }, "geometry": { "type": "Polygon", "coordinates": [ [ [ 103.82100410000001, 1.4003784 ], [ 103.8211963, 1.4005002 ], [ 103.8212153, 1.4004676 ], [ 103.821228, 1.4004404 ], [ 103.8212544, 1.4003761 ], [ 103.8212875, 1.400304 ], [ 103.8204828, 1.3991638 ], [ 103.8200491, 1.3994084 ], [ 103.8200705, 1.3995552 ], [ 103.8200259, 1.3996114 ], [ 103.8197208, 1.3997416 ], [ 103.8196284, 1.3997339 ], [ 103.8195791, 1.3997593 ], [ 103.8195437, 1.3996938 ], [ 103.8190442, 1.399974 ], [ 103.8190261, 1.4001158 ], [ 103.8188666, 1.4001974 ], [ 103.8187534, 1.4001635 ], [ 103.8186987, 1.400122 ], [ 103.8187626, 1.4000835 ], [ 103.8187526, 1.4000311 ], [ 103.8187118, 1.4000103 ], [ 103.818473, 1.4000496 ], [ 103.8184237, 1.4000873 ], [ 103.818359, 1.4000465 ], [ 103.8183151, 1.4000296 ], [ 103.8182681, 1.4000465 ], [ 103.8182774, 1.3999772 ], [ 103.8182296, 1.3999803 ], [ 103.8182204, 1.3999664 ], [ 103.8182481, 1.399911 ], [ 103.8182666, 1.3998509 ], [ 103.8182496, 1.3998009 ], [ 103.8181903, 1.3997878 ], [ 103.8181765, 1.3998255 ], [ 103.8181826, 1.3998748 ], [ 103.8181487, 1.3998817 ], [ 103.8181179, 1.3998132 ], [ 103.818037, 1.3997323 ], [ 103.8179616, 1.3996792 ], [ 103.81792, 1.3996977 ], [ 103.8177915, 1.3996602 ], [ 103.8177568, 1.3997219 ], [ 103.8179723, 1.3997995 ], [ 103.8178521, 1.4001205 ], [ 103.8180061, 1.4001763 ], [ 103.8179048, 1.400454 ], [ 103.8179361, 1.4004531 ], [ 103.8179808, 1.4003684 ], [ 103.8180424, 1.4003607 ], [ 103.8180956, 1.4003422 ], [ 103.8181087, 1.4003691 ], [ 103.818037, 1.400383 ], [ 103.8179931, 1.4004615 ], [ 103.8179515, 1.4004923 ], [ 103.81793, 1.4005324 ], [ 103.8179492, 1.4005817 ], [ 103.8179877, 1.4006248 ], [ 103.8179947, 1.4006318 ], [ 103.8186179, 1.4008322 ], [ 103.8186474, 1.4008407 ], [ 103.818713, 1.4008552 ], [ 103.8187739, 1.4008611 ], [ 103.8188462, 1.4008555 ], [ 103.818909, 1.4008458 ], [ 103.8189702, 1.4008267 ], [ 103.8190822, 1.4007713 ], [ 103.8192262, 1.4006825 ], [ 103.8192585, 1.4006621 ], [ 103.8193128, 1.4006291 ], [ 103.8193647, 1.4005979 ], [ 103.8193804, 1.4005886 ], [ 103.8195113, 1.4005093 ], [ 103.819551, 1.4004825 ], [ 103.819747, 1.4003653 ], [ 103.8197948, 1.4003376 ], [ 103.8198227, 1.4003204 ], [ 103.8199342, 1.4002521 ], [ 103.819965, 1.40024 ], [ 103.8200396, 1.4002115 ], [ 103.8200852, 1.4001851 ], [ 103.820089, 1.4001381 ], [ 103.8201699, 1.4001297 ], [ 103.8202577, 1.4001374 ], [ 103.8203524, 1.4001789 ], [ 103.8204641, 1.4001874 ], [ 103.8207068, 1.4002544 ], [ 103.8208185, 1.4002975 ], [ 103.8209479, 1.4003537 ], [ 103.82100410000001, 1.4003784 ] ] ] } },
{ "type": "Feature", "properties": { "id": 1075543053, "name": null, "forest_area_ha": 1.0304078664099854, "source_layer": "natural", "source": "OSM" }, "geometry": { "type": "Polygon", "coordinates": [ [ [ 103.7939216, 1.3334481 ], [ 103.7947807, 1.3331468 ], [ 103.7948799, 1.3330368 ], [ 103.794920100000013, 1.3329135 ], [ 103.7946922, 1.3323263 ], [ 103.7936879, 1.3327498 ], [ 103.7939216, 1.3334481 ] ] ] } },
{ "type": "Feature", "properties": { "id": 1077024721, "name": null, "forest_area_ha": 0.069071048746305319, "source_layer": "natural", "source": "OSM" }, "geometry": { "type": "Polygon", "coordinates": [ [ [ 103.8514115, 1.3218054 ], [ 103.8513055, 1.3218215 ], [ 103.851272, 1.3218966 ], [ 103.8512751, 1.3219303 ], [ 103.8512947, 1.3220265 ], [ 103.851242500000012, 1.3220535 ], [ 103.851222400000012, 1.3221406 ], [ 103.8512814, 1.3221942 ], [ 103.8513563, 1.3221503 ], [ 103.8513419, 1.3220445 ], [ 103.8513512, 1.3219296 ], [ 103.8515168, 1.3219936 ], [ 103.8515637, 1.3218707 ], [ 103.8514115, 1.3218054 ] ] ] } },
{ "type": "Feature", "properties": { "id": 1078245449, "name": null, "forest_area_ha": 0.37857018565250089, "source_layer": "natural", "source": "OSM" }, "geometry": { "type": "Polygon", "coordinates": [ [ [ 103.8343674, 1.4568216 ], [ 103.8346168, 1.4566366 ], [ 103.8347429, 1.4567787 ], [ 103.8348529, 1.4567573 ], [ 103.8349146, 1.4566607 ], [ 103.8348582, 1.456583 ], [ 103.834880200000015, 1.456473 ], [ 103.834582, 1.4563014 ], [ 103.834464, 1.4562961 ], [ 103.8343808, 1.456473 ], [ 103.8340294, 1.4563524 ], [ 103.8340643, 1.4567626 ], [ 103.8343674, 1.4568216 ] ] ] } },
{ "type": "Feature", "properties": { "id": 1078245454, "name": null, "forest_area_ha": 1.4392976060496554, "source_layer": "natural", "source": "OSM" }, "geometry": { "type": "Polygon", "coordinates": [ [ [ 103.8332891, 1.4583259 ], [ 103.8337961, 1.4583768 ], [ 103.8340858, 1.4582749 ], [ 103.8343754, 1.4582401 ], [ 103.8347429, 1.4582588 ], [ 103.8351774, 1.4583554 ], [ 103.8352311, 1.4579532 ], [ 103.8351908, 1.4574786 ], [ 103.8349575, 1.4576314 ], [ 103.8346356, 1.4575134 ], [ 103.8347429, 1.4571461 ], [ 103.8346142, 1.457079 ], [ 103.8345739, 1.4574544 ], [ 103.834354, 1.4575349 ], [ 103.8340428, 1.4579237 ], [ 103.833839, 1.457803 ], [ 103.8336512, 1.4580095 ], [ 103.8331524, 1.4580229 ], [ 103.8331443, 1.4581194 ], [ 103.8332891, 1.4583259 ] ] ] } },
{ "type": "Feature", "properties": { "id": 1078245455, "name": null, "forest_area_ha": 0.59064310031630107, "source_layer": "natural", "source": "OSM" }, "geometry": { "type": "Polygon", "coordinates": [ [ [ 103.8301429, 1.4584599 ], [ 103.8301617, 1.458055 ], [ 103.8301268, 1.4577494 ], [ 103.8304058, 1.4577333 ], [ 103.8306673, 1.4573351 ], [ 103.8305251, 1.457248 ], [ 103.8303427, 1.4574987 ], [ 103.8301456, 1.4574718 ], [ 103.8300128, 1.4573941 ], [ 103.8300356, 1.4572077 ], [ 103.829874700000019, 1.4571581 ], [ 103.8297339, 1.4574491 ], [ 103.82999, 1.458468 ], [ 103.8301429, 1.4584599 ] ] ] } },
{ "type": "Feature", "properties": { "id": 1078514296, "name": null, "forest_area_ha": 0.23018495882090878, "source_layer": "natural", "source": "OSM" }, "geometry": { "type": "Polygon", "coordinates": [ [ [ 103.8508733, 1.3185044 ], [ 103.8509834, 1.3186637 ], [ 103.8510462, 1.3189388 ], [ 103.8510624, 1.3191958 ], [ 103.8511202, 1.3190949 ], [ 103.8511973, 1.3189997 ], [ 103.851284, 1.3189019 ], [ 103.8514466, 1.3188038 ], [ 103.8515879, 1.3187653 ], [ 103.8506705, 1.3183467 ], [ 103.8508733, 1.3185044 ] ] ] } },
{ "type": "Feature", "properties": { "id": 1080302730, "name": null, "forest_area_ha": 0.55443270274918643, "source_layer": "natural", "source": "OSM" }, "geometry": { "type": "Polygon", "coordinates": [ [ [ 103.8503774, 1.2762614 ], [ 103.8505519, 1.2761645 ], [ 103.8508179, 1.2765465 ], [ 103.8509231, 1.2764779 ], [ 103.8500198, 1.2750823 ], [ 103.8497592, 1.2752501 ], [ 103.8503774, 1.2762614 ] ] ] } },
{ "type": "Feature", "properties": { "id": 1089795920, "name": null, "forest_area_ha": 0.099466201120749637, "source_layer": "natural", "source": "OSM" }, "geometry": { "type": "Polygon", "coordinates": [ [ [ 103.779339800000017, 1.2910617 ], [ 103.77977, 1.2904571 ], [ 103.7802743, 1.2897239 ], [ 103.780237, 1.2896936 ], [ 103.7796081, 1.2906048 ], [ 103.779296, 1.2910243 ], [ 103.779339800000017, 1.2910617 ] ] ] } },
{ "type": "Feature", "properties": { "id": 1089795921, "name": null, "forest_area_ha": 0.033284519626237928, "source_layer": "natural", "source": "OSM" }, "geometry": { "type": "Polygon", "coordinates": [ [ [ 103.7803628, 1.2896668 ], [ 103.7802287, 1.2895595 ], [ 103.7801197, 1.2895753 ], [ 103.7800186, 1.2894563 ], [ 103.780012, 1.2895326 ], [ 103.7801146, 1.2896114 ], [ 103.780237, 1.2896936 ], [ 103.7802743, 1.2897239 ], [ 103.7803628, 1.2896668 ] ] ] } },
{ "type": "Feature", "properties": { "id": 1089795922, "name": null, "forest_area_ha": 0.026768489658863099, "source_layer": "natural", "source": "OSM" }, "geometry": { "type": "Polygon", "coordinates": [ [ [ 103.7810626, 1.2897439 ], [ 103.780883, 1.2897234 ], [ 103.7803628, 1.2896668 ], [ 103.7803662, 1.2896977 ], [ 103.7808736, 1.2897582 ], [ 103.780966500000019, 1.2897668 ], [ 103.7810626, 1.2897439 ] ] ] } },
{ "type": "Feature", "properties": { "id": 1090235047, "name": null, "forest_area_ha": 0.80951859085323863, "source_layer": "natural", "source": "OSM" }, "geometry": { "type": "Polygon", "coordinates": [ [ [ 103.8632472, 1.2987885 ], [ 103.8633935, 1.2988917 ], [ 103.8634813, 1.2987608 ], [ 103.8633935, 1.2982186 ], [ 103.8631055, 1.2982002 ], [ 103.8630238, 1.2978043 ], [ 103.863045400000019, 1.2971975 ], [ 103.8627588, 1.2972992 ], [ 103.8625986, 1.2976195 ], [ 103.8628081, 1.2982648 ], [ 103.8629083, 1.2985344 ], [ 103.8631193, 1.2988255 ], [ 103.8632472, 1.2987885 ] ] ] } },
{ "type": "Feature", "properties": { "id": 1093321097, "name": null, "forest_area_ha": 9.9872565141568739, "source_layer": "natural", "source": "OSM" }, "geometry": { "type": "Polygon", "coordinates": [ [ [ 103.8185959, 1.4027336 ], [ 103.819523300000014, 1.4023342 ], [ 103.821313, 1.4028131 ], [ 103.8212539, 1.4030943 ], [ 103.8222813, 1.4039991 ], [ 103.8224015, 1.4040011 ], [ 103.822585, 1.4044718 ], [ 103.8225809, 1.4046776 ], [ 103.8226543, 1.404751 ], [ 103.8231843, 1.4046471 ], [ 103.8234391, 1.4047571 ], [ 103.8235593, 1.4048753 ], [ 103.8237632, 1.4048427 ], [ 103.8239507, 1.404533 ], [ 103.8242687, 1.404859 ], [ 103.8244277, 1.4047714 ], [ 103.8243726, 1.4046817 ], [ 103.8239082, 1.4043118 ], [ 103.8234017, 1.4038463 ], [ 103.8233307, 1.4036824 ], [ 103.8232768, 1.4034866 ], [ 103.8233013, 1.4032248 ], [ 103.823577200000017, 1.4021561 ], [ 103.8218286, 1.4017096 ], [ 103.8216307, 1.4015938 ], [ 103.8215176, 1.4014468 ], [ 103.8214031, 1.4010822 ], [ 103.8211576, 1.4008703 ], [ 103.8183893, 1.402385 ], [ 103.8185959, 1.4027336 ] ], [ [ 103.821645922708342, 1.401694869474116 ], [ 103.821673873520112, 1.401716926188039 ], [ 103.82170358087761, 1.401736519857882 ], [ 103.82173483108599, 1.401753509539896 ], [ 103.821767399352169, 1.401767773021683 ], [ 103.821801051401863, 1.401779207701306 ], [ 103.821835545164731, 1.401787731325336 ], [ 103.821870632515754, 1.401793282580527 ], [ 103.821835545164731, 1.401787731325337 ], [ 103.821801051401863, 1.401779207701308 ], [ 103.821767399352169, 1.401767773021685 ], [ 103.82173483108599, 1.401753509539899 ], [ 103.82170358087761, 1.401736519857885 ], [ 103.821673873520112, 1.401716926188044 ], [ 103.821645922708342, 1.401694869474116 ] ] ] } },
{ "type": "Feature", "properties": { "id": 1093321098, "name": null, "forest_area_ha": 5.5066479208906989, "source_layer": "natural", "source": "OSM" }, "geometry": { "type": "Polygon", "coordinates": [ [ [ 103.8246792, 1.4044289 ], [ 103.8244727, 1.4038046 ], [ 103.8245412, 1.4035782 ], [ 103.8250439, 1.4032397 ], [ 103.82583360000001, 1.4030796 ], [ 103.8265731, 1.4049681 ], [ 103.8271416, 1.4039394 ], [ 103.827279100000013, 1.4038173 ], [ 103.8272875, 1.403063 ], [ 103.8238895, 1.4022287 ], [ 103.8235235, 1.4033505 ], [ 103.8235835, 1.4037104 ], [ 103.8245012, 1.4045572 ], [ 103.8246792, 1.4044289 ] ] ] } },
{ "type": "Feature", "properties": { "id": 1102327134, "name": null, "forest_area_ha": 0.19753446511011152, "source_layer": "natural", "source": "OSM" }, "geometry": { "type": "Polygon", "coordinates": [ [ [ 103.969920400000021, 1.328642 ], [ 103.9698283, 1.3287049 ], [ 103.9698619, 1.3289649 ], [ 103.9700417, 1.3293667 ], [ 103.9701557, 1.3293623 ], [ 103.970198, 1.3290993 ], [ 103.9701118, 1.3289722 ], [ 103.9701045, 1.3287399 ], [ 103.969920400000021, 1.328642 ] ] ] } },
{ "type": "Feature", "properties": { "id": 1102327135, "name": null, "forest_area_ha": 0.18205764595208399, "source_layer": "natural", "source": "OSM" }, "geometry": { "type": "Polygon", "coordinates": [ [ [ 103.9706342, 1.3287723 ], [ 103.9707117, 1.3289204 ], [ 103.9706814, 1.3290719 ], [ 103.9707858, 1.3292553 ], [ 103.9706965, 1.3293496 ], [ 103.9708716, 1.3295953 ], [ 103.9709676, 1.3295633 ], [ 103.9708649, 1.3291392 ], [ 103.9709743, 1.328986 ], [ 103.9708144, 1.3288464 ], [ 103.9708363, 1.3287134 ], [ 103.9706342, 1.3287723 ] ] ] } },
{ "type": "Feature", "properties": { "id": 1102327138, "name": null, "forest_area_ha": 1.0681562768800503, "source_layer": "natural", "source": "OSM" }, "geometry": { "type": "Polygon", "coordinates": [ [ [ 103.9712668, 1.333129 ], [ 103.9709436, 1.3329119 ], [ 103.970549700000021, 1.332508 ], [ 103.9704487, 1.3320805 ], [ 103.9701288, 1.3316093 ], [ 103.9699537, 1.3314443 ], [ 103.9697803, 1.331 ], [ 103.9694201, 1.3303554 ], [ 103.9692231, 1.3304396 ], [ 103.9698768, 1.3316681 ], [ 103.9707668, 1.3333407 ], [ 103.9712668, 1.333129 ] ] ] } },
{ "type": "Feature", "properties": { "id": 1102327139, "name": null, "forest_area_ha": 0.088973719341758836, "source_layer": "natural", "source": "OSM" }, "geometry": { "type": "Polygon", "coordinates": [ [ [ 103.9716322, 1.333962 ], [ 103.9716525, 1.3341358 ], [ 103.97199, 1.3341561 ], [ 103.9718542, 1.3339785 ], [ 103.9719303, 1.3338821 ], [ 103.971764100000016, 1.3338377 ], [ 103.9716322, 1.333962 ] ] ] } },
{ "type": "Feature", "properties": { "id": 1102359024, "name": null, "forest_area_ha": 0.042198856924749568, "source_layer": "natural", "source": "OSM" }, "geometry": { "type": "Polygon", "coordinates": [ [ [ 103.9743811, 1.3296022 ], [ 103.9744757, 1.3298591 ], [ 103.9745779, 1.3297539 ], [ 103.9745298, 1.3295902 ], [ 103.9744487, 1.3295466 ], [ 103.9743811, 1.3296022 ] ] ] } },
{ "type": "Feature", "properties": { "id": 1102359064, "name": null, "forest_area_ha": 0.11852680893824943, "source_layer": "natural", "source": "OSM" }, "geometry": { "type": "Polygon", "coordinates": [ [ [ 103.9720617, 1.3304355 ], [ 103.9722988, 1.3303977 ], [ 103.9725114, 1.3302303 ], [ 103.9725351, 1.3301052 ], [ 103.9725048, 1.3300007 ], [ 103.9724344, 1.3299689 ], [ 103.9723181, 1.3299926 ], [ 103.9723959, 1.3300822 ], [ 103.9723944, 1.3301481 ], [ 103.9720824, 1.3303007 ], [ 103.9720617, 1.3304355 ] ] ] } },
{ "type": "Feature", "properties": { "id": 1102359065, "name": null, "forest_area_ha": 0.47114517194574618, "source_layer": "natural", "source": "OSM" }, "geometry": { "type": "Polygon", "coordinates": [ [ [ 103.9715995, 1.33249 ], [ 103.9713114, 1.3323947 ], [ 103.9712318, 1.3320969 ], [ 103.971044, 1.3321362 ], [ 103.9710411, 1.3319485 ], [ 103.9708258, 1.3318453 ], [ 103.9708926, 1.3317706 ], [ 103.970579, 1.3313342 ], [ 103.9703824, 1.331461 ], [ 103.97064, 1.3319848 ], [ 103.9708169, 1.3321853 ], [ 103.9710372, 1.3322463 ], [ 103.9712584, 1.3325284 ], [ 103.9715612, 1.3326886 ], [ 103.9715995, 1.33249 ] ] ] } },
{ "type": "Feature", "properties": { "id": 1111220542, "name": null, "forest_area_ha": 0.056386490790429296, "source_layer": "natural", "source": "OSM" }, "geometry": { "type": "Polygon", "coordinates": [ [ [ 103.7782887, 1.306627 ], [ 103.778084800000016, 1.3064216 ], [ 103.7779665, 1.3065352 ], [ 103.7781844, 1.3067344 ], [ 103.7782887, 1.306627 ] ] ] } },
{ "type": "Feature", "properties": { "id": 1112082993, "name": null, "forest_area_ha": 0.73805519127596009, "source_layer": "natural", "source": "OSM" }, "geometry": { "type": "Polygon", "coordinates": [ [ [ 103.8169984, 1.3062389 ], [ 103.8169377, 1.306151 ], [ 103.816152100000011, 1.3057103 ], [ 103.8159413, 1.3057859 ], [ 103.8157196, 1.3059654 ], [ 103.815706, 1.3062006 ], [ 103.81573, 1.3064196 ], [ 103.8169969, 1.3063219 ], [ 103.8169984, 1.3062389 ] ] ] } },
{ "type": "Feature", "properties": { "id": 1112082994, "name": null, "forest_area_ha": 1.5639321202772098, "source_layer": "natural", "source": "OSM" }, "geometry": { "type": "Polygon", "coordinates": [ [ [ 103.8173627, 1.3055438 ], [ 103.8176183, 1.3054192 ], [ 103.8184781, 1.3054543 ], [ 103.818502600000016, 1.305393 ], [ 103.817693, 1.3051043 ], [ 103.8175454, 1.3049137 ], [ 103.816820400000012, 1.3050433 ], [ 103.8167031, 1.3047023 ], [ 103.8158647, 1.3049445 ], [ 103.8158101, 1.3050273 ], [ 103.8157879, 1.3051284 ], [ 103.8158019, 1.3052247 ], [ 103.8162519, 1.3055534 ], [ 103.8173627, 1.3055438 ] ] ] } },
{ "type": "Feature", "properties": { "id": 1119764352, "name": null, "forest_area_ha": 0.23432050908731347, "source_layer": "natural", "source": "OSM" }, "geometry": { "type": "Polygon", "coordinates": [ [ [ 103.786682, 1.2903434 ], [ 103.7862428, 1.2902596 ], [ 103.7860613, 1.2902309 ], [ 103.7860884, 1.2905724 ], [ 103.7866522, 1.2906401 ], [ 103.786682, 1.2903434 ] ] ] } },
{ "type": "Feature", "properties": { "id": 1120472409, "name": null, "forest_area_ha": 0.36779878244184855, "source_layer": "natural", "source": "OSM" }, "geometry": { "type": "Polygon", "coordinates": [ [ [ 103.7504923, 1.3197621 ], [ 103.7494975, 1.3179796 ], [ 103.7494127, 1.3180261 ], [ 103.7503696, 1.3197729 ], [ 103.7507882, 1.3205366 ], [ 103.75087120000002, 1.3204921 ], [ 103.7504923, 1.3197621 ] ] ] } },
{ "type": "Feature", "properties": { "id": 1120996606, "name": null, "forest_area_ha": 3.644185581537331, "source_layer": "natural", "source": "OSM" }, "geometry": { "type": "Polygon", "coordinates": [ [ [ 103.8789039, 1.4199749 ], [ 103.8790557, 1.4200698 ], [ 103.8792305, 1.4200779 ], [ 103.8795788, 1.4198747 ], [ 103.8798281, 1.4197379 ], [ 103.8808465, 1.4191117 ], [ 103.8808782, 1.4190499 ], [ 103.880893400000019, 1.418865 ], [ 103.8811788, 1.418691 ], [ 103.880848, 1.4181512 ], [ 103.8806156, 1.4181651 ], [ 103.8795766, 1.418471 ], [ 103.8783082, 1.4190453 ], [ 103.8789039, 1.4199749 ] ] ] } },
{ "type": "Feature", "properties": { "id": 1120996607, "name": null, "forest_area_ha": 3.5483682453648, "source_layer": "natural", "source": "OSM" }, "geometry": { "type": "Polygon", "coordinates": [ [ [ 103.8819624, 1.4199696 ], [ 103.881372, 1.4190063 ], [ 103.8793878, 1.4202306 ], [ 103.8793057, 1.4203374 ], [ 103.879281, 1.4204544 ], [ 103.879318, 1.4205735 ], [ 103.8795768, 1.4209595 ], [ 103.8796795, 1.4211751 ], [ 103.8797779, 1.4213191 ], [ 103.8819624, 1.4199696 ] ] ] } },
{ "type": "Feature", "properties": { "id": 1125652343, "name": null, "forest_area_ha": 0.046241950594804036, "source_layer": "natural", "source": "OSM" }, "geometry": { "type": "Polygon", "coordinates": [ [ [ 103.7955694, 1.3464029 ], [ 103.7955004, 1.3464089 ], [ 103.7954696, 1.3464441 ], [ 103.7953799, 1.3464584 ], [ 103.7954004, 1.3465124 ], [ 103.7954234, 1.3465162 ], [ 103.7954945, 1.3465262 ], [ 103.795547, 1.3465567 ], [ 103.7956008, 1.3465671 ], [ 103.7956609, 1.3465371 ], [ 103.79567040000002, 1.3464473 ], [ 103.79567040000002, 1.3463845 ], [ 103.7956528, 1.3463488 ], [ 103.7955981, 1.3463448 ], [ 103.7955694, 1.3464029 ] ] ] } },
{ "type": "Feature", "properties": { "id": 1125652344, "name": null, "forest_area_ha": 0.46005337308032829, "source_layer": "natural", "source": "OSM" }, "geometry": { "type": "Polygon", "coordinates": [ [ [ 103.7953361, 1.3469404 ], [ 103.795351700000012, 1.3471231 ], [ 103.795417, 1.3473097 ], [ 103.7956352, 1.347471 ], [ 103.7957071, 1.3475082 ], [ 103.7958025, 1.3475062 ], [ 103.795823900000016, 1.3476001 ], [ 103.795823900000016, 1.3476496 ], [ 103.7958623, 1.3477029 ], [ 103.7958987, 1.3477342 ], [ 103.7959507, 1.3477957 ], [ 103.7960293, 1.3478083 ], [ 103.7961399, 1.3478083 ], [ 103.7962289, 1.3477794 ], [ 103.7962542, 1.3477194 ], [ 103.796238200000019, 1.3476444 ], [ 103.7961496, 1.3476038 ], [ 103.7960288, 1.3475577 ], [ 103.795913, 1.3475023 ], [ 103.7958401, 1.3474439 ], [ 103.7958064, 1.347388 ], [ 103.7957591, 1.347331 ], [ 103.795733, 1.3472459 ], [ 103.7957324, 1.3472227 ], [ 103.7956865, 1.3471622 ], [ 103.7956303, 1.3471293 ], [ 103.7956018, 1.3470558 ], [ 103.7956185, 1.3469583 ], [ 103.7956529, 1.3468593 ], [ 103.7956669, 1.3467477 ], [ 103.7956732, 1.3466669 ], [ 103.7955949, 1.3466076 ], [ 103.7954914, 1.3466021 ], [ 103.7954159, 1.3466553 ], [ 103.7954131, 1.3467216 ], [ 103.7953862, 1.346717 ], [ 103.7953279, 1.3466623 ], [ 103.7952764, 1.3466769 ], [ 103.7952385, 1.3467206 ], [ 103.7952123, 1.3467788 ], [ 103.795223, 1.3468155 ], [ 103.7953361, 1.3469404 ] ] ] } },
{ "type": "Feature", "properties": { "id": 1125652345, "name": null, "forest_area_ha": 0.58394714086706512, "source_layer": "natural", "source": "OSM" }, "geometry": { "type": "Polygon", "coordinates": [ [ [ 103.7948937, 1.3476482 ], [ 103.7948744, 1.3476804 ], [ 103.7948705, 1.3478677 ], [ 103.7949022, 1.3480996 ], [ 103.7949246, 1.3482087 ], [ 103.7949811, 1.3482725 ], [ 103.7950655, 1.348291 ], [ 103.7951216, 1.3482587 ], [ 103.7951472, 1.3481317 ], [ 103.7952127, 1.3482372 ], [ 103.7953034, 1.3482624 ], [ 103.7954442, 1.3482658 ], [ 103.7956546, 1.3482743 ], [ 103.795766, 1.3482212 ], [ 103.7959037, 1.3483363 ], [ 103.7959788, 1.3483308 ], [ 103.7960306, 1.3482071 ], [ 103.7959807, 1.3481138 ], [ 103.7958669, 1.3480308 ], [ 103.7956268, 1.3480008 ], [ 103.7954877, 1.3479536 ], [ 103.7954205, 1.3478444 ], [ 103.79535, 1.3477527 ], [ 103.7952463, 1.3476985 ], [ 103.7951655, 1.3476414 ], [ 103.7951033, 1.347551 ], [ 103.7950123, 1.3475508 ], [ 103.7948937, 1.3476482 ] ] ] } },
{ "type": "Feature", "properties": { "id": 1125652354, "name": null, "forest_area_ha": 0.30346926557705067, "source_layer": "natural", "source": "OSM" }, "geometry": { "type": "Polygon", "coordinates": [ [ [ 103.7945794, 1.3476896 ], [ 103.7944851, 1.3475066 ], [ 103.7945816, 1.3473027 ], [ 103.7945857, 1.3470637 ], [ 103.7945893, 1.346711 ], [ 103.7945294, 1.3465885 ], [ 103.7944522, 1.3465825 ], [ 103.7943263, 1.3466752 ], [ 103.7942753, 1.3467956 ], [ 103.794309700000014, 1.3469954 ], [ 103.794326, 1.3471756 ], [ 103.7943529, 1.3473808 ], [ 103.79441180000002, 1.3476722 ], [ 103.7945794, 1.3476896 ] ] ] } },
{ "type": "Feature", "properties": { "id": 1125652355, "name": null, "forest_area_ha": 0.23167406269728386, "source_layer": "natural", "source": "OSM" }, "geometry": { "type": "Polygon", "coordinates": [ [ [ 103.7950449, 1.3473436 ], [ 103.7950322, 1.3472575 ], [ 103.7949532, 1.3470037 ], [ 103.7949614, 1.3467744 ], [ 103.7950025, 1.3464221 ], [ 103.7948468, 1.3463317 ], [ 103.794811200000012, 1.3465186 ], [ 103.7947704, 1.3469762 ], [ 103.7948255, 1.3474007 ], [ 103.7950449, 1.3473436 ] ] ] } },
{ "type": "Feature", "properties": { "id": 1125652356, "name": null, "forest_area_ha": 0.38980533127168948, "source_layer": "natural", "source": "OSM" }, "geometry": { "type": "Polygon", "coordinates": [ [ [ 103.7939366, 1.3475853 ], [ 103.7939542, 1.3476009 ], [ 103.7939774, 1.3476115 ], [ 103.7940062, 1.3476149 ], [ 103.7940337, 1.34761 ], [ 103.7940763, 1.3475398 ], [ 103.7941068, 1.3474512 ], [ 103.7941556, 1.3473182 ], [ 103.7941556, 1.3471778 ], [ 103.7941607, 1.3469976 ], [ 103.7942374, 1.346865 ], [ 103.7942729, 1.3466956 ], [ 103.7943608, 1.3466139 ], [ 103.7945124, 1.3465487 ], [ 103.7945101, 1.3464962 ], [ 103.7944511, 1.346468 ], [ 103.7944947, 1.3463253 ], [ 103.7945008, 1.3461702 ], [ 103.794505, 1.3460182 ], [ 103.7944942, 1.3459095 ], [ 103.7944532, 1.3458944 ], [ 103.7943853, 1.3460141 ], [ 103.7942957, 1.3461459 ], [ 103.794245800000013, 1.3462867 ], [ 103.794226100000017, 1.3464315 ], [ 103.7941615, 1.3465594 ], [ 103.7941235, 1.3467203 ], [ 103.793989, 1.3470124 ], [ 103.7940181, 1.3471128 ], [ 103.793999, 1.3471725 ], [ 103.793954, 1.3472956 ], [ 103.7939221, 1.3475583 ], [ 103.7939366, 1.3475853 ] ] ] } },
{ "type": "Feature", "properties": { "id": 1125652357, "name": null, "forest_area_ha": 0.48157649198967167, "source_layer": "natural", "source": "OSM" }, "geometry": { "type": "Polygon", "coordinates": [ [ [ 103.7946414, 1.3482317 ], [ 103.7946077, 1.3482543 ], [ 103.79455, 1.3482658 ], [ 103.7944726, 1.3482658 ], [ 103.7944111, 1.3482598 ], [ 103.7943507, 1.3482193 ], [ 103.7942689, 1.3481271 ], [ 103.7942132, 1.3480554 ], [ 103.7941841, 1.3479726 ], [ 103.7941649, 1.3479439 ], [ 103.7941084, 1.3478595 ], [ 103.7940164, 1.3477998 ], [ 103.7939687, 1.3476737 ], [ 103.79384, 1.3476317 ], [ 103.7937108, 1.3479113 ], [ 103.7937814, 1.3480006 ], [ 103.7945288, 1.348673 ], [ 103.794768600000012, 1.3485704 ], [ 103.7947946, 1.3485019 ], [ 103.7947946, 1.3484029 ], [ 103.7947824, 1.3482318 ], [ 103.7946874, 1.3482104 ], [ 103.7946414, 1.3482317 ] ] ] } },
{ "type": "Feature", "properties": { "id": 1126129188, "name": null, "forest_area_ha": 2.1247078280506959, "source_layer": "natural", "source": "OSM" }, "geometry": { "type": "Polygon", "coordinates": [ [ [ 103.7673546, 1.2971212 ], [ 103.7690005, 1.2972637 ], [ 103.7690171, 1.2972651 ], [ 103.76903, 1.2976552 ], [ 103.7694243, 1.2979372 ], [ 103.7694707, 1.2979063 ], [ 103.7695426, 1.2978475 ], [ 103.769531700000016, 1.2973836 ], [ 103.769571900000017, 1.297275 ], [ 103.7695115, 1.2958471 ], [ 103.7694364, 1.2958578 ], [ 103.76935330000002, 1.2959248 ], [ 103.768835700000011, 1.2959799 ], [ 103.7688708, 1.296307 ], [ 103.7684896, 1.2963646 ], [ 103.7685435, 1.2969103 ], [ 103.7672899, 1.2970633 ], [ 103.7673546, 1.2971212 ] ] ] } },
{ "type": "Feature", "properties": { "id": 1126639311, "name": null, "forest_area_ha": 0.087120989470574561, "source_layer": "natural", "source": "OSM" }, "geometry": { "type": "Polygon", "coordinates": [ [ [ 103.7950201, 1.3452236 ], [ 103.7949874, 1.3452538 ], [ 103.7949662, 1.3452978 ], [ 103.7949673, 1.3453426 ], [ 103.7949778, 1.3454001 ], [ 103.79501980000002, 1.3454231 ], [ 103.7950711, 1.3454327 ], [ 103.7950935, 1.3454151 ], [ 103.7951439, 1.3454092 ], [ 103.7952047, 1.345495 ], [ 103.7952813, 1.3456601 ], [ 103.7953315, 1.3457431 ], [ 103.7954043, 1.3457371 ], [ 103.795421, 1.3457052 ], [ 103.7953954, 1.3456263 ], [ 103.7953122, 1.3455113 ], [ 103.7951368, 1.3452859 ], [ 103.795099, 1.3452437 ], [ 103.7950608, 1.3452201 ], [ 103.7950201, 1.3452236 ] ] ] } },
{ "type": "Feature", "properties": { "id": 1126639312, "name": null, "forest_area_ha": 0.226283956819813, "source_layer": "natural", "source": "OSM" }, "geometry": { "type": "Polygon", "coordinates": [ [ [ 103.7939821, 1.3445302 ], [ 103.7939868, 1.3445547 ], [ 103.7940205, 1.3445855 ], [ 103.7940626, 1.3445974 ], [ 103.7940869, 1.3446298 ], [ 103.7941046, 1.3446822 ], [ 103.7941496, 1.3447017 ], [ 103.7941984, 1.3446935 ], [ 103.7942302, 1.3446818 ], [ 103.7942737, 1.3447182 ], [ 103.7942676, 1.3447725 ], [ 103.7943021, 1.3448332 ], [ 103.7943418, 1.3448374 ], [ 103.7944089, 1.3448416 ], [ 103.7944512, 1.3448737 ], [ 103.7945008, 1.3449223 ], [ 103.7945338, 1.3449704 ], [ 103.7945927, 1.345038 ], [ 103.7946763, 1.3450973 ], [ 103.7947281, 1.3450957 ], [ 103.7947599, 1.345072 ], [ 103.7947633, 1.3449878 ], [ 103.7946341, 1.3447116 ], [ 103.7944463, 1.3446287 ], [ 103.794266, 1.3445642 ], [ 103.7942052, 1.344545 ], [ 103.794160600000012, 1.3445196 ], [ 103.7941585, 1.3444693 ], [ 103.7941446, 1.344407 ], [ 103.7940881, 1.3443813 ], [ 103.7940386, 1.3444165 ], [ 103.7940009, 1.3444432 ], [ 103.7939825, 1.3444778 ], [ 103.7939821, 1.3445302 ] ] ] } },
{ "type": "Feature", "properties": { "id": 1130885270, "name": null, "forest_area_ha": 0.050171567257612487, "source_layer": "natural", "source": "OSM" }, "geometry": { "type": "Polygon", "coordinates": [ [ [ 103.7740812, 1.2963338 ], [ 103.7740561, 1.2962911 ], [ 103.7740028, 1.2962006 ], [ 103.7737918, 1.2963078 ], [ 103.7738699, 1.2964704 ], [ 103.7740812, 1.2963338 ] ] ] } },
{ "type": "Feature", "properties": { "id": 1135693375, "name": null, "forest_area_ha": 0.073913599836755606, "source_layer": "natural", "source": "OSM" }, "geometry": { "type": "Polygon", "coordinates": [ [ [ 103.7718974, 1.3043282 ], [ 103.772258, 1.3040827 ], [ 103.7722443, 1.3040292 ], [ 103.7718585, 1.3042979 ], [ 103.7715532, 1.3050389 ], [ 103.7715969, 1.3050569 ], [ 103.7718974, 1.3043282 ] ] ] } },
{ "type": "Feature", "properties": { "id": 1136058620, "name": null, "forest_area_ha": 0.24317217548626213, "source_layer": "natural", "source": "OSM" }, "geometry": { "type": "Polygon", "coordinates": [ [ [ 103.7805706, 1.288215 ], [ 103.7808705, 1.2877215 ], [ 103.7809107, 1.2865968 ], [ 103.780730600000012, 1.2868439 ], [ 103.7808123, 1.2870318 ], [ 103.7806808, 1.2876985 ], [ 103.7805846, 1.2879862 ], [ 103.7805706, 1.288215 ] ] ] } },
{ "type": "Feature", "properties": { "id": 1136596823, "name": null, "forest_area_ha": 0.089257154705900912, "source_layer": "natural", "source": "OSM" }, "geometry": { "type": "Polygon", "coordinates": [ [ [ 103.78183, 1.2927166 ], [ 103.7814552, 1.2928294 ], [ 103.7817787, 1.2931028 ], [ 103.7818521, 1.2930516 ], [ 103.7817874, 1.2929586 ], [ 103.78183, 1.2927166 ] ] ] } },
{ "type": "Feature", "properties": { "id": 1137747269, "name": null, "forest_area_ha": 0.32809883195409562, "source_layer": "natural", "source": "OSM" }, "geometry": { "type": "Polygon", "coordinates": [ [ [ 103.8339202, 1.3872852 ], [ 103.8332072, 1.3874847 ], [ 103.8334271, 1.3878144 ], [ 103.8340217, 1.387692 ], [ 103.8339202, 1.3872852 ] ] ] } },
{ "type": "Feature", "properties": { "id": 1140702124, "name": null, "forest_area_ha": 1.2645483730390512, "source_layer": "natural", "source": "OSM" }, "geometry": { "type": "Polygon", "coordinates": [ [ [ 103.8143309, 1.3307823 ], [ 103.813785600000017, 1.3308493 ], [ 103.8137621, 1.3309896 ], [ 103.814344, 1.3310109 ], [ 103.8140799, 1.3315347 ], [ 103.814235300000021, 1.3316081 ], [ 103.8139915, 1.3317069 ], [ 103.8139283, 1.3318087 ], [ 103.8140691, 1.3319165 ], [ 103.8143232, 1.3319268 ], [ 103.8149272, 1.3304826 ], [ 103.8148345, 1.3302021 ], [ 103.8141693, 1.3293411 ], [ 103.814089400000015, 1.3296736 ], [ 103.8145818, 1.3304962 ], [ 103.8143309, 1.3307823 ] ] ] } },
{ "type": "Feature", "properties": { "id": 1140702125, "name": null, "forest_area_ha": 0.65036084961824692, "source_layer": "natural", "source": "OSM" }, "geometry": { "type": "Polygon", "coordinates": [ [ [ 103.813631, 1.3285797 ], [ 103.8135657, 1.3281549 ], [ 103.8127064, 1.3286044 ], [ 103.8125528, 1.3288989 ], [ 103.8128802, 1.3291675 ], [ 103.813631, 1.3285797 ] ] ] } },
{ "type": "Feature", "properties": { "id": 1143822503, "name": null, "forest_area_ha": 0.18734319026876481, "source_layer": "natural", "source": "OSM" }, "geometry": { "type": "Polygon", "coordinates": [ [ [ 103.7954377, 1.4231056 ], [ 103.7950495, 1.4226758 ], [ 103.7947195, 1.4228591 ], [ 103.7947903, 1.4230108 ], [ 103.7954377, 1.4231056 ] ] ] } },
{ "type": "Feature", "properties": { "id": 1143822504, "name": null, "forest_area_ha": 0.16381138342271623, "source_layer": "natural", "source": "OSM" }, "geometry": { "type": "Polygon", "coordinates": [ [ [ 103.7957702, 1.4230752 ], [ 103.795629800000015, 1.4227984 ], [ 103.79564, 1.4225582 ], [ 103.7955527, 1.4223965 ], [ 103.7952695, 1.4225898 ], [ 103.7957373, 1.4231321 ], [ 103.7957702, 1.4230752 ] ] ] } },
{ "type": "Feature", "properties": { "id": 1143822514, "name": null, "forest_area_ha": 0.15702004162486966, "source_layer": "natural", "source": "OSM" }, "geometry": { "type": "Polygon", "coordinates": [ [ [ 103.7952873, 1.4173831 ], [ 103.7946862, 1.4173523 ], [ 103.794444700000014, 1.4171563 ], [ 103.7943117, 1.4173267 ], [ 103.7943353, 1.4174191 ], [ 103.7949833, 1.4174776 ], [ 103.7952801, 1.4174643 ], [ 103.7952873, 1.4173831 ] ] ] } },
{ "type": "Feature", "properties": { "id": 1143822515, "name": null, "forest_area_ha": 1.274310705515856, "source_layer": "natural", "source": "OSM" }, "geometry": { "type": "Polygon", "coordinates": [ [ [ 103.7932361, 1.4164304 ], [ 103.7937245, 1.4168066 ], [ 103.7938457, 1.4171846 ], [ 103.7941459, 1.4170661 ], [ 103.7942268, 1.4169795 ], [ 103.7932874, 1.4162172 ], [ 103.7927239, 1.41576 ], [ 103.792576900000014, 1.4157453 ], [ 103.7924202, 1.415797 ], [ 103.7922888, 1.4159201 ], [ 103.792231300000012, 1.4161007 ], [ 103.7922894, 1.4163473 ], [ 103.792618300000015, 1.4164071 ], [ 103.7930759, 1.4172723 ], [ 103.7932361, 1.4164304 ] ] ] } },
{ "type": "Feature", "properties": { "id": 1143824553, "name": null, "forest_area_ha": 0.11219390330193293, "source_layer": "natural", "source": "OSM" }, "geometry": { "type": "Polygon", "coordinates": [ [ [ 103.7972725, 1.2724492 ], [ 103.7965124, 1.2718976 ], [ 103.7964909, 1.2719301 ], [ 103.7966332, 1.2721591 ], [ 103.7969529, 1.272277 ], [ 103.7970802, 1.272491 ], [ 103.7971119, 1.2725442 ], [ 103.7972725, 1.2724492 ] ] ] } },
{ "type": "Feature", "properties": { "id": 1144244786, "name": null, "forest_area_ha": 0.28745895025150087, "source_layer": "natural", "source": "OSM" }, "geometry": { "type": "Polygon", "coordinates": [ [ [ 103.7832041, 1.2851696 ], [ 103.7828952, 1.2853663 ], [ 103.7825374, 1.2853676 ], [ 103.7830219, 1.2857425 ], [ 103.7834511, 1.2854428 ], [ 103.7832041, 1.2851696 ] ] ] } },
{ "type": "Feature", "properties": { "id": 1144294460, "name": null, "forest_area_ha": 1.2375977241740179, "source_layer": "natural", "source": "OSM" }, "geometry": { "type": "Polygon", "coordinates": [ [ [ 103.725007, 1.3861264 ], [ 103.7248469, 1.3860076 ], [ 103.7246571, 1.3862632 ], [ 103.724408, 1.3860784 ], [ 103.7242651, 1.3862708 ], [ 103.7240932, 1.3861433 ], [ 103.7234177, 1.3870532 ], [ 103.7239989, 1.3874844 ], [ 103.725007, 1.3861264 ] ] ] } },
{ "type": "Feature", "properties": { "id": 1144294461, "name": null, "forest_area_ha": 0.7844101722223622, "source_layer": "natural", "source": "OSM" }, "geometry": { "type": "Polygon", "coordinates": [ [ [ 103.7278571, 1.3886029 ], [ 103.7272797, 1.3887656 ], [ 103.7273957, 1.3890485 ], [ 103.7271665, 1.3894814 ], [ 103.7279944, 1.3898691 ], [ 103.7278571, 1.3886029 ] ] ] } },
{ "type": "Feature", "properties": { "id": 1144613807, "name": null, "forest_area_ha": 0.57890256598108669, "source_layer": "natural", "source": "OSM" }, "geometry": { "type": "Polygon", "coordinates": [ [ [ 103.7740224, 1.334972 ], [ 103.7728829, 1.334244 ], [ 103.7710973, 1.3334475 ], [ 103.7710608, 1.3335141 ], [ 103.7712232, 1.3335828 ], [ 103.7727604, 1.3342999 ], [ 103.7738056, 1.3352207 ], [ 103.7740224, 1.334972 ] ], [ [ 103.773098441597483, 1.334453766473784 ], [ 103.773153173777246, 1.334487224045534 ], [ 103.773098441597483, 1.334453766473785 ], [ 103.773043278630524, 1.334421033402115 ], [ 103.772987694343414, 1.334389030448166 ], [ 103.773043278630524, 1.334421033402114 ], [ 103.773098441597483, 1.334453766473784 ] ] ] } },
{ "type": "Feature", "properties": { "id": 1144613808, "name": null, "forest_area_ha": 0.13726180567087071, "source_layer": "natural", "source": "OSM" }, "geometry": { "type": "Polygon", "coordinates": [ [ [ 103.7712232, 1.3335828 ], [ 103.7710608, 1.3335141 ], [ 103.7706149, 1.3333257 ], [ 103.7704775, 1.3334746 ], [ 103.7707077, 1.3335196 ], [ 103.770898800000012, 1.3337147 ], [ 103.7712232, 1.3335828 ] ] ] } },
{ "type": "Feature", "properties": { "id": 1144993718, "name": null, "forest_area_ha": 0.37300935437804472, "source_layer": "natural", "source": "OSM" }, "geometry": { "type": "Polygon", "coordinates": [ [ [ 103.9168238, 1.3527771 ], [ 103.9172084, 1.3526501 ], [ 103.91713, 1.3525195 ], [ 103.9167155, 1.3524859 ], [ 103.9165623, 1.3520976 ], [ 103.9162188, 1.3521461 ], [ 103.9164055, 1.3526389 ], [ 103.9168238, 1.3527771 ] ] ] } },
{ "type": "Feature", "properties": { "id": 1146845301, "name": null, "forest_area_ha": 0.26931482230382386, "source_layer": "natural", "source": "OSM" }, "geometry": { "type": "Polygon", "coordinates": [ [ [ 103.826352, 1.2676204 ], [ 103.8260225, 1.2679666 ], [ 103.8262967, 1.2682767 ], [ 103.826697, 1.2678765 ], [ 103.826352, 1.2676204 ] ] ] } },
{ "type": "Feature", "properties": { "id": 1146845302, "name": null, "forest_area_ha": 0.8799949583086123, "source_layer": "natural", "source": "OSM" }, "geometry": { "type": "Polygon", "coordinates": [ [ [ 103.8254062, 1.2695658 ], [ 103.8256185, 1.2703573 ], [ 103.8259552, 1.2704453 ], [ 103.8261069, 1.2691018 ], [ 103.8255366, 1.2690351 ], [ 103.8254062, 1.2695658 ] ] ] } },
{ "type": "Feature", "properties": { "id": 1146845303, "name": null, "forest_area_ha": 0.20910405104556981, "source_layer": "natural", "source": "OSM" }, "geometry": { "type": "Polygon", "coordinates": [ [ [ 103.8249459, 1.2696457 ], [ 103.8245827, 1.269776 ], [ 103.8244896, 1.2701249 ], [ 103.8249965, 1.2700862 ], [ 103.8249459, 1.2696457 ] ] ] } },
{ "type": "Feature", "properties": { "id": 1147293796, "name": null, "forest_area_ha": 2.1419648068184483, "source_layer": "natural", "source": "OSM" }, "geometry": { "type": "Polygon", "coordinates": [ [ [ 103.8516583, 1.2260394 ], [ 103.8519761, 1.2259697 ], [ 103.8522805, 1.2262512 ], [ 103.8522886, 1.2265408 ], [ 103.852365, 1.2265998 ], [ 103.8524146, 1.2265837 ], [ 103.8524455, 1.2265207 ], [ 103.8523932, 1.226455 ], [ 103.8524669, 1.2263625 ], [ 103.8524361, 1.2262821 ], [ 103.852495100000013, 1.226207 ], [ 103.8523824, 1.2259884 ], [ 103.8522483, 1.2259308 ], [ 103.8520525, 1.2257484 ], [ 103.8518916, 1.2258021 ], [ 103.8518098, 1.2257189 ], [ 103.8517266, 1.2257431 ], [ 103.851544300000015, 1.2258476 ], [ 103.851477200000019, 1.2256908 ], [ 103.8515094, 1.2256304 ], [ 103.8518299, 1.2256358 ], [ 103.851779, 1.224952 ], [ 103.8516904, 1.2248219 ], [ 103.8515872, 1.224893 ], [ 103.8515027, 1.2248327 ], [ 103.8513216, 1.2250686 ], [ 103.8509488, 1.2251719 ], [ 103.8508067, 1.2252617 ], [ 103.8506457, 1.2253784 ], [ 103.8504231, 1.2257297 ], [ 103.8502843, 1.2257954 ], [ 103.8503792, 1.225974 ], [ 103.8504197, 1.2259536 ], [ 103.850515, 1.2260394 ], [ 103.8506625, 1.2261902 ], [ 103.850724258043755, 1.226429726198579 ], [ 103.851066014535519, 1.226528791355026 ], [ 103.8516583, 1.2260394 ] ] ] } },
{ "type": "Feature", "properties": { "id": 1147293797, "name": null, "forest_area_ha": 1.615909908411481, "source_layer": "natural", "source": "OSM" }, "geometry": { "type": "Polygon", "coordinates": [ [ [ 103.8505653, 1.2282302 ], [ 103.8505881, 1.228434 ], [ 103.8506685, 1.2286231 ], [ 103.8506692, 1.2290113 ], [ 103.8516006, 1.2290347 ], [ 103.8517139, 1.2290776 ], [ 103.8518836, 1.2292513 ], [ 103.851964, 1.2292647 ], [ 103.852017, 1.2292452 ], [ 103.8523804, 1.228896 ], [ 103.8523892, 1.2284542 ], [ 103.8523597, 1.2284012 ], [ 103.8523328, 1.228369 ], [ 103.8522691, 1.2283422 ], [ 103.8521833, 1.2283469 ], [ 103.851803100000012, 1.2284273 ], [ 103.8516904, 1.2283697 ], [ 103.8516878, 1.2282919 ], [ 103.8516153, 1.2282892 ], [ 103.85150130000001, 1.2283724 ], [ 103.8515362, 1.2285735 ], [ 103.8514651, 1.228599 ], [ 103.851453100000015, 1.2285333 ], [ 103.8514276, 1.2284635 ], [ 103.8513538, 1.2284743 ], [ 103.8513216, 1.2285561 ], [ 103.8511607, 1.2282825 ], [ 103.8511191, 1.2282785 ], [ 103.8510481, 1.2281404 ], [ 103.85084550000002, 1.2280761 ], [ 103.8506645, 1.2280948 ], [ 103.8505653, 1.2282302 ] ] ] } },
{ "type": "Feature", "properties": { "id": 1147293798, "name": null, "forest_area_ha": 1.0967234114545326, "source_layer": "natural", "source": "OSM" }, "geometry": { "type": "Polygon", "coordinates": [ [ [ 103.849709, 1.2292922 ], [ 103.8499869, 1.2291517 ], [ 103.8496469, 1.2283275 ], [ 103.8495155, 1.2282085 ], [ 103.8493194, 1.2281056 ], [ 103.8491319, 1.2281468 ], [ 103.8490411, 1.2282125 ], [ 103.848907622525516, 1.228345060104433 ], [ 103.849053103065515, 1.228875951047588 ], [ 103.849299848526755, 1.229337311513877 ], [ 103.84942272236232, 1.229526558246064 ], [ 103.84942349959006, 1.229527772803886 ], [ 103.849417933284428, 1.229532850848573 ], [ 103.849414616365564, 1.229535877186025 ], [ 103.8494277, 1.2295563 ], [ 103.849709, 1.2292922 ] ] ] } },
{ "type": "Feature", "properties": { "id": 1147293799, "name": null, "forest_area_ha": 2.2801898782702916, "source_layer": "natural", "source": "OSM" }, "geometry": { "type": "Polygon", "coordinates": [ [ [ 103.8490196, 1.2280271 ], [ 103.8490438, 1.2279614 ], [ 103.848678300000017, 1.2275089 ], [ 103.8482981, 1.2269551 ], [ 103.8481794, 1.2267849 ], [ 103.8481003, 1.2267078 ], [ 103.8474559, 1.2264416 ], [ 103.8472453, 1.2264027 ], [ 103.8469885, 1.2264205 ], [ 103.8468641, 1.2265214 ], [ 103.8468883, 1.2265365 ], [ 103.8468688, 1.2265831 ], [ 103.8468208, 1.2265818 ], [ 103.8467935, 1.2271474 ], [ 103.846873975108053, 1.227234841940819 ], [ 103.846955624680817, 1.227295466746768 ], [ 103.84722517983964, 1.227306271612276 ], [ 103.847369888025099, 1.227428957950621 ], [ 103.847467729167775, 1.227504390540206 ], [ 103.847571912022104, 1.227570625697192 ], [ 103.847681639596914, 1.227627057500436 ], [ 103.847796075366787, 1.22767325185849 ], [ 103.847914257910972, 1.227708639025893 ], [ 103.848035044309739, 1.227733065266439 ], [ 103.848239837892137, 1.227764635517105 ], [ 103.848766875180672, 1.228148960617966 ], [ 103.848967756215018, 1.228069405759607 ], [ 103.8490196, 1.2280271 ] ] ] } },
{ "type": "Feature", "properties": { "id": 1147843840, "name": null, "forest_area_ha": 1.039141877355001, "source_layer": "natural", "source": "OSM" }, "geometry": { "type": "Polygon", "coordinates": [ [ [ 103.7976725, 1.2922051 ], [ 103.7969353, 1.2928609 ], [ 103.7970275, 1.2931345 ], [ 103.7967862, 1.2934949 ], [ 103.7969353, 1.2936792 ], [ 103.7981577, 1.2926766 ], [ 103.7976725, 1.2922051 ] ] ] } },
{ "type": "Feature", "properties": { "id": 1147843854, "name": null, "forest_area_ha": 0.22173270218620961, "source_layer": "natural", "source": "OSM" }, "geometry": { "type": "Polygon", "coordinates": [ [ [ 103.7962652, 1.2819432 ], [ 103.7958667, 1.2816637 ], [ 103.7957201, 1.2819921 ], [ 103.7958633, 1.2823251 ], [ 103.7962652, 1.2819432 ] ] ] } },
{ "type": "Feature", "properties": { "id": 1148157842, "name": null, "forest_area_ha": 0.18348082946984046, "source_layer": "natural", "source": "OSM" }, "geometry": { "type": "Polygon", "coordinates": [ [ [ 103.806436, 1.3025351 ], [ 103.8065865, 1.3020691 ], [ 103.8063059, 1.3019756 ], [ 103.8061474, 1.3024728 ], [ 103.806436, 1.3025351 ] ] ] } },
{ "type": "Feature", "properties": { "id": 1148157890, "name": null, "forest_area_ha": 0.57437786407923497, "source_layer": "natural", "source": "OSM" }, "geometry": { "type": "Polygon", "coordinates": [ [ [ 103.801267, 1.310162 ], [ 103.8015551, 1.3101131 ], [ 103.801618, 1.3100592 ], [ 103.8016432, 1.3099358 ], [ 103.8019173, 1.3098196 ], [ 103.802035, 1.309735 ], [ 103.8020745, 1.3096682 ], [ 103.8021039, 1.309533 ], [ 103.8020909, 1.309427 ], [ 103.8020201, 1.3093841 ], [ 103.8011808, 1.3094925 ], [ 103.8012656, 1.3101427 ], [ 103.801267, 1.310162 ] ] ] } },
{ "type": "Feature", "properties": { "id": 1148718865, "name": null, "forest_area_ha": 0.47642268802715798, "source_layer": "natural", "source": "OSM" }, "geometry": { "type": "Polygon", "coordinates": [ [ [ 103.795561500000019, 1.2865364 ], [ 103.7948158, 1.2867527 ], [ 103.7947568, 1.2869297 ], [ 103.79506, 1.28707 ], [ 103.795313, 1.2872046 ], [ 103.7957278, 1.2869762 ], [ 103.795561500000019, 1.2865364 ] ] ] } },
{ "type": "Feature", "properties": { "id": 1148718866, "name": null, "forest_area_ha": 0.41980497010885692, "source_layer": "natural", "source": "OSM" }, "geometry": { "type": "Polygon", "coordinates": [ [ [ 103.7959531, 1.2862647 ], [ 103.7962016, 1.2862879 ], [ 103.7962249, 1.2864577 ], [ 103.79634470000002, 1.2864041 ], [ 103.7965485, 1.2861878 ], [ 103.7965378, 1.2860019 ], [ 103.7966683, 1.2860537 ], [ 103.796831, 1.2860609 ], [ 103.7968686, 1.2858714 ], [ 103.7966844, 1.2857087 ], [ 103.796503800000011, 1.2858535 ], [ 103.79641620000001, 1.2858499 ], [ 103.7962463, 1.2859911 ], [ 103.7959566, 1.286068 ], [ 103.7958529, 1.2859107 ], [ 103.7960282, 1.2857444 ], [ 103.796042500000013, 1.2856604 ], [ 103.7957868, 1.2859304 ], [ 103.7958708, 1.2862182 ], [ 103.7959531, 1.2862647 ] ] ] } },
{ "type": "Feature", "properties": { "id": 1148718867, "name": null, "forest_area_ha": 0.17056298443960155, "source_layer": "natural", "source": "OSM" }, "geometry": { "type": "Polygon", "coordinates": [ [ [ 103.7965151, 1.2865187 ], [ 103.7964259, 1.2863904 ], [ 103.7956739, 1.2868275 ], [ 103.7957278, 1.2869762 ], [ 103.7965151, 1.2865187 ] ] ] } },
{ "type": "Feature", "properties": { "id": 1148718868, "name": null, "forest_area_ha": 0.15935595021844862, "source_layer": "natural", "source": "OSM" }, "geometry": { "type": "Polygon", "coordinates": [ [ [ 103.797401, 1.2820438 ], [ 103.7972209, 1.2818448 ], [ 103.7969551, 1.2819174 ], [ 103.7968839, 1.2821541 ], [ 103.796978400000015, 1.2822857 ], [ 103.797401, 1.2820438 ] ] ] } },
{ "type": "Feature", "properties": { "id": 1148718869, "name": null, "forest_area_ha": 0.55007982900431551, "source_layer": "natural", "source": "OSM" }, "geometry": { "type": "Polygon", "coordinates": [ [ [ 103.7969223, 1.2810022 ], [ 103.7973488, 1.2809495 ], [ 103.797536600000015, 1.2810999 ], [ 103.7976324, 1.2813499 ], [ 103.798193, 1.2810482 ], [ 103.7979457, 1.2807234 ], [ 103.7976506, 1.2807311 ], [ 103.7970306, 1.2808029 ], [ 103.7966176, 1.2809744 ], [ 103.7966607, 1.2811353 ], [ 103.7969223, 1.2810022 ] ] ] } },
{ "type": "Feature", "properties": { "id": 1148718871, "name": null, "forest_area_ha": 0.24333562277506157, "source_layer": "natural", "source": "OSM" }, "geometry": { "type": "Polygon", "coordinates": [ [ [ 103.7978646, 1.2847834 ], [ 103.7981754, 1.284448 ], [ 103.7971892, 1.2846615 ], [ 103.797256, 1.2848676 ], [ 103.7978646, 1.2847834 ] ] ] } },
{ "type": "Feature", "properties": { "id": 1148718872, "name": null, "forest_area_ha": 0.10822571856679508, "source_layer": "natural", "source": "OSM" }, "geometry": { "type": "Polygon", "coordinates": [ [ [ 103.793982, 1.2847736 ], [ 103.7937482, 1.2847663 ], [ 103.7935303, 1.284653 ], [ 103.7934577, 1.2848549 ], [ 103.793799, 1.2849943 ], [ 103.793982, 1.2847736 ] ] ] } },
{ "type": "Feature", "properties": { "id": 1148718873, "name": null, "forest_area_ha": 0.29260553864742139, "source_layer": "natural", "source": "OSM" }, "geometry": { "type": "Polygon", "coordinates": [ [ [ 103.7944352, 1.2847198 ], [ 103.7946835, 1.2848302 ], [ 103.7947039, 1.284534 ], [ 103.7945354, 1.284608 ], [ 103.7944875, 1.284534 ], [ 103.7946298, 1.2844686 ], [ 103.7946269, 1.2842682 ], [ 103.7941912, 1.2843917 ], [ 103.793937, 1.284396 ], [ 103.7941491, 1.2847372 ], [ 103.7944352, 1.2847198 ] ] ] } },
{ "type": "Feature", "properties": { "id": 1149367445, "name": null, "forest_area_ha": 0.34873762459349, "source_layer": "natural", "source": "OSM" }, "geometry": { "type": "Polygon", "coordinates": [ [ [ 103.7741733, 1.3071385 ], [ 103.7737616, 1.306975 ], [ 103.7735173, 1.3073748 ], [ 103.7736875, 1.3079606 ], [ 103.7737011, 1.3082086 ], [ 103.7738467, 1.3081509 ], [ 103.7737415, 1.3074528 ], [ 103.7738706, 1.3072743 ], [ 103.7741463, 1.3073109 ], [ 103.7741733, 1.3071385 ] ] ] } },
{ "type": "Feature", "properties": { "id": 1149563462, "name": null, "forest_area_ha": 0.94913558502619055, "source_layer": "natural", "source": "OSM" }, "geometry": { "type": "Polygon", "coordinates": [ [ [ 103.8694533, 1.4086971 ], [ 103.8694382, 1.4083118 ], [ 103.869125, 1.4081402 ], [ 103.8689699, 1.4085029 ], [ 103.8690573, 1.4086821 ], [ 103.8689729, 1.4093986 ], [ 103.8690534, 1.4095137 ], [ 103.8688894, 1.4097095 ], [ 103.8689418, 1.4098698 ], [ 103.8690708, 1.4100141 ], [ 103.869132300000018, 1.4099601 ], [ 103.8692042, 1.4100749 ], [ 103.8694181, 1.4103066 ], [ 103.8695085, 1.4100667 ], [ 103.8693008, 1.4098667 ], [ 103.8693433, 1.4097749 ], [ 103.8694533, 1.4086971 ] ] ] } },
{ "type": "Feature", "properties": { "id": 1149683189, "name": null, "forest_area_ha": 0.75881661085100893, "source_layer": "natural", "source": "OSM" }, "geometry": { "type": "Polygon", "coordinates": [ [ [ 103.7867909, 1.2886347 ], [ 103.7861734, 1.2895437 ], [ 103.7859147, 1.2897853 ], [ 103.7857497, 1.2898119 ], [ 103.7859275, 1.2902441 ], [ 103.7860613, 1.2902309 ], [ 103.7862428, 1.2902596 ], [ 103.7866653, 1.2892425 ], [ 103.787063, 1.2887734 ], [ 103.7867909, 1.2886347 ] ] ] } },
{ "type": "Feature", "properties": { "id": 1151108598, "name": null, "forest_area_ha": 0.4398884474534564, "source_layer": "natural", "source": "OSM" }, "geometry": { "type": "Polygon", "coordinates": [ [ [ 103.8272086, 1.3271094 ], [ 103.8272797, 1.3271711 ], [ 103.8273776, 1.3271523 ], [ 103.8275439, 1.3273668 ], [ 103.8279234, 1.3274392 ], [ 103.8280039, 1.327395 ], [ 103.8278697, 1.3272287 ], [ 103.8279475, 1.3271483 ], [ 103.8281125, 1.3271805 ], [ 103.828146, 1.3270491 ], [ 103.8279462, 1.3269324 ], [ 103.827564, 1.32686 ], [ 103.8272139, 1.3268399 ], [ 103.8271831, 1.3268936 ], [ 103.8272086, 1.3271094 ] ] ] } },
{ "type": "Feature", "properties": { "id": 1151541365, "name": null, "forest_area_ha": 0.17791886524903711, "source_layer": "natural", "source": "OSM" }, "geometry": { "type": "Polygon", "coordinates": [ [ [ 103.8171409, 1.332883 ], [ 103.8171384, 1.3326166 ], [ 103.8172348, 1.332368 ], [ 103.8167832, 1.3326369 ], [ 103.8171993, 1.3332255 ], [ 103.8171409, 1.332883 ] ] ] } },
{ "type": "Feature", "properties": { "id": 1151541366, "name": null, "forest_area_ha": 0.32298988337157181, "source_layer": "natural", "source": "OSM" }, "geometry": { "type": "Polygon", "coordinates": [ [ [ 103.8177468, 1.3315391 ], [ 103.8174638, 1.3315185 ], [ 103.8172369, 1.3314507 ], [ 103.816951, 1.3313093 ], [ 103.816671, 1.3312533 ], [ 103.8168036, 1.331324 ], [ 103.8169186, 1.3314684 ], [ 103.8169539, 1.3315774 ], [ 103.8169392, 1.3317218 ], [ 103.8168891, 1.3318897 ], [ 103.8167889, 1.3320341 ], [ 103.8177468, 1.3315391 ] ] ] } },
{ "type": "Feature", "properties": { "id": 1151541367, "name": null, "forest_area_ha": 0.43246368005675184, "source_layer": "natural", "source": "OSM" }, "geometry": { "type": "Polygon", "coordinates": [ [ [ 103.8166562, 1.3320341 ], [ 103.8167712, 1.3319015 ], [ 103.8168242, 1.3317601 ], [ 103.8168567, 1.3316393 ], [ 103.816836, 1.3315037 ], [ 103.8167358, 1.3313947 ], [ 103.8165973, 1.3313387 ], [ 103.8164529, 1.3313476 ], [ 103.8163556, 1.3314124 ], [ 103.816255400000017, 1.3315067 ], [ 103.8162171, 1.3316039 ], [ 103.8162377, 1.3317336 ], [ 103.816339400000018, 1.331931 ], [ 103.8164676, 1.3321314 ], [ 103.8166562, 1.3320341 ] ] ] } },
{ "type": "Feature", "properties": { "id": 1151541368, "name": null, "forest_area_ha": 0.076101564241917274, "source_layer": "natural", "source": "OSM" }, "geometry": { "type": "Polygon", "coordinates": [ [ [ 103.816007, 1.3323545 ], [ 103.8158678, 1.332048 ], [ 103.8157813, 1.3323413 ], [ 103.8156609, 1.3325839 ], [ 103.816007, 1.3323545 ] ] ] } },
{ "type": "Feature", "properties": { "id": 1151541369, "name": null, "forest_area_ha": 0.16632764814635598, "source_layer": "natural", "source": "OSM" }, "geometry": { "type": "Polygon", "coordinates": [ [ [ 103.8160958, 1.331725 ], [ 103.8161363, 1.3315486 ], [ 103.816209200000017, 1.3314077 ], [ 103.8162853, 1.331309 ], [ 103.8164116, 1.3312523 ], [ 103.8162496, 1.331228 ], [ 103.8159646, 1.3311924 ], [ 103.8157525, 1.3311001 ], [ 103.8160958, 1.331725 ] ] ] } },
{ "type": "Feature", "properties": { "id": 1151992464, "name": null, "forest_area_ha": 0.41545177593553673, "source_layer": "natural", "source": "OSM" }, "geometry": { "type": "Polygon", "coordinates": [ [ [ 103.7598355, 1.2987113 ], [ 103.7599121, 1.2986677 ], [ 103.7600804, 1.2986911 ], [ 103.7601389, 1.2988529 ], [ 103.760239, 1.2989146 ], [ 103.760288, 1.2989082 ], [ 103.7602124, 1.298591 ], [ 103.7602316, 1.2984356 ], [ 103.7599941, 1.2983303 ], [ 103.7597684, 1.2983664 ], [ 103.7594, 1.2987071 ], [ 103.7594394, 1.2988699 ], [ 103.759608700000015, 1.2989934 ], [ 103.7597801, 1.2989934 ], [ 103.7598355, 1.2987113 ] ] ] } },
{ "type": "Feature", "properties": { "id": 1153200088, "name": null, "forest_area_ha": 0.23182467280647762, "source_layer": "natural", "source": "OSM" }, "geometry": { "type": "Polygon", "coordinates": [ [ [ 103.7245551, 1.3812211 ], [ 103.7244939, 1.3812916 ], [ 103.7245112, 1.3813263 ], [ 103.7248133, 1.3811999 ], [ 103.7239022, 1.3803732 ], [ 103.7238317, 1.3804669 ], [ 103.723847, 1.3806271 ], [ 103.7240191, 1.3807905 ], [ 103.7241116, 1.3807135 ], [ 103.7245662, 1.3811363 ], [ 103.7245551, 1.3812211 ] ] ] } },
{ "type": "Feature", "properties": { "id": 1154486611, "name": null, "forest_area_ha": 0.33205605131159643, "source_layer": "natural", "source": "OSM" }, "geometry": { "type": "Polygon", "coordinates": [ [ [ 103.831071, 1.3836466 ], [ 103.8309073, 1.3836842 ], [ 103.8308617, 1.3837673 ], [ 103.8310441, 1.384022 ], [ 103.8311997, 1.383904 ], [ 103.8315994, 1.3831372 ], [ 103.8313767, 1.3829816 ], [ 103.831071, 1.3836466 ] ] ] } },
{ "type": "Feature", "properties": { "id": 1157622620, "name": null, "forest_area_ha": 9.8267094564897111, "source_layer": "natural", "source": "OSM" }, "geometry": { "type": "Polygon", "coordinates": [ [ [ 104.0226403, 1.3189021 ], [ 104.0222425, 1.3189312 ], [ 104.0222313, 1.3206317 ], [ 104.0219295, 1.3206317 ], [ 104.0219497, 1.3189825 ], [ 104.0216233, 1.3189714 ], [ 104.0215183, 1.3213981 ], [ 104.0213216, 1.3216998 ], [ 104.0213327, 1.3226048 ], [ 104.0247235, 1.3227098 ], [ 104.0249426, 1.3225758 ], [ 104.026315, 1.3226093 ], [ 104.0275823, 1.3227411 ], [ 104.0276181, 1.3223724 ], [ 104.0272493, 1.3223188 ], [ 104.0274549, 1.3210026 ], [ 104.02696090000002, 1.3210026 ], [ 104.026943, 1.3212395 ], [ 104.0263485, 1.3212171 ], [ 104.0262904, 1.3216171 ], [ 104.0250096, 1.3215724 ], [ 104.0249984, 1.3220283 ], [ 104.0244754, 1.322026 ], [ 104.0245067, 1.3215054 ], [ 104.0238697, 1.3214987 ], [ 104.0238719, 1.3223925 ], [ 104.0227074, 1.3223657 ], [ 104.0225701, 1.3221891 ], [ 104.0226403, 1.3189021 ] ] ] } },
{ "type": "Feature", "properties": { "id": 1158223566, "name": null, "forest_area_ha": 0.21907632643172487, "source_layer": "natural", "source": "OSM" }, "geometry": { "type": "Polygon", "coordinates": [ [ [ 103.7804528, 1.294104 ], [ 103.7801695, 1.2944328 ], [ 103.7801884, 1.2944895 ], [ 103.7802764, 1.2944214 ], [ 103.780790100000019, 1.2941206 ], [ 103.7807912, 1.2939732 ], [ 103.7810734, 1.2938041 ], [ 103.7810215, 1.2936765 ], [ 103.7810381, 1.2935883 ], [ 103.7804528, 1.294104 ] ] ] } },
{ "type": "Feature", "properties": { "id": 1159011023, "name": null, "forest_area_ha": 1.7661128974649829, "source_layer": "natural", "source": "OSM" }, "geometry": { "type": "Polygon", "coordinates": [ [ [ 103.8821442, 1.4291891 ], [ 103.881864, 1.4293082 ], [ 103.8811559, 1.4298847 ], [ 103.8808206, 1.4297346 ], [ 103.8807589, 1.429756 ], [ 103.8805471, 1.4296944 ], [ 103.8802868, 1.4300107 ], [ 103.8799408, 1.4304317 ], [ 103.8799918, 1.4305282 ], [ 103.8796411, 1.4309198 ], [ 103.8792143, 1.4306396 ], [ 103.8791408, 1.4307562 ], [ 103.8790238, 1.4309377 ], [ 103.8790691, 1.4311277 ], [ 103.8792415, 1.4313784 ], [ 103.879570900000019, 1.4311649 ], [ 103.8799971, 1.4309278 ], [ 103.8803807, 1.4306838 ], [ 103.8809869, 1.4302789 ], [ 103.8814536, 1.4299383 ], [ 103.8823038, 1.4292304 ], [ 103.8821442, 1.4291891 ] ] ] } },
{ "type": "Feature", "properties": { "id": 1159011025, "name": null, "forest_area_ha": 5.0645486171261407, "source_layer": "natural", "source": "OSM" }, "geometry": { "type": "Polygon", "coordinates": [ [ [ 103.8704494, 1.42549 ], [ 103.87031, 1.4256038 ], [ 103.8704085, 1.4258593 ], [ 103.8708037, 1.4260614 ], [ 103.8709177, 1.426411 ], [ 103.8713493, 1.4266713 ], [ 103.8713006, 1.4260345 ], [ 103.8717318, 1.4259926 ], [ 103.8718088, 1.4263715 ], [ 103.8721394, 1.4262486 ], [ 103.872286, 1.4267042 ], [ 103.8720383, 1.4269561 ], [ 103.8721714, 1.4270775 ], [ 103.8725581, 1.4271015 ], [ 103.872783, 1.4274147 ], [ 103.873095400000011, 1.4274036 ], [ 103.8732822, 1.4276251 ], [ 103.8726228, 1.4284218 ], [ 103.8728851, 1.4285276 ], [ 103.8734041, 1.4279541 ], [ 103.8739864, 1.4283268 ], [ 103.8741467, 1.4282559 ], [ 103.873971, 1.4279603 ], [ 103.8735243, 1.4272919 ], [ 103.872791, 1.4260013 ], [ 103.8721409, 1.4252837 ], [ 103.8717835, 1.42472 ], [ 103.870579915321031, 1.425414670772865 ], [ 103.870597947131287, 1.425441636357983 ], [ 103.87049009697526, 1.425466511021865 ], [ 103.8704494, 1.42549 ] ] ] } },
{ "type": "Feature", "properties": { "id": 1159011026, "name": null, "forest_area_ha": 0.46357427645588778, "source_layer": "natural", "source": "OSM" }, "geometry": { "type": "Polygon", "coordinates": [ [ [ 103.869827, 1.4281327 ], [ 103.8698578, 1.428065 ], [ 103.8697038, 1.4278802 ], [ 103.8699811, 1.4276153 ], [ 103.8699195, 1.4274982 ], [ 103.869713, 1.4274397 ], [ 103.8694912, 1.4272457 ], [ 103.8694234, 1.4270485 ], [ 103.8692848, 1.4270331 ], [ 103.8692909, 1.427606 ], [ 103.869565100000017, 1.4280249 ], [ 103.869827, 1.4281327 ] ] ] } },
{ "type": "Feature", "properties": { "id": 1159011030, "name": null, "forest_area_ha": 0.19024988759807274, "source_layer": "natural", "source": "OSM" }, "geometry": { "type": "Polygon", "coordinates": [ [ [ 103.8814938, 1.4273186 ], [ 103.8810486, 1.4268789 ], [ 103.8808662, 1.427147 ], [ 103.881306100000018, 1.427442 ], [ 103.8814938, 1.4273186 ] ] ] } },
{ "type": "Feature", "properties": { "id": 1159011031, "name": null, "forest_area_ha": 0.28331166731731183, "source_layer": "natural", "source": "OSM" }, "geometry": { "type": "Polygon", "coordinates": [ [ [ 103.8821751, 1.4263587 ], [ 103.882497, 1.4260959 ], [ 103.88207850000002, 1.4259726 ], [ 103.8816172, 1.4263104 ], [ 103.8817137, 1.4264981 ], [ 103.8821751, 1.4263587 ] ], [ [ 103.881758383464827, 1.426382282179108 ], [ 103.881812091671677, 1.426337549249586 ], [ 103.881758383464827, 1.426382282179109 ], [ 103.881705171532161, 1.426427611863812 ], [ 103.881758383464827, 1.426382282179108 ] ] ] } },
{ "type": "Feature", "properties": { "id": 1159195820, "name": null, "forest_area_ha": 0.13938048065961992, "source_layer": "natural", "source": "OSM" }, "geometry": { "type": "Polygon", "coordinates": [ [ [ 103.7250935, 1.3404129 ], [ 103.7251257, 1.3403318 ], [ 103.7252109, 1.3401904 ], [ 103.7252337, 1.3401092 ], [ 103.725231, 1.339996 ], [ 103.7252739, 1.3398156 ], [ 103.7252095, 1.3398096 ], [ 103.7251257, 1.3398377 ], [ 103.7250674, 1.3399034 ], [ 103.725100200000014, 1.3399926 ], [ 103.7251177, 1.3400744 ], [ 103.7251009, 1.3401294 ], [ 103.7250493, 1.3401408 ], [ 103.7250171, 1.3401307 ], [ 103.725003, 1.3399685 ], [ 103.7249722, 1.3399618 ], [ 103.7249427, 1.3400275 ], [ 103.7248642, 1.3400952 ], [ 103.7249165, 1.3401186 ], [ 103.7249346, 1.3401508 ], [ 103.7249292, 1.3402091 ], [ 103.724997, 1.3402728 ], [ 103.7250144, 1.3403352 ], [ 103.7250104, 1.3404726 ], [ 103.7250935, 1.3404129 ] ] ] } },
{ "type": "Feature", "properties": { "id": 1159195821, "name": null, "forest_area_ha": 0.11334196006743577, "source_layer": "natural", "source": "OSM" }, "geometry": { "type": "Polygon", "coordinates": [ [ [ 103.7254161, 1.3403988 ], [ 103.7254858, 1.340427 ], [ 103.725527400000018, 1.3403962 ], [ 103.7255515, 1.3403559 ], [ 103.725535400000012, 1.3403157 ], [ 103.7252605, 1.3401991 ], [ 103.7251103, 1.3404619 ], [ 103.7250379, 1.3405128 ], [ 103.7250526, 1.340541 ], [ 103.7251733, 1.340494 ], [ 103.7252672, 1.3405356 ], [ 103.7253436, 1.3406013 ], [ 103.7254161, 1.3403988 ] ] ] } },
{ "type": "Feature", "properties": { "id": 1159195822, "name": null, "forest_area_ha": 0.10388871296749107, "source_layer": "natural", "source": "OSM" }, "geometry": { "type": "Polygon", "coordinates": [ [ [ 103.7249628, 1.3406368 ], [ 103.7249889, 1.3405872 ], [ 103.7250198, 1.3405611 ], [ 103.7249802, 1.3405229 ], [ 103.7248917, 1.3405443 ], [ 103.7248152, 1.3405329 ], [ 103.7247214, 1.3405778 ], [ 103.7246637, 1.3406241 ], [ 103.7246315, 1.3406737 ], [ 103.7246235, 1.3407347 ], [ 103.7246463, 1.340795 ], [ 103.7246831, 1.3408265 ], [ 103.7247408, 1.3408527 ], [ 103.7248266, 1.340846 ], [ 103.724881, 1.3408011 ], [ 103.7249473, 1.3407092 ], [ 103.7249628, 1.3406368 ] ] ] } },
{ "type": "Feature", "properties": { "id": 1162741419, "name": null, "forest_area_ha": 0.15497608779364128, "source_layer": "natural", "source": "OSM" }, "geometry": { "type": "Polygon", "coordinates": [ [ [ 103.78154, 1.3347489 ], [ 103.781437, 1.3347457 ], [ 103.7813856, 1.3348519 ], [ 103.7813276, 1.3348583 ], [ 103.7812997, 1.3352893 ], [ 103.7813291, 1.3354007 ], [ 103.7815027, 1.3354076 ], [ 103.78154, 1.3347489 ] ] ] } },
{ "type": "Feature", "properties": { "id": 1164981229, "name": null, "forest_area_ha": 1.9139112311364159, "source_layer": "natural", "source": "OSM" }, "geometry": { "type": "Polygon", "coordinates": [ [ [ 103.8231573, 1.4257798 ], [ 103.8230294, 1.4259207 ], [ 103.8230599, 1.4262239 ], [ 103.8229686, 1.426318 ], [ 103.823074, 1.4265778 ], [ 103.8230543, 1.4267266 ], [ 103.8229742, 1.4267112 ], [ 103.8229307, 1.4265539 ], [ 103.8228295, 1.4263362 ], [ 103.8225626, 1.4265848 ], [ 103.822439, 1.4264809 ], [ 103.8228843, 1.4261915 ], [ 103.822791600000016, 1.42603 ], [ 103.8221594, 1.4264233 ], [ 103.8221186, 1.4266241 ], [ 103.8224151, 1.4267 ], [ 103.8226146, 1.4268573 ], [ 103.8226188, 1.4270665 ], [ 103.8231541, 1.4271536 ], [ 103.822992500000012, 1.4274233 ], [ 103.8232791, 1.427544 ], [ 103.8233114, 1.4273446 ], [ 103.8235221, 1.4273446 ], [ 103.8235896, 1.4274261 ], [ 103.8236963, 1.4275202 ], [ 103.8238453, 1.4274991 ], [ 103.8236202, 1.4263991 ], [ 103.8230646, 1.4262267 ], [ 103.8230658, 1.4261932 ], [ 103.8235185, 1.4263437 ], [ 103.8236148, 1.4263278 ], [ 103.8235994, 1.4262163 ], [ 103.8237057, 1.4260447 ], [ 103.8235323, 1.4256999 ], [ 103.8231573, 1.4257798 ] ] ] } },
{ "type": "Feature", "properties": { "id": 1164981238, "name": null, "forest_area_ha": 0.36795939178503434, "source_layer": "natural", "source": "OSM" }, "geometry": { "type": "Polygon", "coordinates": [ [ [ 103.8252297, 1.4350729 ], [ 103.8253347, 1.4346988 ], [ 103.8255167, 1.4345709 ], [ 103.8254952, 1.4345268 ], [ 103.824963200000013, 1.4346704 ], [ 103.824685100000011, 1.4346945 ], [ 103.8244543, 1.4346037 ], [ 103.8244589, 1.434891 ], [ 103.8252297, 1.4350729 ] ] ] } },
{ "type": "Feature", "properties": { "id": 1164981239, "name": null, "forest_area_ha": 0.75129963051317228, "source_layer": "natural", "source": "OSM" }, "geometry": { "type": "Polygon", "coordinates": [ [ [ 103.8261987, 1.4330742 ], [ 103.825960200000011, 1.4341726 ], [ 103.8260665, 1.4342096 ], [ 103.8265047, 1.432252 ], [ 103.8265361, 1.4314164 ], [ 103.8265027, 1.4311355 ], [ 103.826588, 1.4308911 ], [ 103.826637, 1.4302762 ], [ 103.8265503, 1.4303002 ], [ 103.8264499, 1.4309572 ], [ 103.8263648, 1.431054 ], [ 103.8261987, 1.4330742 ] ] ] } },
{ "type": "Feature", "properties": { "id": 1166195956, "name": null, "forest_area_ha": 0.047215685001943973, "source_layer": "natural", "source": "OSM" }, "geometry": { "type": "Polygon", "coordinates": [ [ [ 103.7805044, 1.4048673 ], [ 103.7805391, 1.4049039 ], [ 103.7805692, 1.4049125 ], [ 103.7806053, 1.4048999 ], [ 103.7806329, 1.4048593 ], [ 103.7806928, 1.4048488 ], [ 103.7807244, 1.4048106 ], [ 103.7807413, 1.4047612 ], [ 103.7807154, 1.4047101 ], [ 103.7806464, 1.4046938 ], [ 103.7805159, 1.4047478 ], [ 103.780508400000016, 1.4047593 ], [ 103.7804473, 1.4048535 ], [ 103.7805044, 1.4048673 ] ] ] } },
{ "type": "Feature", "properties": { "id": 1166195957, "name": null, "forest_area_ha": 0.15225816591550637, "source_layer": "natural", "source": "OSM" }, "geometry": { "type": "Polygon", "coordinates": [ [ [ 103.7818565, 1.4072261 ], [ 103.7820573, 1.4072872 ], [ 103.7821688, 1.4072109 ], [ 103.7819598, 1.406888 ], [ 103.781907, 1.4068857 ], [ 103.7818189, 1.406955 ], [ 103.7816709, 1.4069573 ], [ 103.781609900000021, 1.4070054 ], [ 103.781651, 1.4070876 ], [ 103.7818565, 1.4072261 ] ] ] } },
{ "type": "Feature", "properties": { "id": 1166195958, "name": null, "forest_area_ha": 0.11019612305087273, "source_layer": "natural", "source": "OSM" }, "geometry": { "type": "Polygon", "coordinates": [ [ [ 103.7816504, 1.4060992 ], [ 103.7816837, 1.4059536 ], [ 103.7815489, 1.40598 ], [ 103.781459, 1.4059412 ], [ 103.7814195, 1.405863 ], [ 103.7814466, 1.4056872 ], [ 103.7814978, 1.405664 ], [ 103.7815071, 1.4056136 ], [ 103.7814707, 1.405564 ], [ 103.7813815, 1.4055564 ], [ 103.781310500000018, 1.4056684 ], [ 103.7813468, 1.4057328 ], [ 103.7813352, 1.4058299 ], [ 103.7813023, 1.405864 ], [ 103.7813516, 1.4059908 ], [ 103.7814293, 1.406079 ], [ 103.7815538, 1.406141 ], [ 103.7816504, 1.4060992 ] ] ] } },
{ "type": "Feature", "properties": { "id": 1166195959, "name": null, "forest_area_ha": 0.033874382509273833, "source_layer": "natural", "source": "OSM" }, "geometry": { "type": "Polygon", "coordinates": [ [ [ 103.7810347, 1.4056501 ], [ 103.7810788, 1.4056023 ], [ 103.7810681, 1.4055532 ], [ 103.7810322, 1.4055387 ], [ 103.78085160000002, 1.4056665 ], [ 103.7808176, 1.4057092 ], [ 103.7808321, 1.4057596 ], [ 103.7808893, 1.4057677 ], [ 103.7809951, 1.4056891 ], [ 103.7810347, 1.4056501 ] ] ] } },
{ "type": "Feature", "properties": { "id": 1166195960, "name": null, "forest_area_ha": 1.1272755719804852, "source_layer": "natural", "source": "OSM" }, "geometry": { "type": "Polygon", "coordinates": [ [ [ 103.7808092, 1.4068278 ], [ 103.780711, 1.4066918 ], [ 103.7808123, 1.4066478 ], [ 103.7807219, 1.4064682 ], [ 103.7806704, 1.4064672 ], [ 103.7806552, 1.4065016 ], [ 103.7805445, 1.406534 ], [ 103.7805627, 1.4064348 ], [ 103.7805693, 1.406349 ], [ 103.7806752, 1.406328 ], [ 103.7808526, 1.4062718 ], [ 103.780906, 1.4061812 ], [ 103.7808842, 1.4061284 ], [ 103.7808675, 1.406007 ], [ 103.7808638, 1.4059194 ], [ 103.780749900000018, 1.4058306 ], [ 103.7806674, 1.4058787 ], [ 103.7805976, 1.4059532 ], [ 103.7806375, 1.4059814 ], [ 103.7807534, 1.4059887 ], [ 103.7807613, 1.4060487 ], [ 103.7806834, 1.4060567 ], [ 103.7806318, 1.4060957 ], [ 103.7806079, 1.4061712 ], [ 103.7805425, 1.4062033 ], [ 103.7804515, 1.4062443 ], [ 103.7804386, 1.4063136 ], [ 103.7802836, 1.4063817 ], [ 103.7801967, 1.4063981 ], [ 103.7801356, 1.4065378 ], [ 103.7801626, 1.4066482 ], [ 103.780247200000019, 1.4066951 ], [ 103.780275300000014, 1.4070732 ], [ 103.7805372, 1.4071647 ], [ 103.7808155, 1.4070462 ], [ 103.7808531, 1.4070884 ], [ 103.7811467, 1.4070977 ], [ 103.7812915, 1.407014 ], [ 103.7813804, 1.406844 ], [ 103.7814434, 1.4068277 ], [ 103.7814849, 1.4067754 ], [ 103.7815912, 1.4068019 ], [ 103.7816504, 1.4067415 ], [ 103.781624, 1.4066899 ], [ 103.7815604, 1.4066804 ], [ 103.7815452, 1.4067253 ], [ 103.7814918, 1.4067101 ], [ 103.7814832, 1.4065413 ], [ 103.7813802, 1.4064736 ], [ 103.781330600000018, 1.4065318 ], [ 103.781218, 1.406466 ], [ 103.7812266, 1.4063964 ], [ 103.7810874, 1.4062886 ], [ 103.7809948, 1.4062362 ], [ 103.7809386, 1.406302 ], [ 103.7808346, 1.4063249 ], [ 103.7808031, 1.4064488 ], [ 103.7808355, 1.4064879 ], [ 103.7809443, 1.4065203 ], [ 103.7810101, 1.4067025 ], [ 103.7808092, 1.4068278 ] ] ] } },
{ "type": "Feature", "properties": { "id": 1166195961, "name": null, "forest_area_ha": 0.16791797692213306, "source_layer": "natural", "source": "OSM" }, "geometry": { "type": "Polygon", "coordinates": [ [ [ 103.7802376, 1.4061862 ], [ 103.7803538, 1.4060172 ], [ 103.7803068, 1.405962 ], [ 103.7802387, 1.4059385 ], [ 103.7801646, 1.4058655 ], [ 103.7801873, 1.4057705 ], [ 103.7802408, 1.4056906 ], [ 103.7802338, 1.4056133 ], [ 103.7802854, 1.4055503 ], [ 103.7802389, 1.4055032 ], [ 103.7800501, 1.405473 ], [ 103.7799903, 1.4055019 ], [ 103.7799909, 1.4055352 ], [ 103.7800872, 1.4055245 ], [ 103.7801074, 1.4056441 ], [ 103.7800067, 1.4056686 ], [ 103.780055100000013, 1.4059486 ], [ 103.780086, 1.4061165 ], [ 103.780126, 1.4062214 ], [ 103.7802376, 1.4061862 ] ] ] } },
{ "type": "Feature", "properties": { "id": 1167487672, "name": null, "forest_area_ha": 0.72393108246967697, "source_layer": "natural", "source": "OSM" }, "geometry": { "type": "Polygon", "coordinates": [ [ [ 103.8257883, 1.4479088 ], [ 103.8256274, 1.447933 ], [ 103.8254933, 1.4480255 ], [ 103.825327, 1.4482091 ], [ 103.8252546, 1.4481783 ], [ 103.8249968, 1.4484023 ], [ 103.824891, 1.4484505 ], [ 103.8248358, 1.4484718 ], [ 103.8245921, 1.4485631 ], [ 103.8243842, 1.448673 ], [ 103.8242434, 1.4486904 ], [ 103.824179, 1.4486851 ], [ 103.8241696, 1.4488661 ], [ 103.824285, 1.4488674 ], [ 103.824331900000018, 1.4491007 ], [ 103.824631, 1.4489586 ], [ 103.8249783, 1.4487776 ], [ 103.8255537, 1.4483512 ], [ 103.82596, 1.4479517 ], [ 103.8257883, 1.4479088 ] ] ] } },
{ "type": "Feature", "properties": { "id": 1167487673, "name": null, "forest_area_ha": 1.5968714784764464, "source_layer": "natural", "source": "OSM" }, "geometry": { "type": "Polygon", "coordinates": [ [ [ 103.8259412, 1.4478445 ], [ 103.826066, 1.4478699 ], [ 103.8261035, 1.4478123 ], [ 103.8260002, 1.4475482 ], [ 103.825787, 1.4471942 ], [ 103.8255778, 1.4469462 ], [ 103.8244566, 1.4458978 ], [ 103.8242252, 1.4456227 ], [ 103.8240642, 1.445502 ], [ 103.8239837, 1.445456 ], [ 103.8238457, 1.4454617 ], [ 103.8238287, 1.4455305 ], [ 103.8238896, 1.4455923 ], [ 103.824004, 1.4456099 ], [ 103.8240657, 1.4456615 ], [ 103.8241248, 1.4458107 ], [ 103.823705800000013, 1.4465607 ], [ 103.8238507, 1.4466051 ], [ 103.8241006, 1.4465897 ], [ 103.824252, 1.4465105 ], [ 103.8243332, 1.4465065 ], [ 103.8245746, 1.4467076 ], [ 103.8247409, 1.4466674 ], [ 103.8249783, 1.4467277 ], [ 103.8251419, 1.4468913 ], [ 103.8252211, 1.4470334 ], [ 103.8252988, 1.447142 ], [ 103.8253377, 1.4471446 ], [ 103.8254477, 1.4471996 ], [ 103.825445, 1.4473028 ], [ 103.8254343, 1.4474114 ], [ 103.8254853, 1.4475294 ], [ 103.8256006, 1.44752 ], [ 103.8256623, 1.4476018 ], [ 103.8256462, 1.4477761 ], [ 103.8256972, 1.4478525 ], [ 103.8259412, 1.4478445 ] ] ] } },
{ "type": "Feature", "properties": { "id": 1168515029, "name": null, "forest_area_ha": 0.70533513205639042, "source_layer": "natural", "source": "OSM" }, "geometry": { "type": "Polygon", "coordinates": [ [ [ 103.7341708, 1.3264351 ], [ 103.7341467, 1.3260569 ], [ 103.7343103, 1.3257003 ], [ 103.7344251, 1.325159 ], [ 103.7341252, 1.3252284 ], [ 103.733873100000011, 1.3243381 ], [ 103.7347745, 1.3241325 ], [ 103.7347444, 1.3240188 ], [ 103.7336118, 1.3242624 ], [ 103.7337765, 1.324493 ], [ 103.7341283, 1.325516 ], [ 103.7340987, 1.3256112 ], [ 103.7340289, 1.3257252 ], [ 103.7338688, 1.3262824 ], [ 103.7338374, 1.3263115 ], [ 103.7338459, 1.3263717 ], [ 103.7341708, 1.3264351 ] ] ] } },
{ "type": "Feature", "properties": { "id": 1168515030, "name": null, "forest_area_ha": 2.7567136152029774, "source_layer": "natural", "source": "OSM" }, "geometry": { "type": "Polygon", "coordinates": [ [ [ 103.7329869, 1.326128 ], [ 103.732989, 1.3260307 ], [ 103.7329153, 1.3259746 ], [ 103.733003, 1.3259129 ], [ 103.7331261, 1.3258336 ], [ 103.7332342, 1.3255496 ], [ 103.733209, 1.3254246 ], [ 103.7331878, 1.3252745 ], [ 103.7331433, 1.3251307 ], [ 103.7329282, 1.3246483 ], [ 103.7328002, 1.3245194 ], [ 103.7326186, 1.3244424 ], [ 103.7325527, 1.3242721 ], [ 103.7324395, 1.3240472 ], [ 103.7323574, 1.3239227 ], [ 103.7323649, 1.3237259 ], [ 103.7323182, 1.3235851 ], [ 103.732201, 1.3231022 ], [ 103.731991, 1.3230121 ], [ 103.731927700000014, 1.3227005 ], [ 103.731847, 1.3225302 ], [ 103.7318059, 1.3224085 ], [ 103.7318453, 1.32234 ], [ 103.7318209, 1.3221997 ], [ 103.7317338, 1.3222221 ], [ 103.7317101, 1.3221422 ], [ 103.7317635, 1.3221322 ], [ 103.7317618, 1.3220377 ], [ 103.731697, 1.3219121 ], [ 103.7316423, 1.3217506 ], [ 103.7313944, 1.3215205 ], [ 103.73127150000002, 1.3215182 ], [ 103.7312535, 1.3213307 ], [ 103.7309813, 1.321079 ], [ 103.7308606, 1.3210379 ], [ 103.7307656, 1.3209224 ], [ 103.73065, 1.3207118 ], [ 103.7305524, 1.3204678 ], [ 103.7304754, 1.3204318 ], [ 103.7303187, 1.3201699 ], [ 103.7302262, 1.320116 ], [ 103.7301862, 1.3200266 ], [ 103.7301215, 1.3199988 ], [ 103.729613, 1.3191205 ], [ 103.7295702, 1.3189972 ], [ 103.729153, 1.3183183 ], [ 103.7290158, 1.3181496 ], [ 103.7289583, 1.3177726 ], [ 103.7287027, 1.3176064 ], [ 103.7283953, 1.3176191 ], [ 103.7263665, 1.3190145 ], [ 103.7263897, 1.3190368 ], [ 103.728396600000011, 1.3176519 ], [ 103.7286401, 1.317637 ], [ 103.7289003, 1.317806 ], [ 103.7289737, 1.318105 ], [ 103.7294689, 1.318951 ], [ 103.7296147, 1.3192031 ], [ 103.7297647, 1.3194778 ], [ 103.730059, 1.3199042 ], [ 103.7301113, 1.3200558 ], [ 103.7301517, 1.320173 ], [ 103.7310253, 1.3216821 ], [ 103.731325, 1.3222224 ], [ 103.7314859, 1.3223819 ], [ 103.7317957, 1.3230992 ], [ 103.731164, 1.3231048 ], [ 103.7311748, 1.3232146 ], [ 103.73184, 1.3231824 ], [ 103.7321082, 1.3237643 ], [ 103.7316254, 1.3237509 ], [ 103.73162, 1.3238421 ], [ 103.7322342, 1.3238367 ], [ 103.7324649, 1.3246143 ], [ 103.7327707, 1.324751 ], [ 103.7327975, 1.3261132 ], [ 103.7327228, 1.3260975 ], [ 103.7326594, 1.3262353 ], [ 103.7328833, 1.3262701 ], [ 103.7330631, 1.3262186 ], [ 103.7329869, 1.326128 ] ] ] } },
{ "type": "Feature", "properties": { "id": 1168515032, "name": null, "forest_area_ha": 0.20128225782548514, "source_layer": "natural", "source": "OSM" }, "geometry": { "type": "Polygon", "coordinates": [ [ [ 103.7261, 1.3133775 ], [ 103.7262449, 1.3133037 ], [ 103.7263133, 1.3134901 ], [ 103.7261859, 1.3135746 ], [ 103.7263803, 1.3137958 ], [ 103.726634500000017, 1.3136918 ], [ 103.7265083, 1.31347 ], [ 103.7263642, 1.313588 ], [ 103.7262898, 1.3135102 ], [ 103.7263991, 1.3135166 ], [ 103.7264243, 1.3133225 ], [ 103.7263625, 1.313214 ], [ 103.7264278, 1.3131047 ], [ 103.7260196, 1.3131911 ], [ 103.7261, 1.3133775 ] ] ] } },
{ "type": "Feature", "properties": { "id": 1168515033, "name": null, "forest_area_ha": 0.59554908810094243, "source_layer": "natural", "source": "OSM" }, "geometry": { "type": "Polygon", "coordinates": [ [ [ 103.7297063, 1.3149663 ], [ 103.72954, 1.3147397 ], [ 103.7290625, 1.3140975 ], [ 103.7291148, 1.3140626 ], [ 103.7287447, 1.3135062 ], [ 103.7286441, 1.3135048 ], [ 103.728565, 1.3133252 ], [ 103.7284604, 1.3132461 ], [ 103.728366500000021, 1.3130544 ], [ 103.7283075, 1.3129431 ], [ 103.7283001, 1.3129096 ], [ 103.7282565, 1.3128492 ], [ 103.7282887, 1.3127674 ], [ 103.7281841, 1.3127165 ], [ 103.7280316, 1.3128252 ], [ 103.7286462, 1.313817 ], [ 103.7289776, 1.314278 ], [ 103.7294098, 1.3147533 ], [ 103.7296135, 1.3150234 ], [ 103.7297063, 1.3149663 ] ] ] } },
{ "type": "Feature", "properties": { "id": 1168515034, "name": null, "forest_area_ha": 0.60946738434558168, "source_layer": "natural", "source": "OSM" }, "geometry": { "type": "Polygon", "coordinates": [ [ [ 103.7318896, 1.3183248 ], [ 103.7315865, 1.3180406 ], [ 103.731491300000016, 1.3177537 ], [ 103.731325, 1.3176692 ], [ 103.7312418, 1.3175821 ], [ 103.7311429, 1.3172484 ], [ 103.7309979, 1.3172782 ], [ 103.7304773, 1.3162544 ], [ 103.7303663, 1.3159822 ], [ 103.7301944, 1.3157694 ], [ 103.7299544, 1.3154034 ], [ 103.7298559, 1.3153449 ], [ 103.7299987, 1.3157293 ], [ 103.7302732, 1.3160258 ], [ 103.7309761, 1.3174754 ], [ 103.7312507, 1.317739 ], [ 103.7314154, 1.3182771 ], [ 103.7318107, 1.3183979 ], [ 103.7318896, 1.3183248 ] ] ] } },
{ "type": "Feature", "properties": { "id": 1168515035, "name": null, "forest_area_ha": 0.25430046497962239, "source_layer": "natural", "source": "OSM" }, "geometry": { "type": "Polygon", "coordinates": [ [ [ 103.733313700000011, 1.3221741 ], [ 103.7329075, 1.320517 ], [ 103.7327754, 1.3205824 ], [ 103.7328431, 1.3209787 ], [ 103.7330517, 1.3212972 ], [ 103.7331396, 1.3222087 ], [ 103.733313700000011, 1.3221741 ] ] ] } },
{ "type": "Feature", "properties": { "id": 1168515036, "name": null, "forest_area_ha": 0.17851456496218848, "source_layer": "natural", "source": "OSM" }, "geometry": { "type": "Polygon", "coordinates": [ [ [ 103.733607500000019, 1.3236919 ], [ 103.733452, 1.3231904 ], [ 103.7334546, 1.3229974 ], [ 103.7334248, 1.3229076 ], [ 103.7332792, 1.3229786 ], [ 103.7335679, 1.3239549 ], [ 103.733601, 1.3241868 ], [ 103.7337121, 1.3241638 ], [ 103.733607500000019, 1.3236919 ] ] ] } },
{ "type": "Feature", "properties": { "id": 1168516500, "name": null, "forest_area_ha": 0.14393182906571456, "source_layer": "natural", "source": "OSM" }, "geometry": { "type": "Polygon", "coordinates": [ [ [ 103.7542605, 1.3074929 ], [ 103.7543678, 1.307261 ], [ 103.7543061, 1.3071832 ], [ 103.7544295, 1.3069124 ], [ 103.7544066, 1.3068833 ], [ 103.754360500000018, 1.3069332 ], [ 103.7542554, 1.3069067 ], [ 103.754187, 1.3069279 ], [ 103.7541502, 1.3070179 ], [ 103.7541028, 1.3070708 ], [ 103.75410810000001, 1.3071608 ], [ 103.7541502, 1.3072878 ], [ 103.7541072, 1.3074195 ], [ 103.7542605, 1.3074929 ] ] ] } },
{ "type": "Feature", "properties": { "id": 1168516503, "name": null, "forest_area_ha": 5.5487012236954865, "source_layer": "natural", "source": "OSM" }, "geometry": { "type": "Polygon", "coordinates": [ [ [ 103.7468622, 1.3114122 ], [ 103.7469289, 1.3111064 ], [ 103.746956700000013, 1.3108284 ], [ 103.7471457, 1.3105782 ], [ 103.7472124, 1.3102223 ], [ 103.7468955, 1.309961 ], [ 103.7463506, 1.3097052 ], [ 103.7460837, 1.3095273 ], [ 103.7460559, 1.3092938 ], [ 103.7458391, 1.309038 ], [ 103.7454443, 1.308899 ], [ 103.745221900000018, 1.308343 ], [ 103.7452472, 1.3080188 ], [ 103.7459892, 1.3076758 ], [ 103.7467388, 1.3076018 ], [ 103.74689, 1.3075869 ], [ 103.7476016, 1.3078927 ], [ 103.7485413, 1.3085154 ], [ 103.7489249, 1.3087155 ], [ 103.7494531, 1.3087211 ], [ 103.7501203, 1.3084209 ], [ 103.7507264, 1.3080261 ], [ 103.7511434, 1.3076703 ], [ 103.7513825, 1.3075257 ], [ 103.7513788, 1.3075161 ], [ 103.7513157, 1.3073533 ], [ 103.7511879, 1.3072032 ], [ 103.7511323, 1.3069752 ], [ 103.7508765, 1.3069196 ], [ 103.7508709, 1.3068251 ], [ 103.7509599, 1.3067695 ], [ 103.7508651, 1.3066547 ], [ 103.750854300000015, 1.3066416 ], [ 103.7504706, 1.3064582 ], [ 103.7504206, 1.3062858 ], [ 103.7503427, 1.3058521 ], [ 103.7499758, 1.3054574 ], [ 103.7500203, 1.3054296 ], [ 103.7506263, 1.3058577 ], [ 103.7509488, 1.3062524 ], [ 103.7515048, 1.3066972 ], [ 103.7518829, 1.3067973 ], [ 103.7518854, 1.3067823 ], [ 103.7496699, 1.3048932 ], [ 103.7489122, 1.3042443 ], [ 103.7488425, 1.3043394 ], [ 103.7501001, 1.3060064 ], [ 103.7503701, 1.3067412 ], [ 103.7507886, 1.3075675 ], [ 103.7498745, 1.3078437 ], [ 103.7495442, 1.3078133 ], [ 103.7487645, 1.3082885 ], [ 103.748515900000015, 1.3081987 ], [ 103.7469158, 1.3074126 ], [ 103.7463761, 1.307461 ], [ 103.7458289, 1.3076326 ], [ 103.7454865, 1.3077312 ], [ 103.7452693, 1.307884 ], [ 103.7451298, 1.3080851 ], [ 103.745111, 1.3083694 ], [ 103.7451645, 1.3085963 ], [ 103.745445, 1.3089634 ], [ 103.7465908, 1.3101558 ], [ 103.7467621, 1.3105424 ], [ 103.7468577, 1.3108638 ], [ 103.746786700000015, 1.3114202 ], [ 103.7468622, 1.3114122 ] ] ] } },
{ "type": "Feature", "properties": { "id": 1168525602, "name": null, "forest_area_ha": 7.9517247462058727, "source_layer": "natural", "source": "OSM" }, "geometry": { "type": "Polygon", "coordinates": [ [ [ 103.9808804, 1.3835474 ], [ 103.9794467, 1.3830634 ], [ 103.9786474, 1.3831506 ], [ 103.9786702, 1.3824681 ], [ 103.9785093, 1.3824668 ], [ 103.9784597, 1.3844122 ], [ 103.9787681, 1.3854687 ], [ 103.9790935, 1.385415 ], [ 103.9792714, 1.3857101 ], [ 103.9797468, 1.3861194 ], [ 103.9803169, 1.386311 ], [ 103.9810565, 1.3863391 ], [ 103.98139, 1.3849954 ], [ 103.9811379, 1.3852474 ], [ 103.9810681, 1.3854673 ], [ 103.9806926, 1.3858856 ], [ 103.9802045, 1.3858213 ], [ 103.9794749, 1.3847648 ], [ 103.9798719, 1.3843197 ], [ 103.9802259, 1.3844591 ], [ 103.9807087, 1.3852903 ], [ 103.98139, 1.3847648 ], [ 103.9816636, 1.3835421 ], [ 103.9808804, 1.3835474 ] ] ] } },
{ "type": "Feature", "properties": { "id": 1168525603, "name": null, "forest_area_ha": 16.453805184848992, "source_layer": "natural", "source": "OSM" }, "geometry": { "type": "Polygon", "coordinates": [ [ [ 103.9813203, 1.3817348 ], [ 103.981905, 1.3820726 ], [ 103.9844155, 1.3804316 ], [ 103.9845104, 1.3803871 ], [ 103.9847518, 1.3801726 ], [ 103.985241500000015, 1.3802215 ], [ 103.9852953, 1.3799516 ], [ 103.9849278, 1.3799355 ], [ 103.9849359, 1.3797264 ], [ 103.9853033, 1.3796754 ], [ 103.9852712, 1.379359 ], [ 103.9840212, 1.3785868 ], [ 103.9837798, 1.3790185 ], [ 103.9831656, 1.3790426 ], [ 103.9824066, 1.3793403 ], [ 103.9820069, 1.3796996 ], [ 103.9816609, 1.3794502 ], [ 103.9810708, 1.3791794 ], [ 103.980875, 1.3788415 ], [ 103.9801937, 1.3789273 ], [ 103.9801937, 1.3790667 ], [ 103.9804861, 1.3789836 ], [ 103.9802098, 1.3792169 ], [ 103.9795956, 1.3809438 ], [ 103.9793918, 1.382381 ], [ 103.9798585, 1.3827832 ], [ 103.9803868, 1.382979 ], [ 103.9813203, 1.3817348 ] ] ] } },
{ "type": "Feature", "properties": { "id": 1168525604, "name": null, "forest_area_ha": 4.2211525013552658, "source_layer": "natural", "source": "OSM" }, "geometry": { "type": "Polygon", "coordinates": [ [ [ 103.9858291, 1.3763692 ], [ 103.9859042, 1.3769752 ], [ 103.9847159, 1.3771897 ], [ 103.9847535, 1.3776027 ], [ 103.9850244, 1.3774284 ], [ 103.9853972, 1.3782275 ], [ 103.9851934, 1.3784044 ], [ 103.9852041, 1.3789863 ], [ 103.9855662, 1.378871 ], [ 103.9859534, 1.379041 ], [ 103.9861841, 1.3788372 ], [ 103.986505, 1.3780719 ], [ 103.9866257, 1.3775142 ], [ 103.9871514, 1.377364 ], [ 103.9865076, 1.3761735 ], [ 103.9858291, 1.3763692 ] ] ] } },
{ "type": "Feature", "properties": { "id": 1168525605, "name": null, "forest_area_ha": 0.86846348930964845, "source_layer": "natural", "source": "OSM" }, "geometry": { "type": "Polygon", "coordinates": [ [ [ 103.9774445, 1.3637155 ], [ 103.9775598, 1.3636592 ], [ 103.9777556, 1.3641338 ], [ 103.9776108, 1.364225 ], [ 103.9776859, 1.3644154 ], [ 103.9779031, 1.3643376 ], [ 103.978023800000017, 1.3637075 ], [ 103.9776215, 1.3633857 ], [ 103.9772674, 1.3623506 ], [ 103.9768973, 1.3625196 ], [ 103.9774445, 1.3637155 ] ] ] } },
{ "type": "Feature", "properties": { "id": 1168525606, "name": null, "forest_area_ha": 4.1237760478505336, "source_layer": "natural", "source": "OSM" }, "geometry": { "type": "Polygon", "coordinates": [ [ [ 103.9800248, 1.3646996 ], [ 103.9799175, 1.3636672 ], [ 103.9790136, 1.3637825 ], [ 103.9790779, 1.3647854 ], [ 103.9785469, 1.3648283 ], [ 103.978394, 1.3638308 ], [ 103.9781713, 1.363812 ], [ 103.9779219, 1.3647425 ], [ 103.9771548, 1.3650482 ], [ 103.9771917, 1.3651367 ], [ 103.9798585, 1.3650053 ], [ 103.9799336, 1.3648846 ], [ 103.9806256, 1.3648444 ], [ 103.9806497, 1.3649811 ], [ 103.9809152, 1.3649516 ], [ 103.9809448, 1.3637933 ], [ 103.9811459, 1.3637075 ], [ 103.9816368, 1.3649329 ], [ 103.9820123, 1.3649302 ], [ 103.9812961, 1.3632382 ], [ 103.9805666, 1.3634822 ], [ 103.9806631, 1.3646326 ], [ 103.9800248, 1.3646996 ] ] ] } },
{ "type": "Feature", "properties": { "id": 1168525607, "name": null, "forest_area_ha": 0.60969865942879276, "source_layer": "natural", "source": "OSM" }, "geometry": { "type": "Polygon", "coordinates": [ [ [ 103.9773425, 1.3648605 ], [ 103.9765231, 1.3630009 ], [ 103.9766103, 1.3628615 ], [ 103.9768396, 1.3627395 ], [ 103.9767364, 1.3625383 ], [ 103.9763018, 1.3628534 ], [ 103.9771414, 1.3649503 ], [ 103.9773425, 1.3648605 ] ] ] } },
{ "type": "Feature", "properties": { "id": 1168525608, "name": null, "forest_area_ha": 12.361539684759352, "source_layer": "natural", "source": "OSM" }, "geometry": { "type": "Polygon", "coordinates": [ [ [ 103.9772862, 1.3621764 ], [ 103.9775062, 1.3614631 ], [ 103.9766371, 1.3606157 ], [ 103.9768517, 1.3603208 ], [ 103.9776188, 1.3607739 ], [ 103.9779487, 1.3609657 ], [ 103.9781754, 1.3609174 ], [ 103.9783417, 1.3608061 ], [ 103.977983600000016, 1.3604428 ], [ 103.978166, 1.3603449 ], [ 103.9784597, 1.3608048 ], [ 103.9794829, 1.3603717 ], [ 103.97899750000002, 1.3591383 ], [ 103.978174, 1.3595137 ], [ 103.9784101, 1.3598113 ], [ 103.9788499, 1.3597014 ], [ 103.9790538, 1.3602323 ], [ 103.9784476, 1.3605675 ], [ 103.9777181, 1.3596236 ], [ 103.9753497, 1.3606613 ], [ 103.9755937, 1.3612593 ], [ 103.975457, 1.3612647 ], [ 103.9746684, 1.3609536 ], [ 103.9746308, 1.3612727 ], [ 103.9748615, 1.36138 ], [ 103.9747488, 1.3618868 ], [ 103.9750063, 1.3619511 ], [ 103.975009, 1.3617017 ], [ 103.9753014, 1.3616991 ], [ 103.975494500000011, 1.3621576 ], [ 103.9751485, 1.36223 ], [ 103.9745074, 1.3619538 ], [ 103.97425, 1.3616481 ], [ 103.9743733, 1.3612459 ], [ 103.9745101, 1.3611708 ], [ 103.9744404, 1.361034 ], [ 103.9743841, 1.3608584 ], [ 103.9737484, 1.3610748 ], [ 103.9747301, 1.3631202 ], [ 103.974858800000021, 1.3634929 ], [ 103.9750399, 1.3634648 ], [ 103.9750861, 1.3639409 ], [ 103.9753228, 1.3646299 ], [ 103.9754784, 1.3645146 ], [ 103.9752665, 1.3641392 ], [ 103.9755991, 1.3636217 ], [ 103.9761516, 1.3632865 ], [ 103.9762965, 1.3636029 ], [ 103.9756045, 1.363871 ], [ 103.9754221, 1.3642196 ], [ 103.9755455, 1.3643322 ], [ 103.9757869, 1.3641928 ], [ 103.9757976, 1.3646299 ], [ 103.9756206, 1.3648256 ], [ 103.9757466, 1.3649811 ], [ 103.976157, 1.3648444 ], [ 103.9762616, 1.3651769 ], [ 103.975907600000014, 1.3652761 ], [ 103.975583, 1.3654021 ], [ 103.9758137, 1.3658835 ], [ 103.977113200000019, 1.3651997 ], [ 103.9756125, 1.3618573 ], [ 103.9760444, 1.3617768 ], [ 103.9761087, 1.3615516 ], [ 103.976277700000011, 1.361565 ], [ 103.9768088, 1.362289 ], [ 103.9772862, 1.3621764 ] ] ] } },
{ "type": "Feature", "properties": { "id": 1168525609, "name": null, "forest_area_ha": 0.60388215300320469, "source_layer": "natural", "source": "OSM" }, "geometry": { "type": "Polygon", "coordinates": [ [ [ 103.978313500000013, 1.3622273 ], [ 103.978477100000021, 1.3623399 ], [ 103.9786032, 1.3621361 ], [ 103.9781579, 1.3617125 ], [ 103.9780211, 1.3615408 ], [ 103.9779755, 1.3616803 ], [ 103.9780024, 1.3620691 ], [ 103.9779353, 1.3620718 ], [ 103.9778924, 1.3616991 ], [ 103.9779729, 1.3614765 ], [ 103.9779058, 1.3614872 ], [ 103.9778575, 1.3616508 ], [ 103.9778709, 1.361927 ], [ 103.9775678, 1.3620369 ], [ 103.9774713, 1.3622487 ], [ 103.9774927, 1.3623399 ], [ 103.977653700000019, 1.3623399 ], [ 103.9777663, 1.3622568 ], [ 103.9777127, 1.3623935 ], [ 103.9776161, 1.3624418 ], [ 103.9776671, 1.3625223 ], [ 103.978313500000013, 1.3622273 ] ] ] } },
{ "type": "Feature", "properties": { "id": 1168525610, "name": null, "forest_area_ha": 3.6072007140263924, "source_layer": "natural", "source": "OSM" }, "geometry": { "type": "Polygon", "coordinates": [ [ [ 103.9784288, 1.3633669 ], [ 103.9804351, 1.3631149 ], [ 103.9811674, 1.3630344 ], [ 103.9813162, 1.3628749 ], [ 103.9805116, 1.3621321 ], [ 103.9799974, 1.3608747 ], [ 103.9798464, 1.3609362 ], [ 103.9800663, 1.3616602 ], [ 103.979959, 1.3619954 ], [ 103.9797391, 1.3623118 ], [ 103.9795379, 1.3621965 ], [ 103.97909270000001, 1.3624177 ], [ 103.9788634, 1.3622487 ], [ 103.9785925, 1.362474 ], [ 103.9785361, 1.3627502 ], [ 103.9779541, 1.3630934 ], [ 103.9779675, 1.3631685 ], [ 103.9784288, 1.3633669 ] ] ] } },
{ "type": "Feature", "properties": { "id": 1173712512, "name": null, "forest_area_ha": 0.058567997078047697, "source_layer": "natural", "source": "OSM" }, "geometry": { "type": "Polygon", "coordinates": [ [ [ 103.8542094, 1.3136142 ], [ 103.8539966, 1.3134277 ], [ 103.8538916, 1.3136102 ], [ 103.85417, 1.3137294 ], [ 103.8542094, 1.3136142 ] ] ] } },
{ "type": "Feature", "properties": { "id": 1173835437, "name": null, "forest_area_ha": 1.0733304877808842, "source_layer": "natural", "source": "OSM" }, "geometry": { "type": "Polygon", "coordinates": [ [ [ 103.8933881, 1.4153757 ], [ 103.8939057, 1.4154361 ], [ 103.8948968, 1.4152055 ], [ 103.8951194, 1.4154468 ], [ 103.8958785, 1.4150553 ], [ 103.895819500000016, 1.4149159 ], [ 103.8949277, 1.4149336 ], [ 103.8947029, 1.4149726 ], [ 103.8946098, 1.4149336 ], [ 103.893439300000011, 1.4150897 ], [ 103.8933463, 1.4150507 ], [ 103.8932894, 1.4150588 ], [ 103.8933881, 1.4153757 ] ] ] } },
{ "type": "Feature", "properties": { "id": 1173835438, "name": null, "forest_area_ha": 4.5629027300966936, "source_layer": "natural", "source": "OSM" }, "geometry": { "type": "Polygon", "coordinates": [ [ [ 103.8928693, 1.4151279 ], [ 103.8923399, 1.4152032 ], [ 103.8885215, 1.4156537 ], [ 103.8862974, 1.4170266 ], [ 103.8834789, 1.4177774 ], [ 103.8869523, 1.4227089 ], [ 103.8871204, 1.4226641 ], [ 103.8839355, 1.4180796 ], [ 103.8846547, 1.4177902 ], [ 103.8858595, 1.4174634 ], [ 103.8866067, 1.4171085 ], [ 103.8878209, 1.4163522 ], [ 103.8889137, 1.4158667 ], [ 103.8929299, 1.4153812 ], [ 103.8928693, 1.4151279 ] ] ] } },
{ "type": "Feature", "properties": { "id": 1173836902, "name": null, "forest_area_ha": 2.7437004677765287, "source_layer": "natural", "source": "OSM" }, "geometry": { "type": "Polygon", "coordinates": [ [ [ 103.8361125, 1.3974577 ], [ 103.8341529, 1.3985306 ], [ 103.8329495, 1.3965229 ], [ 103.8328117, 1.3962949 ], [ 103.8325306, 1.3964323 ], [ 103.8341204, 1.3989707 ], [ 103.834418, 1.3986612 ], [ 103.8354299, 1.398066 ], [ 103.8362394, 1.3977446 ], [ 103.8365012, 1.3976613 ], [ 103.8366156, 1.397594 ], [ 103.8346883, 1.3953125 ], [ 103.8345188, 1.3955475 ], [ 103.8361125, 1.3974577 ] ] ] } },
{ "type": "Feature", "properties": { "id": 1173836904, "name": null, "forest_area_ha": 0.71208425394759811, "source_layer": "natural", "source": "OSM" }, "geometry": { "type": "Polygon", "coordinates": [ [ [ 103.8567834, 1.3995797 ], [ 103.8567804, 1.3994581 ], [ 103.8568393, 1.3993918 ], [ 103.8567795, 1.3992107 ], [ 103.8567651, 1.3990488 ], [ 103.8567096, 1.398912 ], [ 103.8565906, 1.3988156 ], [ 103.8564438, 1.3986402 ], [ 103.8563627, 1.39865 ], [ 103.8563163, 1.3986102 ], [ 103.8561947, 1.3985884 ], [ 103.85615, 1.3985487 ], [ 103.856008, 1.3985499 ], [ 103.8558393, 1.3985518 ], [ 103.8558483, 1.3986884 ], [ 103.8558601, 1.3987736 ], [ 103.8558913, 1.3988473 ], [ 103.8559437, 1.3989614 ], [ 103.8559999, 1.3990544 ], [ 103.8560773, 1.3991344 ], [ 103.8561643, 1.3992067 ], [ 103.8562902, 1.3992935 ], [ 103.8564722, 1.3994247 ], [ 103.8567183, 1.3995853 ], [ 103.8567834, 1.3995797 ] ] ] } },
{ "type": "Feature", "properties": { "id": 1173836914, "name": null, "forest_area_ha": 3.958503730009109, "source_layer": "natural", "source": "OSM" }, "geometry": { "type": "Polygon", "coordinates": [ [ [ 103.8811557, 1.4116514 ], [ 103.8810834, 1.411847 ], [ 103.8810056, 1.411965 ], [ 103.8810508, 1.4120543 ], [ 103.8813038, 1.4124261 ], [ 103.8813342, 1.4128712 ], [ 103.8813878, 1.4131483 ], [ 103.8812698, 1.4134916 ], [ 103.8811608, 1.4139259 ], [ 103.8811286, 1.4143944 ], [ 103.8813651, 1.4142549 ], [ 103.8815153, 1.4137884 ], [ 103.8818586, 1.413665 ], [ 103.881783500000012, 1.4142227 ], [ 103.8820893, 1.4141369 ], [ 103.8823199, 1.4136757 ], [ 103.8826847, 1.4136221 ], [ 103.8828564, 1.4133808 ], [ 103.8825399, 1.4130161 ], [ 103.8827598, 1.4127962 ], [ 103.8818908, 1.4112518 ], [ 103.8811557, 1.4116514 ] ] ] } },
{ "type": "Feature", "properties": { "id": 1173836915, "name": null, "forest_area_ha": 9.6456570647030961, "source_layer": "natural", "source": "OSM" }, "geometry": { "type": "Polygon", "coordinates": [ [ [ 103.877744, 1.4108497 ], [ 103.8777547, 1.4103348 ], [ 103.878082, 1.4099112 ], [ 103.8784736, 1.4096323 ], [ 103.878961700000019, 1.4095733 ], [ 103.87916, 1.4097492 ], [ 103.879278, 1.4104357 ], [ 103.8791385, 1.4107842 ], [ 103.8792997, 1.4112948 ], [ 103.8797343, 1.4116756 ], [ 103.8801956, 1.4116273 ], [ 103.8805147, 1.4117104 ], [ 103.88074, 1.411638 ], [ 103.8809007, 1.4114117 ], [ 103.8809828, 1.4112183 ], [ 103.8810553, 1.4111512 ], [ 103.8811448, 1.4111436 ], [ 103.8812202, 1.4112679 ], [ 103.8812095, 1.4114636 ], [ 103.8811557, 1.4116514 ], [ 103.8818908, 1.4112518 ], [ 103.8804424, 1.4086079 ], [ 103.8799113, 1.4089672 ], [ 103.876285, 1.4096054 ], [ 103.8778137, 1.4115468 ], [ 103.877744, 1.4108497 ] ] ] } },
{ "type": "Feature", "properties": { "id": 1173837291, "name": null, "forest_area_ha": 0.32484300175511399, "source_layer": "natural", "source": "OSM" }, "geometry": { "type": "Polygon", "coordinates": [ [ [ 103.7074453, 1.3200558 ], [ 103.7071207, 1.3198466 ], [ 103.7066379, 1.3200021 ], [ 103.7062855, 1.320095 ], [ 103.7063375, 1.3201858 ], [ 103.7066594, 1.3200504 ], [ 103.706874, 1.3204124 ], [ 103.7074453, 1.3200558 ] ] ] } },
{ "type": "Feature", "properties": { "id": 1173837293, "name": null, "forest_area_ha": 12.347243239078548, "source_layer": "natural", "source": "OSM" }, "geometry": { "type": "Polygon", "coordinates": [ [ [ 103.709752, 1.3196535 ], [ 103.7099798, 1.3193465 ], [ 103.7101872, 1.3192107 ], [ 103.7100831, 1.3189108 ], [ 103.7099735, 1.318593 ], [ 103.7099089, 1.3181442 ], [ 103.7096754, 1.3174008 ], [ 103.7094113, 1.3162319 ], [ 103.7093791, 1.3156179 ], [ 103.7064153, 1.3156152 ], [ 103.7059513, 1.3153497 ], [ 103.7057747, 1.3152679 ], [ 103.7055681, 1.3152445 ], [ 103.7048246, 1.3155587 ], [ 103.7042427, 1.3160184 ], [ 103.7041386, 1.3162194 ], [ 103.7041433, 1.3167194 ], [ 103.7050286, 1.3166932 ], [ 103.7054604, 1.316661 ], [ 103.705439, 1.3168245 ], [ 103.7051627, 1.3168085 ], [ 103.7051386, 1.3170498 ], [ 103.7049133, 1.3171088 ], [ 103.704806, 1.316795 ], [ 103.7045458, 1.3169104 ], [ 103.7043688, 1.3172589 ], [ 103.7044017, 1.3173472 ], [ 103.7045381, 1.3173117 ], [ 103.7053756, 1.3170943 ], [ 103.7060198, 1.3166347 ], [ 103.7066187, 1.3164848 ], [ 103.7072999, 1.3171349 ], [ 103.7078825, 1.3172375 ], [ 103.7079133, 1.3171678 ], [ 103.7080179, 1.3171678 ], [ 103.7081708, 1.3173608 ], [ 103.7084497, 1.3174413 ], [ 103.7083626, 1.3176558 ], [ 103.7087649, 1.3182189 ], [ 103.708961700000017, 1.3184952 ], [ 103.7091979, 1.3188388 ], [ 103.7093071, 1.3191486 ], [ 103.7092893, 1.3193644 ], [ 103.7092284, 1.3195167 ], [ 103.7095159, 1.3198479 ], [ 103.709752, 1.3196535 ] ] ] } },
{ "type": "Feature", "properties": { "id": 1173842916, "name": null, "forest_area_ha": 0.15127578739456535, "source_layer": "natural", "source": "OSM" }, "geometry": { "type": "Polygon", "coordinates": [ [ [ 103.7462912, 1.4315999 ], [ 103.7462377, 1.4316826 ], [ 103.7462523, 1.4317946 ], [ 103.7460868, 1.4319602 ], [ 103.7460381, 1.4320916 ], [ 103.7460381, 1.432413 ], [ 103.7463144, 1.4320416 ], [ 103.7463886, 1.431595 ], [ 103.7462912, 1.4315999 ] ] ] } },
{ "type": "Feature", "properties": { "id": 1173842917, "name": null, "forest_area_ha": 1.2807008349302724, "source_layer": "natural", "source": "OSM" }, "geometry": { "type": "Polygon", "coordinates": [ [ [ 103.7459748, 1.4326272 ], [ 103.7457167, 1.4329827 ], [ 103.7456826, 1.433119 ], [ 103.7455317, 1.4333722 ], [ 103.7454246, 1.4334257 ], [ 103.7453905, 1.4335572 ], [ 103.745288200000019, 1.433674 ], [ 103.7450107, 1.4338834 ], [ 103.7448792, 1.4341415 ], [ 103.7446845, 1.4344336 ], [ 103.7445092, 1.434789 ], [ 103.7442437, 1.4350567 ], [ 103.7440624, 1.4355886 ], [ 103.7438976, 1.4358546 ], [ 103.74362570000001, 1.4362237 ], [ 103.7434024, 1.4365733 ], [ 103.7433635, 1.4368063 ], [ 103.7431337, 1.4372714 ], [ 103.7429374, 1.4377345 ], [ 103.7429609, 1.4377626 ], [ 103.742882, 1.4380107 ], [ 103.7428387, 1.438021 ], [ 103.7428054, 1.4380979 ], [ 103.7427681, 1.4381205 ], [ 103.7428182, 1.4382452 ], [ 103.7429631, 1.4382881 ], [ 103.7433346, 1.4374475 ], [ 103.7433198, 1.4373604 ], [ 103.7435483, 1.4366858 ], [ 103.743602400000015, 1.4367275 ], [ 103.7437139, 1.4367872 ], [ 103.7437713, 1.4366482 ], [ 103.7441678, 1.4360429 ], [ 103.7442985, 1.4356333 ], [ 103.7442116, 1.4354308 ], [ 103.7450699, 1.4339078 ], [ 103.7453917, 1.4336933 ], [ 103.7458555, 1.4328858 ], [ 103.7460647, 1.432548 ], [ 103.7460381, 1.432413 ], [ 103.7459748, 1.4326272 ] ] ] } },
{ "type": "Feature", "properties": { "id": 1173842918, "name": null, "forest_area_ha": 0.020653172891280828, "source_layer": "natural", "source": "OSM" }, "geometry": { "type": "Polygon", "coordinates": [ [ [ 103.7464658, 1.4313825 ], [ 103.7463886, 1.431595 ], [ 103.7466068, 1.4310634 ], [ 103.7465491, 1.4309937 ], [ 103.7464658, 1.4313825 ] ] ] } },
{ "type": "Feature", "properties": { "id": 1173842919, "name": null, "forest_area_ha": 3.2077136292136208, "source_layer": "natural", "source": "OSM" }, "geometry": { "type": "Polygon", "coordinates": [ [ [ 103.736991900000021, 1.4354594 ], [ 103.7370768, 1.4354602 ], [ 103.7371071, 1.4354631 ], [ 103.7371076, 1.4354758 ], [ 103.7371513, 1.4354786 ], [ 103.7372452, 1.4354852 ], [ 103.7372465, 1.4354589 ], [ 103.737261, 1.435451 ], [ 103.737261, 1.4354155 ], [ 103.7372781, 1.4354168 ], [ 103.7372952, 1.4353891 ], [ 103.7373426, 1.4353523 ], [ 103.7374071, 1.4353286 ], [ 103.7374703, 1.4353299 ], [ 103.7374927, 1.435376 ], [ 103.7375387, 1.4354115 ], [ 103.7375967, 1.4353891 ], [ 103.7376467, 1.4353773 ], [ 103.737702, 1.4353655 ], [ 103.7377191, 1.4353391 ], [ 103.7377112, 1.4352931 ], [ 103.7376769, 1.4352733 ], [ 103.7376743, 1.4352404 ], [ 103.7376559, 1.4352404 ], [ 103.7376572, 1.4352273 ], [ 103.7376704, 1.4352233 ], [ 103.7376756, 1.4352089 ], [ 103.737673, 1.4351641 ], [ 103.7376674, 1.4351001 ], [ 103.7375586, 1.4349221 ], [ 103.737468, 1.4347072 ], [ 103.7375146, 1.4346088 ], [ 103.7374059, 1.4344483 ], [ 103.7373308, 1.4344431 ], [ 103.7371881, 1.4342726 ], [ 103.7378423, 1.4338941 ], [ 103.7383547, 1.434125 ], [ 103.7383557, 1.4340194 ], [ 103.738072, 1.4338954 ], [ 103.7378882, 1.4337398 ], [ 103.7379589, 1.4335984 ], [ 103.7381192, 1.4335937 ], [ 103.7382371, 1.4336314 ], [ 103.7383376, 1.4335737 ], [ 103.7383747, 1.4332841 ], [ 103.7380686, 1.4329069 ], [ 103.737775, 1.4326603 ], [ 103.7376524, 1.4326603 ], [ 103.7375204, 1.4327263 ], [ 103.7373365, 1.4325849 ], [ 103.7371573, 1.4325 ], [ 103.7370441, 1.4325095 ], [ 103.7369875, 1.4324765 ], [ 103.7370488, 1.4323822 ], [ 103.7370046, 1.4322911 ], [ 103.73679420000002, 1.4323633 ], [ 103.7366993, 1.4323297 ], [ 103.7365867, 1.4325 ], [ 103.7365254, 1.4326085 ], [ 103.7365016, 1.4329147 ], [ 103.7367913, 1.4333919 ], [ 103.7367165, 1.4337381 ], [ 103.7374411, 1.4350879 ], [ 103.736986, 1.4354478 ], [ 103.736991900000021, 1.4354594 ] ] ] } },
{ "type": "Feature", "properties": { "id": 1173842920, "name": null, "forest_area_ha": 4.9148629795395422, "source_layer": "natural", "source": "OSM" }, "geometry": { "type": "Polygon", "coordinates": [ [ [ 103.7357295, 1.4385108 ], [ 103.7357258, 1.4378136 ], [ 103.7361467, 1.4375313 ], [ 103.7361204, 1.4375059 ], [ 103.7361002, 1.4374474 ], [ 103.7361495, 1.4373753 ], [ 103.7361674, 1.4373171 ], [ 103.7361871, 1.4373095 ], [ 103.736255700000015, 1.437224 ], [ 103.7363554, 1.4370803 ], [ 103.736341300000021, 1.4370558 ], [ 103.7364221, 1.4369242 ], [ 103.7365001, 1.4366237 ], [ 103.7365498, 1.4365551 ], [ 103.7368968, 1.43628 ], [ 103.7371688, 1.4361082 ], [ 103.7375323, 1.4358822 ], [ 103.737844, 1.4355927 ], [ 103.7379275, 1.4354295 ], [ 103.7379419, 1.4352885 ], [ 103.7377649, 1.4351073 ], [ 103.7377002, 1.4351537 ], [ 103.737702, 1.4351747 ], [ 103.7377006, 1.4352207 ], [ 103.7377178, 1.4352576 ], [ 103.7377454, 1.4352852 ], [ 103.7377559, 1.4353207 ], [ 103.737752, 1.4353562 ], [ 103.737723, 1.4353891 ], [ 103.7376743, 1.4353997 ], [ 103.7376296, 1.4354036 ], [ 103.7375874, 1.4354181 ], [ 103.737569, 1.4354326 ], [ 103.7375651, 1.4354602 ], [ 103.7375598, 1.4354891 ], [ 103.7375532, 1.4355181 ], [ 103.7375348, 1.4355326 ], [ 103.7375177, 1.435572 ], [ 103.7374927, 1.4356392 ], [ 103.73751110000002, 1.4356563 ], [ 103.7375098, 1.4356642 ], [ 103.7374808, 1.4356536 ], [ 103.7374584, 1.4356747 ], [ 103.7373913, 1.4357273 ], [ 103.7373097, 1.4357931 ], [ 103.7372834, 1.4358168 ], [ 103.7372597, 1.4358326 ], [ 103.7372307, 1.4358142 ], [ 103.737229400000018, 1.435805 ], [ 103.7372505, 1.435805 ], [ 103.7372715, 1.4357984 ], [ 103.7372755, 1.4357799 ], [ 103.7372847, 1.4357326 ], [ 103.7372768, 1.4357273 ], [ 103.7372518, 1.4356957 ], [ 103.7372347, 1.4356589 ], [ 103.737207, 1.4355957 ], [ 103.7371991, 1.4355391 ], [ 103.7371507, 1.435503 ], [ 103.7370495, 1.4355023 ], [ 103.7370037, 1.4355104 ], [ 103.736938, 1.4355635 ], [ 103.736384, 1.436035 ], [ 103.7358215, 1.4364737 ], [ 103.734113400000012, 1.4378271 ], [ 103.7336827, 1.4381547 ], [ 103.7336535, 1.4382233 ], [ 103.7336535, 1.4383846 ], [ 103.7336853, 1.4385321 ], [ 103.7357295, 1.4385108 ] ] ] } },
{ "type": "Feature", "properties": { "id": 1173842921, "name": null, "forest_area_ha": 4.218189204154605, "source_layer": "natural", "source": "OSM" }, "geometry": { "type": "Polygon", "coordinates": [ [ [ 103.7201389, 1.4341327 ], [ 103.7204827, 1.4341683 ], [ 103.7208502, 1.4339905 ], [ 103.7209688, 1.4337535 ], [ 103.7210873, 1.4335757 ], [ 103.7211703, 1.433789 ], [ 103.7210873, 1.4340261 ], [ 103.7213837, 1.4341327 ], [ 103.7217749, 1.4343697 ], [ 103.7217639, 1.434272 ], [ 103.7219121, 1.4342533 ], [ 103.7219023, 1.4332248 ], [ 103.7215644, 1.4331238 ], [ 103.721728, 1.4329254 ], [ 103.7215242, 1.4325393 ], [ 103.7210521, 1.4327028 ], [ 103.7209716, 1.4324025 ], [ 103.7192872, 1.4329066 ], [ 103.719703, 1.434112 ], [ 103.7201389, 1.4341327 ] ] ] } },
{ "type": "Feature", "properties": { "id": 1173842922, "name": null, "forest_area_ha": 0.14565859405618303, "source_layer": "natural", "source": "OSM" }, "geometry": { "type": "Polygon", "coordinates": [ [ [ 103.7518211, 1.4297721 ], [ 103.7519941, 1.4289087 ], [ 103.752155, 1.427812 ], [ 103.7521039, 1.4278035 ], [ 103.7519751, 1.4285618 ], [ 103.7519452, 1.428894 ], [ 103.7517568, 1.4297533 ], [ 103.7518211, 1.4297721 ] ] ] } },
{ "type": "Feature", "properties": { "id": 1173842923, "name": null, "forest_area_ha": 0.02842236610798346, "source_layer": "natural", "source": "OSM" }, "geometry": { "type": "Polygon", "coordinates": [ [ [ 103.751746, 1.4302815 ], [ 103.7517768, 1.4301984 ], [ 103.751715, 1.4299441 ], [ 103.7516456, 1.4302606 ], [ 103.751746, 1.4302815 ] ] ] } },
{ "type": "Feature", "properties": { "id": 1173842924, "name": null, "forest_area_ha": 0.50729248346983846, "source_layer": "natural", "source": "OSM" }, "geometry": { "type": "Polygon", "coordinates": [ [ [ 103.7532064, 1.4355585 ], [ 103.7531581, 1.4351053 ], [ 103.7528309, 1.4340623 ], [ 103.7516534, 1.4307106 ], [ 103.751678900000016, 1.430417 ], [ 103.7516223, 1.430367 ], [ 103.7516019, 1.43046 ], [ 103.7516019, 1.4306852 ], [ 103.7516663, 1.4310177 ], [ 103.752902, 1.4344879 ], [ 103.7529752, 1.4347287 ], [ 103.7531039, 1.4350719 ], [ 103.7531361, 1.4353079 ], [ 103.7531361, 1.435458 ], [ 103.7531254, 1.4356189 ], [ 103.7530506, 1.435819 ], [ 103.7530784, 1.4358373 ], [ 103.7532064, 1.4355585 ] ] ] } },
{ "type": "Feature", "properties": { "id": 1181302648, "name": null, "forest_area_ha": 1.9603566846431872, "source_layer": "natural", "source": "OSM" }, "geometry": { "type": "Polygon", "coordinates": [ [ [ 104.027539, 1.3635799 ], [ 104.027762600000017, 1.363499 ], [ 104.0278219, 1.3635887 ], [ 104.0282411, 1.3633357 ], [ 104.0288944, 1.3629295 ], [ 104.0288439, 1.3628642 ], [ 104.0285876, 1.3629753 ], [ 104.0281926, 1.3630352 ], [ 104.0276982, 1.3629565 ], [ 104.0272885, 1.3628037 ], [ 104.02687330000002, 1.3624167 ], [ 104.0262987, 1.3611938 ], [ 104.0261502, 1.3610269 ], [ 104.0260022, 1.3610277 ], [ 104.0258722, 1.3610749 ], [ 104.0265472, 1.3626743 ], [ 104.0268262, 1.3631439 ], [ 104.0274282, 1.3633373 ], [ 104.027539, 1.3635799 ] ] ] } },
{ "type": "Feature", "properties": { "id": 1181302649, "name": null, "forest_area_ha": 6.9976463852819926, "source_layer": "natural", "source": "OSM" }, "geometry": { "type": "Polygon", "coordinates": [ [ [ 104.0290889, 1.3602944 ], [ 104.0303087, 1.3594861 ], [ 104.0312952, 1.3585468 ], [ 104.0309615, 1.3582078 ], [ 104.0298273, 1.3595316 ], [ 104.0281957, 1.3603115 ], [ 104.0265583, 1.3609815 ], [ 104.0267674, 1.361541 ], [ 104.0269974, 1.3619131 ], [ 104.0272045, 1.3621614 ], [ 104.0275599, 1.3623347 ], [ 104.0279409, 1.3624108 ], [ 104.028357, 1.3623547 ], [ 104.0298224, 1.3613747 ], [ 104.0290889, 1.3602944 ] ], [ [ 104.026621822120546, 1.360962699064721 ], [ 104.02662182244255, 1.360962698927067 ], [ 104.02662247100514, 1.360964242753518 ], [ 104.026621822120546, 1.360962699064721 ] ] ] } },
{ "type": "Feature", "properties": { "id": 1181302650, "name": null, "forest_area_ha": 2.0655117470121795, "source_layer": "natural", "source": "OSM" }, "geometry": { "type": "Polygon", "coordinates": [ [ [ 104.0320387, 1.357847 ], [ 104.0321631, 1.3566935 ], [ 104.0320926, 1.3561535 ], [ 104.0316588, 1.3549493 ], [ 104.0314639, 1.3550115 ], [ 104.0316042, 1.3563684 ], [ 104.0312431, 1.3577986 ], [ 104.0315625, 1.3581738 ], [ 104.0320387, 1.357847 ] ] ] } },
{ "type": "Feature", "properties": { "id": 1185029103, "name": null, "forest_area_ha": 0.81884601134365398, "source_layer": "natural", "source": "OSM" }, "geometry": { "type": "Polygon", "coordinates": [ [ [ 103.8540467, 1.4253347 ], [ 103.8540277, 1.4245706 ], [ 103.8540413, 1.4242428 ], [ 103.8532499, 1.4248253 ], [ 103.8536916, 1.4254973 ], [ 103.8541144, 1.4257818 ], [ 103.8540467, 1.4253347 ] ] ] } },
{ "type": "Feature", "properties": { "id": 1185029104, "name": null, "forest_area_ha": 3.493440455350552, "source_layer": "natural", "source": "OSM" }, "geometry": { "type": "Polygon", "coordinates": [ [ [ 103.849805900000021, 1.4213882 ], [ 103.8501447, 1.4212202 ], [ 103.8500959, 1.4208111 ], [ 103.8503696, 1.4204426 ], [ 103.8506244, 1.4203965 ], [ 103.8506407, 1.4205889 ], [ 103.851112300000011, 1.4205889 ], [ 103.8513643, 1.4204263 ], [ 103.8513481, 1.420196 ], [ 103.8511394, 1.4201283 ], [ 103.8517085, 1.4197002 ], [ 103.8513969, 1.4193315 ], [ 103.8507731, 1.4197172 ], [ 103.8506533, 1.4196253 ], [ 103.8489911, 1.4198292 ], [ 103.8486509, 1.4201746 ], [ 103.849805900000021, 1.4213882 ] ], [ [ 103.849719623438446, 1.420797578907972 ], [ 103.849690321535562, 1.420820597487068 ], [ 103.849663010524907, 1.42084597500314 ], [ 103.849690321535562, 1.420820597487068 ], [ 103.849719623438446, 1.420797578907972 ] ] ] } },
{ "type": "Feature", "properties": { "id": 1186293617, "name": null, "forest_area_ha": 2.6318843876903659, "source_layer": "natural", "source": "OSM" }, "geometry": { "type": "Polygon", "coordinates": [ [ [ 103.8579013, 1.3582228 ], [ 103.8581342, 1.358623 ], [ 103.8582652, 1.3586666 ], [ 103.8583525, 1.3586521 ], [ 103.8584253, 1.3584557 ], [ 103.8585708, 1.3581719 ], [ 103.8585854, 1.357779 ], [ 103.8582797, 1.3560839 ], [ 103.8582215, 1.3559457 ], [ 103.8581269, 1.3558511 ], [ 103.8579814, 1.3558074 ], [ 103.8578504, 1.3558365 ], [ 103.8577412, 1.356033 ], [ 103.8575229, 1.3567678 ], [ 103.8574792, 1.3571315 ], [ 103.8575156, 1.3576335 ], [ 103.8579013, 1.3582228 ] ] ] } },
{ "type": "Feature", "properties": { "id": 1189889604, "name": null, "forest_area_ha": 0.067875521309202935, "source_layer": "natural", "source": "OSM" }, "geometry": { "type": "Polygon", "coordinates": [ [ [ 103.8738612, 1.3579253 ], [ 103.873830400000017, 1.3579414 ], [ 103.873829, 1.3579794 ], [ 103.8738568, 1.3585544 ], [ 103.8738465, 1.3586173 ], [ 103.873859700000011, 1.3586803 ], [ 103.8738904, 1.3587051 ], [ 103.8739124, 1.3586861 ], [ 103.8739226, 1.358452 ], [ 103.873927, 1.3582647 ], [ 103.873891900000018, 1.3579195 ], [ 103.8738612, 1.3579253 ] ], [ [ 103.873888720160267, 1.358680991944076 ], [ 103.873891607523788, 1.358641563149986 ], [ 103.873893769701695, 1.35860208734625 ], [ 103.873891607523788, 1.358641563149987 ], [ 103.873888720160267, 1.358680991944076 ] ] ] } },
{ "type": "Feature", "properties": { "id": 1190009310, "name": null, "forest_area_ha": 0.086809619540001298, "source_layer": "natural", "source": "OSM" }, "geometry": { "type": "Polygon", "coordinates": [ [ [ 103.8813733, 1.3508341 ], [ 103.8815488, 1.3508381 ], [ 103.8815488, 1.3508065 ], [ 103.8814522, 1.3507888 ], [ 103.8813161, 1.3507573 ], [ 103.8811998, 1.3507592 ], [ 103.8811091, 1.3507612 ], [ 103.8808134, 1.3508322 ], [ 103.8807917, 1.3508499 ], [ 103.8807917, 1.3508755 ], [ 103.880811400000013, 1.3509425 ], [ 103.8813733, 1.3508341 ] ] ] } },
{ "type": "Feature", "properties": { "id": 1190426000, "name": null, "forest_area_ha": 0.14606327808120831, "source_layer": "natural", "source": "OSM" }, "geometry": { "type": "Polygon", "coordinates": [ [ [ 103.8695007, 1.3594827 ], [ 103.8695215, 1.3594973 ], [ 103.869780100000014, 1.3591096 ], [ 103.8698248, 1.3590447 ], [ 103.8698868, 1.3589698 ], [ 103.8705091, 1.3582309 ], [ 103.8703981, 1.35811 ], [ 103.8695007, 1.3594827 ] ] ] } },
{ "type": "Feature", "properties": { "id": 1200755299, "name": "NUS Hill", "forest_area_ha": 0.27065701103337075, "source_layer": "natural", "source": "OSM" }, "geometry": { "type": "Polygon", "coordinates": [ [ [ 103.7731269, 1.2977406 ], [ 103.773226, 1.2978786 ], [ 103.7733604, 1.2979812 ], [ 103.7736047, 1.2981404 ], [ 103.7738205, 1.2982713 ], [ 103.7740046, 1.2984482 ], [ 103.7741391, 1.2986181 ], [ 103.774224, 1.2987348 ], [ 103.7742771, 1.2988021 ], [ 103.77434430000001, 1.2987985 ], [ 103.7744611, 1.2987313 ], [ 103.774539, 1.2986853 ], [ 103.7744611, 1.2986251 ], [ 103.7743337, 1.2985721 ], [ 103.7742134, 1.2985225 ], [ 103.7741391, 1.2984659 ], [ 103.7741072, 1.2984164 ], [ 103.7741355, 1.2983527 ], [ 103.7738559, 1.2982112 ], [ 103.773795800000016, 1.2981722 ], [ 103.7737604, 1.2980519 ], [ 103.773587, 1.29796 ], [ 103.7735126, 1.2978361 ], [ 103.7734065, 1.2978892 ], [ 103.7733392, 1.297914 ], [ 103.773279, 1.2978007 ], [ 103.773226, 1.2977795 ], [ 103.7731729, 1.2976309 ], [ 103.7730844, 1.2976557 ], [ 103.7731269, 1.2977406 ] ] ] } },
{ "type": "Feature", "properties": { "id": 1200755300, "name": null, "forest_area_ha": 0.066849712915937082, "source_layer": "natural", "source": "OSM" }, "geometry": { "type": "Polygon", "coordinates": [ [ [ 103.7744647, 1.2989047 ], [ 103.7745496, 1.2989577 ], [ 103.7745673, 1.2990497 ], [ 103.7746876, 1.2989224 ], [ 103.774769, 1.298841 ], [ 103.774677, 1.2987808 ], [ 103.7746098, 1.2987242 ], [ 103.7745425, 1.2987596 ], [ 103.7743974, 1.2988516 ], [ 103.7744647, 1.2989047 ] ] ] } },
{ "type": "Feature", "properties": { "id": 1200755301, "name": null, "forest_area_ha": 0.017447744641936418, "source_layer": "natural", "source": "OSM" }, "geometry": { "type": "Polygon", "coordinates": [ [ [ 103.7747867, 1.2990604 ], [ 103.7748115, 1.2990179 ], [ 103.7748292, 1.2989224 ], [ 103.7747974, 1.2988905 ], [ 103.7746629, 1.2990639 ], [ 103.7747867, 1.2990604 ] ] ] } },
{ "type": "Feature", "properties": { "id": 1200755302, "name": null, "forest_area_ha": 0.01724273376390955, "source_layer": "natural", "source": "OSM" }, "geometry": { "type": "Polygon", "coordinates": [ [ [ 103.7750593, 1.298887 ], [ 103.7750557, 1.2988481 ], [ 103.7750239, 1.2988021 ], [ 103.7749779, 1.2988445 ], [ 103.7749389, 1.2988481 ], [ 103.7748929, 1.2989118 ], [ 103.774946, 1.2989648 ], [ 103.7750593, 1.298887 ] ] ] } },
{ "type": "Feature", "properties": { "id": 1200755303, "name": "NUS Hill", "forest_area_ha": 0.12206537955364181, "source_layer": "natural", "source": "OSM" }, "geometry": { "type": "Polygon", "coordinates": [ [ [ 103.7752858, 1.2987985 ], [ 103.7754132, 1.2987631 ], [ 103.7755583, 1.298749 ], [ 103.775554700000015, 1.2986499 ], [ 103.7756308, 1.2986707 ], [ 103.7756075, 1.2987151 ], [ 103.7757954, 1.2987419 ], [ 103.7759334, 1.2987667 ], [ 103.7759865, 1.2987313 ], [ 103.7759936, 1.2986747 ], [ 103.7759631, 1.2986074 ], [ 103.775797, 1.2986613 ], [ 103.77567, 1.2986658 ], [ 103.7756409, 1.2985696 ], [ 103.7755583, 1.2985473 ], [ 103.7753636, 1.2986428 ], [ 103.7752504, 1.2986747 ], [ 103.7751559, 1.2987602 ], [ 103.775215, 1.2988233 ], [ 103.7752858, 1.2987985 ] ] ] } },
{ "type": "Feature", "properties": { "id": 1207174727, "name": null, "forest_area_ha": 14.823299703591134, "source_layer": "natural", "source": "OSM" }, "geometry": { "type": "Polygon", "coordinates": [ [ [ 103.8398099, 1.4129464 ], [ 103.8414747, 1.4136229 ], [ 103.8435079, 1.4144811 ], [ 103.8438893, 1.4137915 ], [ 103.844222, 1.4134183 ], [ 103.8444899, 1.4129965 ], [ 103.8445385, 1.4126963 ], [ 103.8445061, 1.4123961 ], [ 103.8443762, 1.4121852 ], [ 103.84401920000002, 1.4119418 ], [ 103.8434511, 1.4116903 ], [ 103.8416819, 1.4109844 ], [ 103.8408541, 1.4108222 ], [ 103.8403428, 1.4108546 ], [ 103.8399857, 1.4110088 ], [ 103.8396287, 1.4113089 ], [ 103.8394501, 1.4115523 ], [ 103.8393203, 1.4120067 ], [ 103.8391174, 1.412745 ], [ 103.8398099, 1.4129464 ] ] ] } },
{ "type": "Feature", "properties": { "id": 1210922978, "name": null, "forest_area_ha": 0.84479442604537325, "source_layer": "natural", "source": "OSM" }, "geometry": { "type": "Polygon", "coordinates": [ [ [ 103.8588888, 1.4101508 ], [ 103.8588553, 1.4101333 ], [ 103.8587071, 1.4103543 ], [ 103.8589102, 1.4108389 ], [ 103.8590899, 1.4107912 ], [ 103.859189, 1.410821 ], [ 103.859256300000013, 1.4108551 ], [ 103.859315800000019, 1.4108576 ], [ 103.8593687, 1.4108251 ], [ 103.8594292, 1.4107961 ], [ 103.8597708, 1.4107297 ], [ 103.86063590000002, 1.4104046 ], [ 103.8602455, 1.4097235 ], [ 103.859886800000012, 1.4093027 ], [ 103.8596728, 1.4095285 ], [ 103.8597908, 1.4097875 ], [ 103.8601353, 1.4097544 ], [ 103.860222, 1.4105007 ], [ 103.8597332, 1.4105697 ], [ 103.859681, 1.4105583 ], [ 103.8596223, 1.4104344 ], [ 103.8595408, 1.4104295 ], [ 103.8594853, 1.4104573 ], [ 103.8594413, 1.4105143 ], [ 103.8594234, 1.4105795 ], [ 103.8593565, 1.4106203 ], [ 103.8592505, 1.4106415 ], [ 103.859169, 1.4106838 ], [ 103.8590842, 1.410692 ], [ 103.8590222, 1.4106301 ], [ 103.8589929, 1.4105404 ], [ 103.8589472, 1.4104002 ], [ 103.8588918, 1.4103611 ], [ 103.8588478, 1.4103057 ], [ 103.8588364, 1.4102437 ], [ 103.8588624, 1.4101948 ], [ 103.8588888, 1.4101508 ] ] ] } },
{ "type": "Feature", "properties": { "id": 1212746970, "name": null, "forest_area_ha": 0.018844605045222264, "source_layer": "natural", "source": "OSM" }, "geometry": { "type": "Polygon", "coordinates": [ [ [ 103.7970802, 1.272491 ], [ 103.7968054, 1.2726558 ], [ 103.796822100000014, 1.2726849 ], [ 103.7971119, 1.2725442 ], [ 103.7970802, 1.272491 ] ] ] } },
{ "type": "Feature", "properties": { "id": 1216591219, "name": null, "forest_area_ha": 1.5781238517145451, "source_layer": "natural", "source": "OSM" }, "geometry": { "type": "Polygon", "coordinates": [ [ [ 103.8495039, 1.4180169 ], [ 103.8499709, 1.4179111 ], [ 103.8503383, 1.4177212 ], [ 103.850578, 1.4176185 ], [ 103.8504286, 1.4174287 ], [ 103.850083, 1.4171299 ], [ 103.8498153, 1.416968 ], [ 103.8492673, 1.416772 ], [ 103.8488954, 1.4178782 ], [ 103.8489902, 1.4180076 ], [ 103.849259258916064, 1.418012471043946 ], [ 103.84923174634153, 1.418006397905435 ], [ 103.849171542612467, 1.417993100252663 ], [ 103.849111340600544, 1.417979794724872 ], [ 103.849171542612467, 1.417993100252662 ], [ 103.84923174634153, 1.418006397905434 ], [ 103.849259258916064, 1.418012471043946 ], [ 103.8495039, 1.4180169 ] ] ] } },
{ "type": "Feature", "properties": { "id": 1221664794, "name": null, "forest_area_ha": 0.11594750770353406, "source_layer": "natural", "source": "OSM" }, "geometry": { "type": "Polygon", "coordinates": [ [ [ 103.8755378, 1.3132833 ], [ 103.8756124, 1.3130542 ], [ 103.8752266, 1.3129221 ], [ 103.8751871, 1.3131661 ], [ 103.8755378, 1.3132833 ] ] ] } },
{ "type": "Feature", "properties": { "id": 1221664798, "name": null, "forest_area_ha": 0.031073569339223964, "source_layer": "natural", "source": "OSM" }, "geometry": { "type": "Polygon", "coordinates": [ [ [ 103.8754636, 1.3125488 ], [ 103.8753196, 1.31251 ], [ 103.8752911, 1.3126634 ], [ 103.8754502, 1.312716 ], [ 103.8754636, 1.3125488 ] ] ] } },
{ "type": "Feature", "properties": { "id": 1222166292, "name": null, "forest_area_ha": 1.6915102520493104, "source_layer": "natural", "source": "OSM" }, "geometry": { "type": "Polygon", "coordinates": [ [ [ 103.862176, 1.3400342 ], [ 103.8622056, 1.340061 ], [ 103.8622596, 1.340041 ], [ 103.8641745, 1.3381646 ], [ 103.86380530000001, 1.3378302 ], [ 103.8635357, 1.3381188 ], [ 103.8623503, 1.3389718 ], [ 103.8622615, 1.3396231 ], [ 103.8621767, 1.339994 ], [ 103.862176, 1.3400342 ] ] ] } },
{ "type": "Feature", "properties": { "id": 1222921110, "name": null, "forest_area_ha": 0.079931310495284125, "source_layer": "natural", "source": "OSM" }, "geometry": { "type": "Polygon", "coordinates": [ [ [ 103.8257296, 1.4379492 ], [ 103.8257296, 1.4378411 ], [ 103.8257119, 1.4375993 ], [ 103.8256706, 1.4372239 ], [ 103.8256293, 1.4372396 ], [ 103.8256018, 1.4379355 ], [ 103.8257296, 1.4379492 ] ] ] } },
{ "type": "Feature", "properties": { "id": 1222921111, "name": null, "forest_area_ha": 0.041763706441882459, "source_layer": "natural", "source": "OSM" }, "geometry": { "type": "Polygon", "coordinates": [ [ [ 103.8256372, 1.4383522 ], [ 103.8256863, 1.4382021 ], [ 103.8256115, 1.4381863 ], [ 103.8256065, 1.4380472 ], [ 103.8255821, 1.4380436 ], [ 103.825527, 1.4385468 ], [ 103.8255585, 1.4385507 ], [ 103.8256372, 1.4383522 ] ] ] } },
{ "type": "Feature", "properties": { "id": 1223449167, "name": null, "forest_area_ha": 0.12495741972945923, "source_layer": "natural", "source": "OSM" }, "geometry": { "type": "Polygon", "coordinates": [ [ [ 103.8866733, 1.3157567 ], [ 103.8866929, 1.3156695 ], [ 103.8861939, 1.315569 ], [ 103.8862438, 1.3152416 ], [ 103.8860188, 1.3151891 ], [ 103.8861513, 1.3156563 ], [ 103.8866733, 1.3157567 ] ] ] } },
{ "type": "Feature", "properties": { "id": 1223458242, "name": null, "forest_area_ha": 0.019676472630694348, "source_layer": "natural", "source": "OSM" }, "geometry": { "type": "Polygon", "coordinates": [ [ [ 103.8754311, 1.3123911 ], [ 103.8754743, 1.312257 ], [ 103.8753857, 1.3122269 ], [ 103.8753362, 1.3123981 ], [ 103.8754206, 1.3124224 ], [ 103.8754311, 1.3123911 ] ] ] } },
{ "type": "Feature", "properties": { "id": 1223512999, "name": null, "forest_area_ha": 0.29712548227864316, "source_layer": "natural", "source": "OSM" }, "geometry": { "type": "Polygon", "coordinates": [ [ [ 103.875194300000018, 1.3140256 ], [ 103.875157, 1.3141347 ], [ 103.8750738, 1.3145078 ], [ 103.8750738, 1.3146829 ], [ 103.8750824, 1.3152741 ], [ 103.8752686, 1.3152951 ], [ 103.875243, 1.3149326 ], [ 103.8752552, 1.3146654 ], [ 103.8754051, 1.3141592 ], [ 103.875194300000018, 1.3140256 ] ] ] } },
{ "type": "Feature", "properties": { "id": 1228247575, "name": null, "forest_area_ha": 0.86364493792200514, "source_layer": "natural", "source": "OSM" }, "geometry": { "type": "Polygon", "coordinates": [ [ [ 103.7980329, 1.2918009 ], [ 103.7982758, 1.2921059 ], [ 103.7987054, 1.2926724 ], [ 103.7988393, 1.2928342 ], [ 103.7988642, 1.2914803 ], [ 103.7980485, 1.2914523 ], [ 103.7980329, 1.2918009 ] ] ] } },
{ "type": "Feature", "properties": { "id": 1234647634, "name": null, "forest_area_ha": 2.3721965126904605, "source_layer": "natural", "source": "OSM" }, "geometry": { "type": "Polygon", "coordinates": [ [ [ 103.8411721, 1.4264351 ], [ 103.8412388, 1.4264643 ], [ 103.8412802, 1.4265184 ], [ 103.8413089, 1.4266299 ], [ 103.8414618, 1.4266108 ], [ 103.8417484, 1.4265821 ], [ 103.8419427, 1.4265439 ], [ 103.8420765, 1.4264898 ], [ 103.8422517, 1.4263783 ], [ 103.8423632, 1.4262509 ], [ 103.8424715, 1.4261108 ], [ 103.8425798, 1.4259866 ], [ 103.8426849, 1.4258656 ], [ 103.8428028, 1.4257383 ], [ 103.8428792, 1.4256364 ], [ 103.8428333, 1.4255495 ], [ 103.8427646, 1.4254899 ], [ 103.842618, 1.4253944 ], [ 103.8425097, 1.425337 ], [ 103.8422868, 1.4252638 ], [ 103.842114800000019, 1.4252511 ], [ 103.8419714, 1.4252574 ], [ 103.8418695, 1.4252574 ], [ 103.8417994, 1.4252224 ], [ 103.8417484, 1.4251524 ], [ 103.8417102, 1.4250696 ], [ 103.8416847, 1.4249868 ], [ 103.8416593, 1.4248976 ], [ 103.8416475, 1.4248153 ], [ 103.8416122, 1.4247945 ], [ 103.8415733, 1.4247957 ], [ 103.841551, 1.4248626 ], [ 103.8415669, 1.4249931 ], [ 103.8415764, 1.4251269 ], [ 103.8415446, 1.4252479 ], [ 103.8415, 1.4253657 ], [ 103.8414427, 1.4254135 ], [ 103.8413439, 1.4254326 ], [ 103.8412802, 1.4254167 ], [ 103.8412069, 1.4253975 ], [ 103.841156, 1.4254039 ], [ 103.8411082, 1.4254326 ], [ 103.8410668, 1.4254994 ], [ 103.8410636, 1.4255504 ], [ 103.8410827, 1.4255982 ], [ 103.8411146, 1.4256427 ], [ 103.8411655, 1.4257223 ], [ 103.841191, 1.4257765 ], [ 103.8412038, 1.4258242 ], [ 103.8411847, 1.4258625 ], [ 103.8411401, 1.4259007 ], [ 103.8411018, 1.4259102 ], [ 103.8410572, 1.4258847 ], [ 103.8410095, 1.4258242 ], [ 103.8409681, 1.4257606 ], [ 103.8409203, 1.4257415 ], [ 103.8408629, 1.4257446 ], [ 103.840847, 1.425786 ], [ 103.8411063, 1.4264294 ], [ 103.8411721, 1.4264351 ] ] ] } },
{ "type": "Feature", "properties": { "id": 1234647635, "name": null, "forest_area_ha": 0.57966931021190604, "source_layer": "natural", "source": "OSM" }, "geometry": { "type": "Polygon", "coordinates": [ [ [ 103.8417288, 1.4247283 ], [ 103.8417329, 1.4247615 ], [ 103.8417412, 1.4248381 ], [ 103.8417412, 1.4249417 ], [ 103.841762, 1.4250308 ], [ 103.8418034, 1.4251033 ], [ 103.8418863, 1.4251696 ], [ 103.8419506, 1.4251821 ], [ 103.8420335, 1.4251676 ], [ 103.8420936, 1.4251406 ], [ 103.8421951, 1.4251158 ], [ 103.842278, 1.4251158 ], [ 103.8423526, 1.4251282 ], [ 103.8424314, 1.4251551 ], [ 103.8425371, 1.4251903 ], [ 103.8426096, 1.4252152 ], [ 103.8426614, 1.4252463 ], [ 103.842723600000014, 1.4253002 ], [ 103.8427622, 1.4253246 ], [ 103.8428057, 1.4253391 ], [ 103.8428347, 1.4253101 ], [ 103.8428435, 1.4252579 ], [ 103.8428435, 1.4251418 ], [ 103.842797, 1.4250374 ], [ 103.8427535, 1.4249648 ], [ 103.842678, 1.4249097 ], [ 103.8425851, 1.4248371 ], [ 103.8424777, 1.4247907 ], [ 103.8423384, 1.4247327 ], [ 103.8421961, 1.4246891 ], [ 103.8421033, 1.4246601 ], [ 103.84199, 1.424634 ], [ 103.8418594, 1.4246079 ], [ 103.8418014, 1.4245905 ], [ 103.8417404, 1.4245963 ], [ 103.8417027, 1.4246311 ], [ 103.8416873, 1.4246641 ], [ 103.8417288, 1.4247283 ] ] ] } },
{ "type": "Feature", "properties": { "id": 1234647636, "name": null, "forest_area_ha": 1.595399084369816, "source_layer": "natural", "source": "OSM" }, "geometry": { "type": "Polygon", "coordinates": [ [ [ 103.8419985, 1.424503 ], [ 103.8421514, 1.4245552 ], [ 103.8422969, 1.4245664 ], [ 103.8424536, 1.4246112 ], [ 103.8426401, 1.4246783 ], [ 103.842752100000013, 1.4247529 ], [ 103.842834100000019, 1.4248536 ], [ 103.8429013, 1.4249916 ], [ 103.8429311, 1.4251408 ], [ 103.8429498, 1.4252527 ], [ 103.8429311, 1.425331 ], [ 103.8429311, 1.4253906 ], [ 103.8429013, 1.4254354 ], [ 103.84296470000001, 1.4254988 ], [ 103.8430393, 1.4254913 ], [ 103.8431065, 1.425469 ], [ 103.8431736, 1.4254205 ], [ 103.8432258, 1.4253944 ], [ 103.8433228, 1.4253347 ], [ 103.8433676, 1.4253011 ], [ 103.8434273, 1.4252228 ], [ 103.8435019, 1.425137 ], [ 103.8436176, 1.4250252 ], [ 103.8437108, 1.4249207 ], [ 103.8438153, 1.4248014 ], [ 103.8438936, 1.4247119 ], [ 103.8440018, 1.4246522 ], [ 103.8439906, 1.4246149 ], [ 103.8439682, 1.4245552 ], [ 103.8439048, 1.4245441 ], [ 103.843792900000011, 1.4245403 ], [ 103.8436362, 1.4245291 ], [ 103.8435168, 1.4245105 ], [ 103.8433937, 1.4244732 ], [ 103.8433154, 1.4244247 ], [ 103.8432072, 1.4243688 ], [ 103.8431214, 1.4243091 ], [ 103.8430132, 1.4242159 ], [ 103.8429498, 1.4241711 ], [ 103.8428901, 1.4241189 ], [ 103.8427707, 1.4240368 ], [ 103.8426886, 1.4239921 ], [ 103.8425693, 1.4239846 ], [ 103.8424834, 1.4239884 ], [ 103.8424014, 1.4240145 ], [ 103.8423454, 1.4240592 ], [ 103.8422895, 1.424104 ], [ 103.8422037, 1.4241748 ], [ 103.8421328, 1.4242233 ], [ 103.8420544, 1.4242755 ], [ 103.8419835, 1.4243054 ], [ 103.8419425, 1.424365 ], [ 103.8419052, 1.4244322 ], [ 103.841923900000012, 1.4244918 ], [ 103.8419985, 1.424503 ] ] ] } },
{ "type": "Feature", "properties": { "id": 1234647637, "name": null, "forest_area_ha": 1.5466191888580532, "source_layer": "natural", "source": "OSM" }, "geometry": { "type": "Polygon", "coordinates": [ [ [ 103.8414938, 1.4225448 ], [ 103.8415623, 1.4225448 ], [ 103.8416045, 1.4225448 ], [ 103.8417151, 1.4225817 ], [ 103.841836300000011, 1.4226501 ], [ 103.8418784, 1.4227081 ], [ 103.8419153, 1.4228187 ], [ 103.8419311, 1.4228819 ], [ 103.8420049, 1.4229293 ], [ 103.842105, 1.4229503 ], [ 103.8422472, 1.4229925 ], [ 103.8424, 1.4230135 ], [ 103.8425265, 1.4230135 ], [ 103.842616, 1.4230135 ], [ 103.8427109, 1.4230135 ], [ 103.8428004, 1.4230241 ], [ 103.8429005, 1.423082 ], [ 103.8429585, 1.4231663 ], [ 103.8430059, 1.4232506 ], [ 103.8431007, 1.4233296 ], [ 103.8431956, 1.4233401 ], [ 103.8432957, 1.4233401 ], [ 103.8434327, 1.4233243 ], [ 103.8435328, 1.4233032 ], [ 103.8435644, 1.4232137 ], [ 103.8436171, 1.4231242 ], [ 103.8436908, 1.4230083 ], [ 103.8436803, 1.4229135 ], [ 103.8435907, 1.4226554 ], [ 103.8435644, 1.4225501 ], [ 103.8435222, 1.4224236 ], [ 103.8434695, 1.422392 ], [ 103.8433062, 1.4223973 ], [ 103.8429005, 1.4224552 ], [ 103.842700300000018, 1.4224816 ], [ 103.8424369, 1.4224921 ], [ 103.842263, 1.4224921 ], [ 103.8419891, 1.4224605 ], [ 103.8418521, 1.4224236 ], [ 103.8416677, 1.4223394 ], [ 103.8415623, 1.4222814 ], [ 103.8414622, 1.4222235 ], [ 103.8414043, 1.4221919 ], [ 103.841362100000012, 1.4222709 ], [ 103.8414359, 1.4223183 ], [ 103.8414464, 1.4224026 ], [ 103.8414464, 1.4224974 ], [ 103.8414938, 1.4225448 ] ] ] } },
{ "type": "Feature", "properties": { "id": 1234647638, "name": null, "forest_area_ha": 0.56791219393101633, "source_layer": "natural", "source": "OSM" }, "geometry": { "type": "Polygon", "coordinates": [ [ [ 103.8424316, 1.4232348 ], [ 103.8424369, 1.4234033 ], [ 103.8424685, 1.423556 ], [ 103.8425739, 1.423556 ], [ 103.8426898, 1.423535 ], [ 103.8428531, 1.4235824 ], [ 103.8429427, 1.423614 ], [ 103.8430955, 1.4236825 ], [ 103.8432693, 1.4237773 ], [ 103.8433939, 1.4238979 ], [ 103.8434592, 1.4240251 ], [ 103.843503200000015, 1.4241734 ], [ 103.8435505, 1.4243188 ], [ 103.843651500000021, 1.4243431 ], [ 103.8436891, 1.4242249 ], [ 103.843681, 1.4240363 ], [ 103.8436969, 1.4238103 ], [ 103.8436554, 1.423672 ], [ 103.8435821, 1.4235686 ], [ 103.8435332, 1.4234962 ], [ 103.8434296, 1.4235097 ], [ 103.8432761, 1.4235445 ], [ 103.8431633, 1.4235525 ], [ 103.8430485, 1.423493 ], [ 103.8429527, 1.4234423 ], [ 103.8428662, 1.4233403 ], [ 103.8427859, 1.4232083 ], [ 103.8427018, 1.4231485 ], [ 103.8426101, 1.423144 ], [ 103.8425075, 1.4231409 ], [ 103.8423947, 1.423161 ], [ 103.8424316, 1.4232348 ] ] ] } },
{ "type": "Feature", "properties": { "id": 1234647639, "name": null, "forest_area_ha": 0.25020118660286716, "source_layer": "natural", "source": "OSM" }, "geometry": { "type": "Polygon", "coordinates": [ [ [ 103.8424106, 1.4238457 ], [ 103.8425054, 1.4238405 ], [ 103.8426002, 1.4238352 ], [ 103.8427794, 1.4238721 ], [ 103.8429111, 1.4239669 ], [ 103.8430006, 1.4240669 ], [ 103.8431745, 1.4241881 ], [ 103.8432483, 1.4242302 ], [ 103.8432957, 1.4241618 ], [ 103.8432746, 1.4240143 ], [ 103.8431956, 1.4238721 ], [ 103.8430639, 1.4237931 ], [ 103.84289, 1.4237141 ], [ 103.842747700000018, 1.423693 ], [ 103.8425528, 1.423693 ], [ 103.8424106, 1.4237404 ], [ 103.8422841, 1.4237825 ], [ 103.842321, 1.4238879 ], [ 103.8424106, 1.4238457 ] ] ] } },
{ "type": "Feature", "properties": { "id": 1240432144, "name": null, "forest_area_ha": 8.2563753774883146, "source_layer": "natural", "source": "OSM" }, "geometry": { "type": "Polygon", "coordinates": [ [ [ 103.8305631, 1.3319409 ], [ 103.8316046, 1.3314791 ], [ 103.8320015, 1.3313718 ], [ 103.8324897, 1.3315381 ], [ 103.8326345, 1.3316131 ], [ 103.8326292, 1.3319028 ], [ 103.8329272, 1.3322943 ], [ 103.8333641, 1.3323372 ], [ 103.8339166, 1.3315059 ], [ 103.8340675, 1.3313491 ], [ 103.8344745, 1.331227 ], [ 103.8347535, 1.3311841 ], [ 103.8348876, 1.3309321 ], [ 103.8342385, 1.3305298 ], [ 103.8330798, 1.3308087 ], [ 103.8327431, 1.32995 ], [ 103.8325558, 1.3298046 ], [ 103.8322912, 1.3300418 ], [ 103.832023400000011, 1.3298976 ], [ 103.8319956, 1.3299739 ], [ 103.8308117, 1.3297369 ], [ 103.8305647, 1.3301232 ], [ 103.8303448, 1.3304932 ], [ 103.83014630000001, 1.3307882 ], [ 103.8300251, 1.3310383 ], [ 103.8300149, 1.3313459 ], [ 103.8300652, 1.3316546 ], [ 103.8305631, 1.3319409 ] ], [ [ 103.832303214316894, 1.33059285946947 ], [ 103.832302363032142, 1.330592475391754 ], [ 103.832301517036981, 1.330592079651882 ], [ 103.832302363032142, 1.330592475391753 ], [ 103.832303214316894, 1.330592859469469 ], [ 103.832304070732533, 1.330593231813428 ], [ 103.832303214316894, 1.33059285946947 ] ] ] } },
{ "type": "Feature", "properties": { "id": 1240744017, "name": null, "forest_area_ha": 5.0075038641622234, "source_layer": "natural", "source": "OSM" }, "geometry": { "type": "Polygon", "coordinates": [ [ [ 103.8122113, 1.3358168 ], [ 103.8126254, 1.3358809 ], [ 103.8129571, 1.3359322 ], [ 103.8134922, 1.3357704 ], [ 103.814138, 1.3357746 ], [ 103.8139328, 1.3353388 ], [ 103.8137083, 1.3348621 ], [ 103.8135761, 1.3341075 ], [ 103.8132279, 1.3342046 ], [ 103.8124942, 1.3344112 ], [ 103.8122536, 1.3345126 ], [ 103.8120941, 1.3345799 ], [ 103.811696, 1.3348122 ], [ 103.8114155, 1.3350541 ], [ 103.8105882, 1.335757 ], [ 103.810756, 1.3361268 ], [ 103.8110228, 1.3360334 ], [ 103.8115981, 1.3362278 ], [ 103.8122113, 1.3358168 ] ] ] } },
{ "type": "Feature", "properties": { "id": 1243148536, "name": null, "forest_area_ha": 1.2911461880023221, "source_layer": "natural", "source": "OSM" }, "geometry": { "type": "Polygon", "coordinates": [ [ [ 103.9230391, 1.3683613 ], [ 103.9232395, 1.3688661 ], [ 103.923492, 1.3688421 ], [ 103.9235561, 1.368173 ], [ 103.9239248, 1.3679927 ], [ 103.9235761, 1.3671914 ], [ 103.9227947, 1.3677764 ], [ 103.9227145, 1.3682812 ], [ 103.9230391, 1.3683613 ] ] ] } },
{ "type": "Feature", "properties": { "id": 1245555294, "name": null, "forest_area_ha": 60.560631462390312, "source_layer": "natural", "source": "OSM" }, "geometry": { "type": "Polygon", "coordinates": [ [ [ 104.0745533, 1.4109801 ], [ 104.0742371, 1.4105913 ], [ 104.0737926, 1.4103564 ], [ 104.0732371, 1.4101513 ], [ 104.0727862, 1.4101534 ], [ 104.0724635, 1.4102367 ], [ 104.0724871, 1.4103948 ], [ 104.0724657, 1.4105294 ], [ 104.0722712, 1.4108861 ], [ 104.0722264, 1.4110164 ], [ 104.0722691, 1.4111446 ], [ 104.0724486, 1.4113069 ], [ 104.0725041, 1.4114287 ], [ 104.0725063, 1.4117641 ], [ 104.0725447, 1.41192 ], [ 104.0726345, 1.4120311 ], [ 104.072972100000015, 1.4122831 ], [ 104.0730982, 1.4124369 ], [ 104.0731794, 1.4126335 ], [ 104.0731858, 1.4128129 ], [ 104.0730768, 1.4129603 ], [ 104.0728012, 1.413176 ], [ 104.072474200000016, 1.4134067 ], [ 104.0722883, 1.4136897 ], [ 104.0721151, 1.4141164 ], [ 104.0719733, 1.4143604 ], [ 104.0716529, 1.4146358 ], [ 104.071477, 1.4147543 ], [ 104.0708824, 1.4150174 ], [ 104.0707747, 1.4150911 ], [ 104.070712, 1.4152424 ], [ 104.0707487, 1.4154191 ], [ 104.0709563, 1.4159061 ], [ 104.0711206, 1.4161597 ], [ 104.0708785, 1.4165517 ], [ 104.0708237, 1.4167217 ], [ 104.0709073, 1.4168081 ], [ 104.0713051, 1.4167534 ], [ 104.0715876, 1.4168081 ], [ 104.0717923, 1.4169839 ], [ 104.072095, 1.4174508 ], [ 104.0723861, 1.4180416 ], [ 104.0726542, 1.4188514 ], [ 104.0727234, 1.4189954 ], [ 104.0728156, 1.4190877 ], [ 104.0730088, 1.4191482 ], [ 104.0734152, 1.4191856 ], [ 104.0749315, 1.4193124 ], [ 104.07538120000001, 1.4192952 ], [ 104.0770676, 1.4187678 ], [ 104.0773876, 1.4187217 ], [ 104.0784801, 1.4188081 ], [ 104.0785954, 1.4187505 ], [ 104.078687700000017, 1.4185199 ], [ 104.0787626, 1.4180906 ], [ 104.0789241, 1.4167534 ], [ 104.0788837, 1.4166064 ], [ 104.0785839, 1.4161828 ], [ 104.0783533, 1.4158053 ], [ 104.0782668, 1.4155286 ], [ 104.07827260000002, 1.4153788 ], [ 104.0783418, 1.4149868 ], [ 104.0786733, 1.4140935 ], [ 104.0784138, 1.4134162 ], [ 104.078238, 1.4130762 ], [ 104.0778993, 1.4126995 ], [ 104.0774541, 1.4124144 ], [ 104.0772573, 1.4123556 ], [ 104.077097, 1.4123694 ], [ 104.0767758, 1.4123864 ], [ 104.0764173, 1.4123326 ], [ 104.075896, 1.4121075 ], [ 104.0753167, 1.4117536 ], [ 104.0751021, 1.4116249 ], [ 104.0745533, 1.4109801 ] ] ] } },
{ "type": "Feature", "properties": { "id": 1250152862, "name": null, "forest_area_ha": 0.14257327000150094, "source_layer": "natural", "source": "OSM" }, "geometry": { "type": "Polygon", "coordinates": [ [ [ 103.7074586, 1.4448002 ], [ 103.7075912, 1.4443368 ], [ 103.7070433, 1.444504 ], [ 103.7074586, 1.4448002 ] ] ] } },
{ "type": "Feature", "properties": { "id": 1258945218, "name": null, "forest_area_ha": 0.86868551715449271, "source_layer": "natural", "source": "OSM" }, "geometry": { "type": "Polygon", "coordinates": [ [ [ 103.6851286, 1.3827535 ], [ 103.6846217, 1.3827548 ], [ 103.6846263, 1.3832495 ], [ 103.6847534, 1.3839057 ], [ 103.685125, 1.3848126 ], [ 103.6851286, 1.3827535 ] ] ] } },
{ "type": "Feature", "properties": { "id": 1263159207, "name": null, "forest_area_ha": 0.21397315459623265, "source_layer": "natural", "source": "OSM" }, "geometry": { "type": "Polygon", "coordinates": [ [ [ 103.8193589, 1.2949846 ], [ 103.8195118, 1.2948919 ], [ 103.8196371, 1.2948352 ], [ 103.8197557, 1.2947872 ], [ 103.8199008, 1.2947213 ], [ 103.8200114, 1.2946762 ], [ 103.820122, 1.2946476 ], [ 103.8202285, 1.2946148 ], [ 103.8203473, 1.2946066 ], [ 103.8205112, 1.2946476 ], [ 103.8207242, 1.2947377 ], [ 103.8208944, 1.2948938 ], [ 103.820979200000011, 1.2949684 ], [ 103.8211078, 1.2950378 ], [ 103.821208, 1.2951046 ], [ 103.8212723, 1.2951149 ], [ 103.8213006, 1.2950763 ], [ 103.8213083, 1.2950172 ], [ 103.8211206, 1.2949478 ], [ 103.8210204, 1.2949041 ], [ 103.820927800000021, 1.2948373 ], [ 103.8208095, 1.2947293 ], [ 103.8207221, 1.2946651 ], [ 103.8206321, 1.2946137 ], [ 103.8205447, 1.2945802 ], [ 103.8204521, 1.294552 ], [ 103.8203184, 1.294516 ], [ 103.8201899, 1.2945417 ], [ 103.8200125, 1.2945931 ], [ 103.8199276, 1.2946316 ], [ 103.8193825, 1.2948758 ], [ 103.8192694, 1.2949427 ], [ 103.8192411, 1.2949735 ], [ 103.8192816, 1.295019 ], [ 103.8193589, 1.2949846 ] ] ] } },
{ "type": "Feature", "properties": { "id": 1265697565, "name": null, "forest_area_ha": 0.03314726207420874, "source_layer": "natural", "source": "OSM" }, "geometry": { "type": "Polygon", "coordinates": [ [ [ 103.8166717, 1.3374359 ], [ 103.8167162, 1.3372973 ], [ 103.8168096, 1.337171 ], [ 103.8169247, 1.3370528 ], [ 103.8170224, 1.3369687 ], [ 103.81713, 1.3369168 ], [ 103.8170917, 1.336879 ], [ 103.8170356, 1.3369112 ], [ 103.8168753, 1.337038 ], [ 103.8166252, 1.3373759 ], [ 103.8166717, 1.3374359 ] ] ] } },
{ "type": "Feature", "properties": { "id": 1292410638, "name": null, "forest_area_ha": 0.72084588090754842, "source_layer": "natural", "source": "OSM" }, "geometry": { "type": "Polygon", "coordinates": [ [ [ 103.9448927, 1.3140594 ], [ 103.9443321, 1.3138926 ], [ 103.9440954, 1.3148975 ], [ 103.9445604, 1.315122 ], [ 103.9448927, 1.3140594 ] ] ] } },
{ "type": "Feature", "properties": { "id": 1292688971, "name": null, "forest_area_ha": 2.6476074931744371, "source_layer": "natural", "source": "OSM" }, "geometry": { "type": "Polygon", "coordinates": [ [ [ 103.8609127, 1.3806952 ], [ 103.860946500000011, 1.3807053 ], [ 103.8612147, 1.3807855 ], [ 103.8614109, 1.3807263 ], [ 103.8613642, 1.3805738 ], [ 103.8612334, 1.3806143 ], [ 103.8611774, 1.3804867 ], [ 103.8613891, 1.3802937 ], [ 103.861744, 1.3804898 ], [ 103.861812500000013, 1.3806392 ], [ 103.8622079, 1.3805458 ], [ 103.8621861, 1.3802408 ], [ 103.8623262, 1.3797366 ], [ 103.86203350000001, 1.3793693 ], [ 103.8618035, 1.3793843 ], [ 103.8618881, 1.3791239 ], [ 103.86164, 1.379143 ], [ 103.861371, 1.3795662 ], [ 103.8605052, 1.3795378 ], [ 103.8602014, 1.3806336 ], [ 103.8609127, 1.3806952 ] ] ] } },
{ "type": "Feature", "properties": { "id": 1293012054, "name": null, "forest_area_ha": 2.3638990330095622, "source_layer": "natural", "source": "OSM" }, "geometry": { "type": "Polygon", "coordinates": [ [ [ 103.8688424, 1.3932639 ], [ 103.8688829, 1.3917992 ], [ 103.8688019, 1.3916405 ], [ 103.868590200000014, 1.3915876 ], [ 103.86751120000001, 1.3917866 ], [ 103.8679222, 1.3933819 ], [ 103.8688424, 1.3932639 ] ] ] } },
{ "type": "Feature", "properties": { "id": 1294987114, "name": null, "forest_area_ha": 0.76826294468766243, "source_layer": "natural", "source": "OSM" }, "geometry": { "type": "Polygon", "coordinates": [ [ [ 103.8791804, 1.3833468 ], [ 103.8789209, 1.3834087 ], [ 103.8784089, 1.383325 ], [ 103.878719, 1.3838038 ], [ 103.8794344, 1.3846372 ], [ 103.8795195, 1.3845738 ], [ 103.879186300000015, 1.3841412 ], [ 103.879642, 1.3837737 ], [ 103.8791804, 1.3833468 ] ] ] } },
{ "type": "Feature", "properties": { "id": 1294987115, "name": null, "forest_area_ha": 2.944839138814678, "source_layer": "natural", "source": "OSM" }, "geometry": { "type": "Polygon", "coordinates": [ [ [ 103.8786984, 1.3849417 ], [ 103.880386, 1.3859534 ], [ 103.8805794, 1.3862522 ], [ 103.8807602, 1.387274 ], [ 103.8809008, 1.3878439 ], [ 103.8817948, 1.3871686 ], [ 103.8816768, 1.3870606 ], [ 103.8812675, 1.3864807 ], [ 103.8807577, 1.3858857 ], [ 103.8798209, 1.3849643 ], [ 103.8795581, 1.3850325 ], [ 103.879227, 1.384905 ], [ 103.8791109, 1.3845226 ], [ 103.8790367, 1.3844522 ], [ 103.8788996, 1.3844712 ], [ 103.8787084, 1.3845874 ], [ 103.8786473, 1.3847665 ], [ 103.8785994, 1.3847809 ], [ 103.8784399, 1.3845579 ], [ 103.8784093, 1.3843247 ], [ 103.8783895, 1.3840738 ], [ 103.8783304, 1.3839125 ], [ 103.878225, 1.3838451 ], [ 103.8780651, 1.383854 ], [ 103.8778686, 1.3837961 ], [ 103.8784107, 1.3846511 ], [ 103.87853250000002, 1.3848143 ], [ 103.8786022, 1.3848684 ], [ 103.8786984, 1.3849417 ] ] ] } },
{ "type": "Feature", "properties": { "id": 1297385721, "name": null, "forest_area_ha": 4.8012410733426103, "source_layer": "natural", "source": "OSM" }, "geometry": { "type": "Polygon", "coordinates": [ [ [ 103.8298835, 1.411987 ], [ 103.829969100000014, 1.4119541 ], [ 103.8300153, 1.4119146 ], [ 103.8292887, 1.4106866 ], [ 103.829248, 1.4105533 ], [ 103.8292035, 1.4104237 ], [ 103.8291183, 1.4104015 ], [ 103.8283069, 1.410557 ], [ 103.8277697, 1.4107126 ], [ 103.8276141, 1.4107866 ], [ 103.826147500000019, 1.4115333 ], [ 103.826303800000019, 1.4117773 ], [ 103.8264029, 1.4117539 ], [ 103.8265092, 1.4121108 ], [ 103.827932500000017, 1.4118605 ], [ 103.8298835, 1.411987 ] ] ] } },
{ "type": "Feature", "properties": { "id": 1304409497, "name": null, "forest_area_ha": 9.9829438410840439, "source_layer": "natural", "source": "OSM" }, "geometry": { "type": "Polygon", "coordinates": [ [ [ 103.7187717, 1.4240222 ], [ 103.7189019, 1.42393 ], [ 103.7191731, 1.4235125 ], [ 103.7192273, 1.4234203 ], [ 103.7192273, 1.4233498 ], [ 103.7191785, 1.4232739 ], [ 103.7177139, 1.422352 ], [ 103.7176272, 1.422249 ], [ 103.7172258, 1.4215224 ], [ 103.716602, 1.4203619 ], [ 103.7164501, 1.4200691 ], [ 103.7159945, 1.4184966 ], [ 103.7158806, 1.4181495 ], [ 103.7158751, 1.417976 ], [ 103.7159239, 1.4176561 ], [ 103.7160391, 1.417366 ], [ 103.7161773, 1.4171358 ], [ 103.7163108, 1.4169148 ], [ 103.716370700000013, 1.4167951 ], [ 103.7163845, 1.4167168 ], [ 103.7163661, 1.4165925 ], [ 103.7163016, 1.4164866 ], [ 103.7162187, 1.4164267 ], [ 103.7160068, 1.4163669 ], [ 103.7156614, 1.4163346 ], [ 103.7152285, 1.4163899 ], [ 103.7149521, 1.4164682 ], [ 103.7148462, 1.4165556 ], [ 103.7145146, 1.4171266 ], [ 103.7144363, 1.4171956 ], [ 103.714335, 1.4172233 ], [ 103.7142198, 1.4172555 ], [ 103.7126078, 1.4175502 ], [ 103.7125019, 1.4175778 ], [ 103.7124328, 1.4176054 ], [ 103.712396, 1.4176883 ], [ 103.7123039, 1.4179415 ], [ 103.7122256, 1.4181395 ], [ 103.712165700000014, 1.4182316 ], [ 103.7120736, 1.4183099 ], [ 103.7119124, 1.4183789 ], [ 103.7127829, 1.4182546 ], [ 103.7131928, 1.4182684 ], [ 103.7134507, 1.4182961 ], [ 103.7138606, 1.4183743 ], [ 103.7140863, 1.4184342 ], [ 103.7142475, 1.4185171 ], [ 103.7150258, 1.4188946 ], [ 103.7154864, 1.4191755 ], [ 103.7160053, 1.4196723 ], [ 103.7161841, 1.4198697 ], [ 103.7161655, 1.4202347 ], [ 103.7163815, 1.4204172 ], [ 103.717427200000017, 1.4222926 ], [ 103.7186578, 1.4240384 ], [ 103.7187717, 1.4240222 ] ] ] } },
{ "type": "Feature", "properties": { "id": 1304409499, "name": null, "forest_area_ha": 4.7006653010266888, "source_layer": "natural", "source": "OSM" }, "geometry": { "type": "Polygon", "coordinates": [ [ [ 103.7166312, 1.4177916 ], [ 103.7168393, 1.4178065 ], [ 103.7171662, 1.4178094 ], [ 103.7173742, 1.417753 ], [ 103.7175793, 1.4176282 ], [ 103.717826, 1.4173578 ], [ 103.7180043, 1.4171915 ], [ 103.7182331, 1.417138 ], [ 103.7184233, 1.4171112 ], [ 103.7186135, 1.4171231 ], [ 103.7188364, 1.4171618 ], [ 103.7188751, 1.417132 ], [ 103.7187829, 1.4168884 ], [ 103.7181856, 1.4153375 ], [ 103.717288, 1.4159704 ], [ 103.7171721, 1.4160446 ], [ 103.7170324, 1.4161041 ], [ 103.7164351, 1.4163774 ], [ 103.7164172, 1.4164309 ], [ 103.7164707, 1.4165467 ], [ 103.7165034, 1.416618 ], [ 103.7164856, 1.4167785 ], [ 103.7164589, 1.4168736 ], [ 103.7163697, 1.4170191 ], [ 103.7162062, 1.4172895 ], [ 103.7160844, 1.4175123 ], [ 103.716016, 1.4176698 ], [ 103.7160012, 1.4177946 ], [ 103.7166312, 1.4177916 ] ] ] } },
{ "type": "Feature", "properties": { "id": 1304409500, "name": null, "forest_area_ha": 2.2768012405408333, "source_layer": "natural", "source": "OSM" }, "geometry": { "type": "Polygon", "coordinates": [ [ [ 103.7193903, 1.4230265 ], [ 103.7195242, 1.4228234 ], [ 103.7196536, 1.4226756 ], [ 103.719806, 1.4225648 ], [ 103.7199261, 1.4225417 ], [ 103.720254, 1.4224956 ], [ 103.7203694, 1.4224771 ], [ 103.7202771, 1.4218261 ], [ 103.717872, 1.4222376 ], [ 103.7171988, 1.420967 ], [ 103.7172011, 1.4208288 ], [ 103.7171226, 1.4208611 ], [ 103.7170811, 1.4209396 ], [ 103.7171688, 1.4211381 ], [ 103.7176491, 1.4220939 ], [ 103.71776, 1.422237 ], [ 103.7178754, 1.4223293 ], [ 103.719321, 1.4231558 ], [ 103.7193903, 1.4230265 ] ] ] } },
{ "type": "Feature", "properties": { "id": 1304409505, "name": null, "forest_area_ha": 1.2129253456053382, "source_layer": "natural", "source": "OSM" }, "geometry": { "type": "Polygon", "coordinates": [ [ [ 103.7205873, 1.4239936 ], [ 103.7206762, 1.4241134 ], [ 103.7208042, 1.424312 ], [ 103.7206762, 1.4234948 ], [ 103.720533100000011, 1.4226829 ], [ 103.7201232, 1.4227447 ], [ 103.719953, 1.4227911 ], [ 103.7197983, 1.4228839 ], [ 103.71969, 1.422996 ], [ 103.7195121, 1.4233169 ], [ 103.7205873, 1.4239936 ] ] ] } },
{ "type": "Feature", "properties": { "id": 1308256615, "name": null, "forest_area_ha": 0.38804823809364741, "source_layer": "natural", "source": "OSM" }, "geometry": { "type": "Polygon", "coordinates": [ [ [ 103.773520100000013, 1.2884114 ], [ 103.7740833, 1.2884114 ], [ 103.7742324, 1.288357 ], [ 103.7742453, 1.2882997 ], [ 103.7740504, 1.2881893 ], [ 103.7737337, 1.2882008 ], [ 103.7736548, 1.2879959 ], [ 103.773672, 1.2878727 ], [ 103.7734714, 1.287824 ], [ 103.7732808, 1.2879601 ], [ 103.7732622, 1.2881378 ], [ 103.7732937, 1.2883226 ], [ 103.773520100000013, 1.2884114 ] ] ] } },
{ "type": "Feature", "properties": { "id": 1308597530, "name": null, "forest_area_ha": 0.40369666108674734, "source_layer": "natural", "source": "OSM" }, "geometry": { "type": "Polygon", "coordinates": [ [ [ 103.7342121, 1.3704014 ], [ 103.7341523, 1.3706292 ], [ 103.7339884, 1.3710198 ], [ 103.7340742, 1.3711163 ], [ 103.7346804, 1.3708642 ], [ 103.7346758, 1.3707166 ], [ 103.7345018, 1.3706904 ], [ 103.7344444, 1.3704406 ], [ 103.7344283, 1.3701617 ], [ 103.7342137, 1.3701563 ], [ 103.7342121, 1.3704014 ] ] ] } },
{ "type": "Feature", "properties": { "id": 1308597745, "name": null, "forest_area_ha": 1.5383809529434049, "source_layer": "natural", "source": "OSM" }, "geometry": { "type": "Polygon", "coordinates": [ [ [ 103.7365984, 1.3701318 ], [ 103.7366484, 1.3699425 ], [ 103.7365887, 1.3698503 ], [ 103.7363992, 1.3697532 ], [ 103.7362082, 1.3695238 ], [ 103.7360942, 1.3693975 ], [ 103.7359833, 1.369322 ], [ 103.7358801, 1.3692773 ], [ 103.7357861, 1.3692696 ], [ 103.73560430000002, 1.3693081 ], [ 103.7354272, 1.3693913 ], [ 103.7353563, 1.3695007 ], [ 103.735307, 1.3697024 ], [ 103.7351545, 1.3705664 ], [ 103.7352254, 1.3706496 ], [ 103.7365984, 1.3701318 ] ] ] } },
{ "type": "Feature", "properties": { "id": 1309502931, "name": null, "forest_area_ha": 10.259690108059935, "source_layer": "natural", "source": "OSM" }, "geometry": { "type": "Polygon", "coordinates": [ [ [ 103.7432635, 1.3646969 ], [ 103.7430596, 1.3645039 ], [ 103.7428075, 1.3643698 ], [ 103.7424481, 1.3646433 ], [ 103.742153, 1.3646808 ], [ 103.742147700000018, 1.3648095 ], [ 103.7425286, 1.3651528 ], [ 103.7429202, 1.3653887 ], [ 103.7431669, 1.3656676 ], [ 103.7431937, 1.3658768 ], [ 103.7422603, 1.3672926 ], [ 103.7413752, 1.3666973 ], [ 103.7409997, 1.3666758 ], [ 103.7408817, 1.3665042 ], [ 103.7405813, 1.3665042 ], [ 103.7402326, 1.366531 ], [ 103.7401897, 1.3667724 ], [ 103.7403721, 1.3670137 ], [ 103.740474, 1.3675982 ], [ 103.7406349, 1.3688478 ], [ 103.7410372, 1.3687942 ], [ 103.7412114, 1.3691922 ], [ 103.7431998, 1.3682053 ], [ 103.7430308, 1.367748 ], [ 103.7446042, 1.3663333 ], [ 103.7432635, 1.3646969 ] ] ] } },
{ "type": "Feature", "properties": { "id": 1309503080, "name": null, "forest_area_ha": 0.80621026225912973, "source_layer": "natural", "source": "OSM" }, "geometry": { "type": "Polygon", "coordinates": [ [ [ 103.7412706, 1.366169 ], [ 103.741394, 1.3662495 ], [ 103.7419519, 1.3653244 ], [ 103.7419572, 1.3651688 ], [ 103.7418634, 1.365016 ], [ 103.7418795, 1.3646272 ], [ 103.741681, 1.3646191 ], [ 103.7414476, 1.3650804 ], [ 103.741257200000021, 1.3655603 ], [ 103.7412089, 1.3658526 ], [ 103.7412706, 1.366169 ] ] ] } },
{ "type": "Feature", "properties": { "id": 1313983525, "name": null, "forest_area_ha": 0.18782408972432657, "source_layer": "natural", "source": "OSM" }, "geometry": { "type": "Polygon", "coordinates": [ [ [ 103.7707572, 1.3126726 ], [ 103.7708115, 1.3121882 ], [ 103.7705001, 1.3121558 ], [ 103.7704446, 1.312638 ], [ 103.7707572, 1.3126726 ] ] ] } },
{ "type": "Feature", "properties": { "id": 1319391972, "name": null, "forest_area_ha": 0.57711409742793918, "source_layer": "natural", "source": "OSM" }, "geometry": { "type": "Polygon", "coordinates": [ [ [ 103.9377554, 1.3200858 ], [ 103.937776400000018, 1.3198724 ], [ 103.9378333, 1.3197909 ], [ 103.9378333, 1.3197214 ], [ 103.93669060000002, 1.3193762 ], [ 103.9366847, 1.3193937 ], [ 103.9368074, 1.3195534 ], [ 103.9367451, 1.3196195 ], [ 103.9366438, 1.3195534 ], [ 103.9365782, 1.3198049 ], [ 103.9377554, 1.3200858 ] ] ] } },
{ "type": "Feature", "properties": { "id": 1319391973, "name": null, "forest_area_ha": 1.3478624126144749, "source_layer": "natural", "source": "OSM" }, "geometry": { "type": "Polygon", "coordinates": [ [ [ 103.9402994, 1.3204574 ], [ 103.942219, 1.3206784 ], [ 103.9422464, 1.3203139 ], [ 103.9419816, 1.3203345 ], [ 103.9413556, 1.3203828 ], [ 103.9412467, 1.3203814 ], [ 103.9411061, 1.3203773 ], [ 103.9409608, 1.3203033 ], [ 103.9408114, 1.3202763 ], [ 103.9383176, 1.3198662 ], [ 103.9382421, 1.3201935 ], [ 103.9402994, 1.3204574 ] ] ] } },
{ "type": "Feature", "properties": { "id": 1321721596, "name": null, "forest_area_ha": 1.9958643544297032, "source_layer": "natural", "source": "OSM" }, "geometry": { "type": "Polygon", "coordinates": [ [ [ 103.7321246, 1.3536035 ], [ 103.7318351, 1.3534681 ], [ 103.7316156, 1.3530993 ], [ 103.7315595, 1.3525904 ], [ 103.7313331, 1.352396 ], [ 103.730569, 1.3531347 ], [ 103.7307669, 1.3534309 ], [ 103.7311066, 1.3537436 ], [ 103.73127, 1.354061 ], [ 103.7316825, 1.3544767 ], [ 103.7323464, 1.3538459 ], [ 103.7321246, 1.3536035 ] ] ] } },
{ "type": "Feature", "properties": { "id": 1321722792, "name": null, "forest_area_ha": 0.62037315564051165, "source_layer": "natural", "source": "OSM" }, "geometry": { "type": "Polygon", "coordinates": [ [ [ 103.733518, 1.3508016 ], [ 103.7339246, 1.350639 ], [ 103.734266, 1.3503667 ], [ 103.7348068, 1.3497815 ], [ 103.734571, 1.3496595 ], [ 103.734327, 1.349688 ], [ 103.7342254, 1.3498587 ], [ 103.7342579, 1.3501188 ], [ 103.7334408, 1.3504805 ], [ 103.7333107, 1.3506309 ], [ 103.733518, 1.3508016 ] ] ] } },
{ "type": "Feature", "properties": { "id": 1324997422, "name": null, "forest_area_ha": 0.11917772352801903, "source_layer": "natural", "source": "OSM" }, "geometry": { "type": "Polygon", "coordinates": [ [ [ 103.8460155, 1.3626778 ], [ 103.846195200000011, 1.3625786 ], [ 103.8462381, 1.3624874 ], [ 103.8461308, 1.362407 ], [ 103.84606380000001, 1.362222 ], [ 103.8459618, 1.3622327 ], [ 103.8459618, 1.3624901 ], [ 103.8458572, 1.3625625 ], [ 103.8458787, 1.3627073 ], [ 103.8460155, 1.3626778 ] ] ] } },
{ "type": "Feature", "properties": { "id": 1324997423, "name": null, "forest_area_ha": 0.058478181031482709, "source_layer": "natural", "source": "OSM" }, "geometry": { "type": "Polygon", "coordinates": [ [ [ 103.8454522, 1.3620772 ], [ 103.8454844, 1.3619485 ], [ 103.8454898, 1.3618251 ], [ 103.8453691, 1.361809 ], [ 103.8453127, 1.3618921 ], [ 103.8453315, 1.3620396 ], [ 103.8452537, 1.3620933 ], [ 103.8453503, 1.3621469 ], [ 103.8454522, 1.3620772 ] ] ] } },
{ "type": "Feature", "properties": { "id": 1324997424, "name": null, "forest_area_ha": 0.22470492244143761, "source_layer": "natural", "source": "OSM" }, "geometry": { "type": "Polygon", "coordinates": [ [ [ 103.8457258, 1.3621201 ], [ 103.845865300000014, 1.3621335 ], [ 103.8459297, 1.3621657 ], [ 103.8460289, 1.3621308 ], [ 103.8462462, 1.3620048 ], [ 103.8461898, 1.3619458 ], [ 103.8460477, 1.3618519 ], [ 103.8459109, 1.3618626 ], [ 103.8457741, 1.3618707 ], [ 103.845583600000012, 1.3618278 ], [ 103.845519300000021, 1.3620128 ], [ 103.8455702, 1.3622273 ], [ 103.8456695, 1.3622273 ], [ 103.8457258, 1.3621201 ] ] ] } },
{ "type": "Feature", "properties": { "id": 1324997425, "name": null, "forest_area_ha": 0.15480363356755969, "source_layer": "natural", "source": "OSM" }, "geometry": { "type": "Polygon", "coordinates": [ [ [ 103.8467263, 1.3621683 ], [ 103.8469006, 1.3620906 ], [ 103.8469006, 1.3619511 ], [ 103.8467853, 1.3619565 ], [ 103.8466726, 1.3619779 ], [ 103.8466217, 1.3620209 ], [ 103.8464634, 1.3619458 ], [ 103.8464795, 1.3620316 ], [ 103.8462891, 1.3620316 ], [ 103.8461764, 1.3621603 ], [ 103.8464151, 1.36223 ], [ 103.8467263, 1.3621683 ] ] ] } },
{ "type": "Feature", "properties": { "id": 1328170202, "name": null, "forest_area_ha": 0.53771684027086197, "source_layer": "natural", "source": "OSM" }, "geometry": { "type": "Polygon", "coordinates": [ [ [ 103.7545717, 1.3243569 ], [ 103.7544778, 1.3242711 ], [ 103.75324, 1.323543 ], [ 103.7531608, 1.3235283 ], [ 103.7530777, 1.323539 ], [ 103.7532748, 1.3238581 ], [ 103.7533392, 1.3239144 ], [ 103.7543544, 1.324503 ], [ 103.7544402, 1.3245325 ], [ 103.7545247, 1.3245473 ], [ 103.7547272, 1.324554 ], [ 103.7545717, 1.3243569 ] ] ] } },
{ "type": "Feature", "properties": { "id": 1328170203, "name": null, "forest_area_ha": 0.089345209567813805, "source_layer": "natural", "source": "OSM" }, "geometry": { "type": "Polygon", "coordinates": [ [ [ 103.7549204, 1.3246277 ], [ 103.754856, 1.324613 ], [ 103.7547635, 1.324613 ], [ 103.754526, 1.3246062 ], [ 103.7544195, 1.3245929 ], [ 103.7543107, 1.324566 ], [ 103.7548345, 1.3248717 ], [ 103.7549204, 1.3246277 ] ] ] } },
{ "type": "Feature", "properties": { "id": 1328170208, "name": null, "forest_area_ha": 0.22043894454881344, "source_layer": "natural", "source": "OSM" }, "geometry": { "type": "Polygon", "coordinates": [ [ [ 103.7556379, 1.3249173 ], [ 103.7557277, 1.3249334 ], [ 103.755831, 1.3249803 ], [ 103.7559329, 1.3250366 ], [ 103.7560482, 1.3250836 ], [ 103.7562051, 1.3250983 ], [ 103.7563151, 1.3250782 ], [ 103.7564412, 1.3250487 ], [ 103.7565538, 1.3250474 ], [ 103.7566477, 1.3250782 ], [ 103.7567255, 1.3251037 ], [ 103.7567979, 1.3250916 ], [ 103.756869, 1.3250514 ], [ 103.757164, 1.3248127 ], [ 103.7571112, 1.3247562 ], [ 103.7570036, 1.3248064 ], [ 103.7567993, 1.3248897 ], [ 103.75659, 1.3249434 ], [ 103.7563278, 1.3249736 ], [ 103.7560668, 1.3249612 ], [ 103.755867, 1.3249287 ], [ 103.755673, 1.3248624 ], [ 103.7556164, 1.3248865 ], [ 103.7555493, 1.3248798 ], [ 103.7556379, 1.3249173 ] ] ] } },
{ "type": "Feature", "properties": { "id": 1329870710, "name": null, "forest_area_ha": 0.54311649307472054, "source_layer": "natural", "source": "OSM" }, "geometry": { "type": "Polygon", "coordinates": [ [ [ 103.7646857, 1.3265669 ], [ 103.7646943, 1.3261615 ], [ 103.7646488, 1.3258005 ], [ 103.7644497, 1.3257131 ], [ 103.7643792, 1.3257097 ], [ 103.7643778, 1.3258665 ], [ 103.7643443, 1.3267501 ], [ 103.7643094, 1.3273668 ], [ 103.764355, 1.3273802 ], [ 103.7644026, 1.3273789 ], [ 103.7644378, 1.3273615 ], [ 103.7646857, 1.3265669 ] ] ] } },
{ "type": "Feature", "properties": { "id": 1332536351, "name": null, "forest_area_ha": 0.36094380759520422, "source_layer": "natural", "source": "OSM" }, "geometry": { "type": "Polygon", "coordinates": [ [ [ 103.814529, 1.3402539 ], [ 103.8146698, 1.3402482 ], [ 103.8147349, 1.3402171 ], [ 103.8148482, 1.3401097 ], [ 103.8148912, 1.339943 ], [ 103.8150393, 1.3399298 ], [ 103.815114, 1.3399964 ], [ 103.8151558, 1.3400174 ], [ 103.8152946, 1.3400174 ], [ 103.8154317, 1.3400328 ], [ 103.8155742, 1.3399762 ], [ 103.815587900000011, 1.3399211 ], [ 103.8155124, 1.3398993 ], [ 103.8155053, 1.3398732 ], [ 103.815474600000016, 1.3398477 ], [ 103.8154156, 1.3398669 ], [ 103.8153568, 1.3398447 ], [ 103.8152105, 1.3398267 ], [ 103.815065100000012, 1.3398267 ], [ 103.8149547, 1.3398267 ], [ 103.8148032, 1.3398372 ], [ 103.8146419, 1.3398367 ], [ 103.814611, 1.3398415 ], [ 103.8144928, 1.3398827 ], [ 103.8144184, 1.3399117 ], [ 103.8143546, 1.3399571 ], [ 103.8143323, 1.3400758 ], [ 103.8143333, 1.3402313 ], [ 103.814529, 1.3402539 ] ] ] } },
{ "type": "Feature", "properties": { "id": 1332537230, "name": null, "forest_area_ha": 0.15309999006259772, "source_layer": "natural", "source": "OSM" }, "geometry": { "type": "Polygon", "coordinates": [ [ [ 103.8064912, 1.3469129 ], [ 103.8065228, 1.3469498 ], [ 103.8066035, 1.3469887 ], [ 103.8067151, 1.3470147 ], [ 103.806801, 1.3469939 ], [ 103.8068281, 1.3467978 ], [ 103.806828300000021, 1.3467136 ], [ 103.806814, 1.3466614 ], [ 103.8068074, 1.3465815 ], [ 103.806777, 1.3465064 ], [ 103.8067438, 1.3464805 ], [ 103.8066698, 1.3465085 ], [ 103.8066147, 1.3466096 ], [ 103.806547, 1.3467736 ], [ 103.8064741, 1.3468696 ], [ 103.8064912, 1.3469129 ] ] ] } },
{ "type": "Feature", "properties": { "id": 1334556844, "name": null, "forest_area_ha": 1.7962687945371336, "source_layer": "natural", "source": "OSM" }, "geometry": { "type": "Polygon", "coordinates": [ [ [ 103.742990800000015, 1.3699317 ], [ 103.7431212, 1.369862 ], [ 103.7432795, 1.3698074 ], [ 103.7436131, 1.3695873 ], [ 103.7440245, 1.3692806 ], [ 103.7440656, 1.3692089 ], [ 103.7440583, 1.3691016 ], [ 103.7440259, 1.3690075 ], [ 103.7436003, 1.3685764 ], [ 103.7434233, 1.3684995 ], [ 103.7432237, 1.3684792 ], [ 103.743056300000021, 1.368497 ], [ 103.7429047, 1.3685507 ], [ 103.742795500000014, 1.3686286 ], [ 103.7427391, 1.3686887 ], [ 103.7425535, 1.3687869 ], [ 103.7424102, 1.368834 ], [ 103.742990800000015, 1.3699317 ] ] ] } },
{ "type": "Feature", "properties": { "id": 1334556845, "name": null, "forest_area_ha": 3.0267761852708559, "source_layer": "natural", "source": "OSM" }, "geometry": { "type": "Polygon", "coordinates": [ [ [ 103.740737600000017, 1.3697146 ], [ 103.7408631, 1.3701548 ], [ 103.7408995, 1.3703968 ], [ 103.7409304, 1.3705574 ], [ 103.741036, 1.3706387 ], [ 103.741147900000016, 1.3706569 ], [ 103.7415958, 1.3705244 ], [ 103.7418566, 1.3704677 ], [ 103.7427839, 1.3700806 ], [ 103.7428989, 1.3699813 ], [ 103.742990800000015, 1.3699317 ], [ 103.7424102, 1.368834 ], [ 103.7420208, 1.3690497 ], [ 103.741494700000018, 1.3692806 ], [ 103.7411743, 1.3693799 ], [ 103.7408628, 1.3694669 ], [ 103.7407776, 1.3695509 ], [ 103.7407659, 1.3696278 ], [ 103.740737600000017, 1.3697146 ] ] ] } },
{ "type": "Feature", "properties": { "id": 1339435352, "name": null, "forest_area_ha": 0.22776097044474208, "source_layer": "natural", "source": "OSM" }, "geometry": { "type": "Polygon", "coordinates": [ [ [ 103.7708031, 1.3194913 ], [ 103.7707669, 1.3194906 ], [ 103.770701100000011, 1.3195101 ], [ 103.7706401, 1.3195516 ], [ 103.7705664, 1.3196207 ], [ 103.770048, 1.3201503 ], [ 103.7699863, 1.3202562 ], [ 103.7694566, 1.3207844 ], [ 103.7695072, 1.3208418 ], [ 103.7707822, 1.3195848 ], [ 103.7708031, 1.3194913 ] ] ] } },
{ "type": "Feature", "properties": { "id": 1344826708, "name": null, "forest_area_ha": 2.7259143249553457, "source_layer": "natural", "source": "OSM" }, "geometry": { "type": "Polygon", "coordinates": [ [ [ 103.8510353, 1.3873911 ], [ 103.8506686, 1.3872856 ], [ 103.8499772, 1.3872545 ], [ 103.8502629, 1.3910869 ], [ 103.8503523, 1.3911159 ], [ 103.8510353, 1.3873911 ] ] ] } },
{ "type": "Feature", "properties": { "id": 1348211823, "name": null, "forest_area_ha": 0.05819024806061867, "source_layer": "natural", "source": "OSM" }, "geometry": { "type": "Polygon", "coordinates": [ [ [ 103.7639802, 1.3205197 ], [ 103.764003, 1.3206095 ], [ 103.7640452, 1.3207509 ], [ 103.7641733, 1.3207053 ], [ 103.7641384, 1.3206323 ], [ 103.764116300000012, 1.320586 ], [ 103.764108300000018, 1.3205304 ], [ 103.7641056, 1.3204674 ], [ 103.7641063, 1.3204198 ], [ 103.7641002, 1.3203789 ], [ 103.764096200000012, 1.3203601 ], [ 103.7639381, 1.3204106 ], [ 103.7639802, 1.3205197 ] ] ] } },
{ "type": "Feature", "properties": { "id": 1348211824, "name": null, "forest_area_ha": 0.1011639254927708, "source_layer": "natural", "source": "OSM" }, "geometry": { "type": "Polygon", "coordinates": [ [ [ 103.7640975, 1.3203132 ], [ 103.7640828, 1.3202609 ], [ 103.764073700000012, 1.3202113 ], [ 103.764069, 1.3201576 ], [ 103.7640667, 1.320102 ], [ 103.7640674, 1.320041 ], [ 103.7640734, 1.3199733 ], [ 103.7640613, 1.3199465 ], [ 103.7640359, 1.3199311 ], [ 103.7639366, 1.3198895 ], [ 103.7638501, 1.3200477 ], [ 103.7638461, 1.3200772 ], [ 103.7639193, 1.320362 ], [ 103.7640975, 1.3203132 ] ] ] } },
{ "type": "Feature", "properties": { "id": 1348211825, "name": null, "forest_area_ha": 0.060929188159326055, "source_layer": "natural", "source": "OSM" }, "geometry": { "type": "Polygon", "coordinates": [ [ [ 103.765335, 1.3204251 ], [ 103.7652888, 1.3204469 ], [ 103.7652509, 1.3204781 ], [ 103.7652247, 1.3205069 ], [ 103.7652107, 1.3205367 ], [ 103.7652294, 1.3205512 ], [ 103.7652489, 1.3205743 ], [ 103.7652687, 1.3206085 ], [ 103.7652744, 1.3206447 ], [ 103.7652727, 1.3206769 ], [ 103.7652632, 1.3207014 ], [ 103.7652548, 1.3207129 ], [ 103.7652908, 1.3207348 ], [ 103.7653273, 1.3207546 ], [ 103.7653592, 1.3207868 ], [ 103.7654144, 1.3207862 ], [ 103.765415, 1.3205555 ], [ 103.7653893, 1.3205546 ], [ 103.765389, 1.3204279 ], [ 103.7653842, 1.3204137 ], [ 103.765335, 1.3204251 ] ] ] } },
{ "type": "Feature", "properties": { "id": 1348211830, "name": null, "forest_area_ha": 0.15170651972452406, "source_layer": "natural", "source": "OSM" }, "geometry": { "type": "Polygon", "coordinates": [ [ [ 103.7649411, 1.3205531 ], [ 103.7649243, 1.3205766 ], [ 103.7649025, 1.3205903 ], [ 103.7648757, 1.3205977 ], [ 103.7648452, 1.3206001 ], [ 103.7648137, 1.3205927 ], [ 103.7647821, 1.3205766 ], [ 103.7647594, 1.3205602 ], [ 103.7647807, 1.3205868 ], [ 103.7648136, 1.3206129 ], [ 103.7648593, 1.3206249 ], [ 103.7648968, 1.3206236 ], [ 103.7649357, 1.3206055 ], [ 103.7649545, 1.3205914 ], [ 103.7649706, 1.3205719 ], [ 103.7649827, 1.3205445 ], [ 103.7650067, 1.3204895 ], [ 103.7650247, 1.3204511 ], [ 103.7650493, 1.3204265 ], [ 103.7650733, 1.3204021 ], [ 103.7650871, 1.3203876 ], [ 103.7650974, 1.320382 ], [ 103.7651296, 1.3203743 ], [ 103.7651172, 1.3203645 ], [ 103.7651154, 1.3203476 ], [ 103.76513180000002, 1.3203282 ], [ 103.7651209, 1.3203188 ], [ 103.7651182, 1.3203047 ], [ 103.7651219, 1.3202897 ], [ 103.7651379, 1.3202764 ], [ 103.7651566, 1.3202739 ], [ 103.7651677, 1.3202775 ], [ 103.7651791, 1.320288 ], [ 103.7652015, 1.3202528 ], [ 103.7652053, 1.3202354 ], [ 103.7652376, 1.3202158 ], [ 103.7652692, 1.320218 ], [ 103.7652905, 1.3202371 ], [ 103.7653002, 1.3202637 ], [ 103.7653072, 1.3202418 ], [ 103.7653112, 1.3202076 ], [ 103.7653079, 1.3201711 ], [ 103.7652998, 1.3201379 ], [ 103.7652874, 1.3201074 ], [ 103.7652666, 1.3200856 ], [ 103.7652408, 1.3200678 ], [ 103.7652133, 1.3200504 ], [ 103.7651758, 1.3200397 ], [ 103.765128200000021, 1.320037 ], [ 103.7650819, 1.3200437 ], [ 103.7650403, 1.3200511 ], [ 103.7650001, 1.3200531 ], [ 103.7649579, 1.320048 ], [ 103.7649515, 1.3200658 ], [ 103.76493170000002, 1.3200852 ], [ 103.7649012, 1.320105 ], [ 103.7648895, 1.320113 ], [ 103.7648673, 1.3201283 ], [ 103.7648839, 1.3201423 ], [ 103.7648964, 1.3201626 ], [ 103.7649017, 1.3201845 ], [ 103.7649129, 1.3202475 ], [ 103.764914, 1.3202828 ], [ 103.7649176, 1.3203186 ], [ 103.764925, 1.3203741 ], [ 103.764933, 1.3204043 ], [ 103.7649444, 1.3204378 ], [ 103.7649525, 1.3204754 ], [ 103.7649525, 1.3205163 ], [ 103.7649411, 1.3205531 ] ] ] } },
{ "type": "Feature", "properties": { "id": 1348211831, "name": null, "forest_area_ha": 0.036608766862084745, "source_layer": "natural", "source": "OSM" }, "geometry": { "type": "Polygon", "coordinates": [ [ [ 103.7649662, 1.3206366 ], [ 103.7649981, 1.3206282 ], [ 103.7650239, 1.3206189 ], [ 103.7650276, 1.3206018 ], [ 103.7650393, 1.3205786 ], [ 103.7650628, 1.3205515 ], [ 103.76509, 1.3205324 ], [ 103.7651221, 1.3205213 ], [ 103.7651584, 1.320519 ], [ 103.7651801, 1.3205233 ], [ 103.7651949, 1.3204922 ], [ 103.7652274, 1.3204499 ], [ 103.7652774, 1.3204164 ], [ 103.765326, 1.320395 ], [ 103.7653654, 1.3203636 ], [ 103.7653559, 1.3203004 ], [ 103.7653176, 1.3202994 ], [ 103.7652968, 1.3203286 ], [ 103.765268, 1.3203604 ], [ 103.7652264, 1.3203883 ], [ 103.76518080000001, 1.3204074 ], [ 103.7651268, 1.3204184 ], [ 103.7650903, 1.3204325 ], [ 103.7650824, 1.320473 ], [ 103.765048, 1.3205314 ], [ 103.7650108, 1.3205495 ], [ 103.7649971, 1.320581 ], [ 103.764978, 1.3206155 ], [ 103.7649465, 1.3206366 ], [ 103.7649662, 1.3206366 ] ] ] } },
{ "type": "Feature", "properties": { "id": 1350364393, "name": null, "forest_area_ha": 0.076134535145735857, "source_layer": "natural", "source": "OSM" }, "geometry": { "type": "Polygon", "coordinates": [ [ [ 103.7730172, 1.3256185 ], [ 103.7731681, 1.3256353 ], [ 103.7733118, 1.3256463 ], [ 103.7730714, 1.3254893 ], [ 103.7729938, 1.3253993 ], [ 103.7729112, 1.3253291 ], [ 103.7728617, 1.3254469 ], [ 103.7728368, 1.3255817 ], [ 103.7730172, 1.3256185 ] ] ] } },
{ "type": "Feature", "properties": { "id": 1350364406, "name": null, "forest_area_ha": 1.1911050242940417, "source_layer": "natural", "source": "OSM" }, "geometry": { "type": "Polygon", "coordinates": [ [ [ 103.7746074, 1.3255123 ], [ 103.7743663, 1.3253799 ], [ 103.7742382, 1.3253245 ], [ 103.7737456, 1.3251755 ], [ 103.7735181, 1.3251031 ], [ 103.7734772, 1.3251593 ], [ 103.7734343, 1.3251962 ], [ 103.7733874, 1.3252143 ], [ 103.773321, 1.3252143 ], [ 103.7731929, 1.3251552 ], [ 103.7730963, 1.3250896 ], [ 103.7730427, 1.3250339 ], [ 103.7730152, 1.324987 ], [ 103.7730139, 1.32493 ], [ 103.773026, 1.324861 ], [ 103.7729234, 1.3247947 ], [ 103.7727703, 1.3246846 ], [ 103.7726594, 1.3245923 ], [ 103.772623, 1.3246021 ], [ 103.7725944, 1.3246203 ], [ 103.77250260000001, 1.3247242 ], [ 103.7724671, 1.3247484 ], [ 103.7724347, 1.3247622 ], [ 103.7724141, 1.3247701 ], [ 103.7724084, 1.3247876 ], [ 103.7724134, 1.324805 ], [ 103.7724477, 1.3248665 ], [ 103.7724734, 1.324855 ], [ 103.772649300000012, 1.3251746 ], [ 103.7726896, 1.325143 ], [ 103.7726547, 1.3251206 ], [ 103.7726194, 1.3250794 ], [ 103.7726028, 1.3250254 ], [ 103.7726076, 1.3249759 ], [ 103.7726306, 1.3249306 ], [ 103.7726685, 1.3248969 ], [ 103.7727188, 1.3248791 ], [ 103.7727703, 1.3248816 ], [ 103.7728234, 1.3249079 ], [ 103.7728534, 1.3249418 ], [ 103.7728725, 1.3249943 ], [ 103.77288040000002, 1.3250299 ], [ 103.7728767, 1.3250557 ], [ 103.7728733, 1.3250752 ], [ 103.772867, 1.3250929 ], [ 103.7728831, 1.3251425 ], [ 103.7729153, 1.325172 ], [ 103.7729663, 1.325223 ], [ 103.7730011, 1.3253222 ], [ 103.7729938, 1.3253993 ], [ 103.7730714, 1.3254893 ], [ 103.7733118, 1.3256463 ], [ 103.7735521, 1.3256618 ], [ 103.7748862, 1.3258697 ], [ 103.775030300000012, 1.3258814 ], [ 103.7748406, 1.3256862 ], [ 103.7746074, 1.3255123 ] ] ] } },
{ "type": "Feature", "properties": { "id": 1350379350, "name": null, "forest_area_ha": 0.47849696879512787, "source_layer": "natural", "source": "OSM" }, "geometry": { "type": "Polygon", "coordinates": [ [ [ 103.7712128, 1.3227051 ], [ 103.7712678, 1.3227828 ], [ 103.7713107, 1.3228747 ], [ 103.7713717, 1.3230027 ], [ 103.7714213, 1.3230785 ], [ 103.7714676, 1.3231321 ], [ 103.7715185, 1.3231656 ], [ 103.7715487, 1.3231958 ], [ 103.7716017, 1.3233124 ], [ 103.7715608, 1.3233701 ], [ 103.7714776, 1.3233674 ], [ 103.7714522, 1.3234244 ], [ 103.7714837, 1.3234954 ], [ 103.7713053, 1.3237736 ], [ 103.7713489, 1.3238682 ], [ 103.7718203, 1.3238863 ], [ 103.7718498, 1.3239707 ], [ 103.7720208, 1.3239781 ], [ 103.7719752, 1.3239111 ], [ 103.7720632, 1.3238524 ], [ 103.771406, 1.3228122 ], [ 103.7712123, 1.3225146 ], [ 103.7711779, 1.3224892 ], [ 103.7711407, 1.3224787 ], [ 103.771096, 1.322484 ], [ 103.7711996, 1.3226319 ], [ 103.7712128, 1.3227051 ] ] ] } },
{ "type": "Feature", "properties": { "id": 1350379353, "name": null, "forest_area_ha": 0.10594085586600745, "source_layer": "natural", "source": "OSM" }, "geometry": { "type": "Polygon", "coordinates": [ [ [ 103.7709271, 1.3229457 ], [ 103.7709291, 1.3229075 ], [ 103.7707501, 1.3229028 ], [ 103.7707481, 1.3229343 ], [ 103.770685, 1.3229337 ], [ 103.7706676, 1.3229538 ], [ 103.7706649, 1.3230155 ], [ 103.7706877, 1.3230651 ], [ 103.7708567, 1.3230711 ], [ 103.770856, 1.3231214 ], [ 103.7711015, 1.3231294 ], [ 103.7711127, 1.3231142 ], [ 103.7712315, 1.3229531 ], [ 103.7709271, 1.3229457 ] ] ] } },
{ "type": "Feature", "properties": { "id": 1350379361, "name": null, "forest_area_ha": 0.16022060354959991, "source_layer": "natural", "source": "OSM" }, "geometry": { "type": "Polygon", "coordinates": [ [ [ 103.7692957, 1.3231757 ], [ 103.769401, 1.3231368 ], [ 103.76947, 1.3231033 ], [ 103.7697216, 1.3229565 ], [ 103.7694949, 1.3225486 ], [ 103.7694707, 1.3225502 ], [ 103.7694706, 1.3228499 ], [ 103.769462, 1.3229028 ], [ 103.769419, 1.3229491 ], [ 103.7691803, 1.3230992 ], [ 103.7690362, 1.3232387 ], [ 103.7690516, 1.3232547 ], [ 103.7691227, 1.3232353 ], [ 103.7692957, 1.3231757 ] ] ] } },
{ "type": "Feature", "properties": { "id": 1353184947, "name": null, "forest_area_ha": 0.85476355802992299, "source_layer": "natural", "source": "OSM" }, "geometry": { "type": "Polygon", "coordinates": [ [ [ 103.8033059, 1.2705495 ], [ 103.8036054, 1.2701404 ], [ 103.8039165, 1.2698955 ], [ 103.804371, 1.2696361 ], [ 103.8045806, 1.2697099 ], [ 103.8046967, 1.2696134 ], [ 103.804634, 1.2694078 ], [ 103.8050925, 1.2690657 ], [ 103.8050981, 1.2687772 ], [ 103.8049403, 1.2687517 ], [ 103.8041764, 1.2695602 ], [ 103.8033326, 1.269974 ], [ 103.8032609, 1.2703153 ], [ 103.803067, 1.2703877 ], [ 103.80310990000001, 1.2706992 ], [ 103.8032097, 1.2708458 ], [ 103.8033059, 1.2705495 ] ] ] } },
{ "type": "Feature", "properties": { "id": 1354631289, "name": null, "forest_area_ha": 2.2371242765129189, "source_layer": "natural", "source": "OSM" }, "geometry": { "type": "Polygon", "coordinates": [ [ [ 103.8117328, 1.3054625 ], [ 103.8120224, 1.305189 ], [ 103.8122209, 1.3052614 ], [ 103.812701, 1.3057548 ], [ 103.8127145, 1.3059773 ], [ 103.812516, 1.3061409 ], [ 103.8126742, 1.3063662 ], [ 103.8132294, 1.3060792 ], [ 103.8133662, 1.3057119 ], [ 103.8133589, 1.3055889 ], [ 103.8133067, 1.3055121 ], [ 103.8133352, 1.3054789 ], [ 103.8133209, 1.3053999 ], [ 103.8133501, 1.3051836 ], [ 103.813208, 1.3050013 ], [ 103.8128781, 1.3052024 ], [ 103.8125642, 1.3048457 ], [ 103.8118561, 1.3047304 ], [ 103.811781, 1.3044247 ], [ 103.8113921, 1.3043309 ], [ 103.8111802, 1.3044811 ], [ 103.8111695, 1.3048591 ], [ 103.8114189, 1.3053445 ], [ 103.8117328, 1.3054625 ] ] ] } },
{ "type": "Feature", "properties": { "id": 1356084321, "name": null, "forest_area_ha": 0.87072321970349809, "source_layer": "natural", "source": "OSM" }, "geometry": { "type": "Polygon", "coordinates": [ [ [ 103.8336877, 1.4355614 ], [ 103.8335966, 1.4356949 ], [ 103.8331407, 1.4356249 ], [ 103.8328282, 1.4356705 ], [ 103.8328493, 1.4360692 ], [ 103.8330789, 1.4363052 ], [ 103.8332417, 1.4365753 ], [ 103.8334314, 1.4367156 ], [ 103.8339205, 1.4355956 ], [ 103.8336877, 1.4355614 ] ] ] } },
{ "type": "Feature", "properties": { "id": 1362535854, "name": null, "forest_area_ha": 0.76584669010391704, "source_layer": "natural", "source": "OSM" }, "geometry": { "type": "Polygon", "coordinates": [ [ [ 103.8647213, 1.278396 ], [ 103.8642707, 1.2777364 ], [ 103.864158, 1.2777203 ], [ 103.8639639, 1.2778954 ], [ 103.8638051, 1.2779562 ], [ 103.863602400000019, 1.2776994 ], [ 103.8635389, 1.2776041 ], [ 103.863501500000012, 1.2776334 ], [ 103.8634717, 1.2776963 ], [ 103.8641511, 1.2787687 ], [ 103.8641902, 1.2787473 ], [ 103.8647213, 1.278396 ] ] ] } },
{ "type": "Feature", "properties": { "id": 1365341894, "name": null, "forest_area_ha": 1.5286206522098742, "source_layer": "natural", "source": "OSM" }, "geometry": { "type": "Polygon", "coordinates": [ [ [ 104.053845, 1.4323723 ], [ 104.0533072, 1.432616 ], [ 104.0531351, 1.432987 ], [ 104.0533717, 1.4336447 ], [ 104.0534505, 1.4337413 ], [ 104.053530092225628, 1.433770652060332 ], [ 104.053562917846961, 1.433765652072254 ], [ 104.0536002, 1.4337151 ], [ 104.0538351, 1.4336248 ], [ 104.0540242, 1.4334309 ], [ 104.054234770381683, 1.433345409084569 ], [ 104.054250334223013, 1.433332644721023 ], [ 104.054340185522349, 1.433160826249009 ], [ 104.054340173736719, 1.43293474603558 ], [ 104.054421047661691, 1.432767441176207 ], [ 104.054421913600763, 1.432761555077486 ], [ 104.0544095, 1.4327502 ], [ 104.0543635, 1.4325889 ], [ 104.054322294024047, 1.432508682776906 ], [ 104.054191904361957, 1.43235599000302 ], [ 104.054095990548774, 1.432313523732355 ], [ 104.053845, 1.4323723 ] ] ] } },
{ "type": "Feature", "properties": { "id": 1365345190, "name": null, "forest_area_ha": 18.841781969735528, "source_layer": "natural", "source": "OSM" }, "geometry": { "type": "Polygon", "coordinates": [ [ [ 104.030549, 1.4252483 ], [ 104.0309739, 1.4247522 ], [ 104.0319762, 1.4246932 ], [ 104.0332292, 1.4245852 ], [ 104.0343544, 1.4243887 ], [ 104.03490960000002, 1.4244476 ], [ 104.0350914, 1.4243101 ], [ 104.0349784, 1.4227579 ], [ 104.034781800000019, 1.4220506 ], [ 104.0343003, 1.4214415 ], [ 104.0332341, 1.4211222 ], [ 104.0322612, 1.4214759 ], [ 104.0316008, 1.4219515 ], [ 104.0304334, 1.4227923 ], [ 104.0302909, 1.4233179 ], [ 104.0307479, 1.4243396 ], [ 104.0303695, 1.4245754 ], [ 104.0294023, 1.423724 ], [ 104.0289151, 1.4243248 ], [ 104.028807, 1.4246687 ], [ 104.0288464, 1.4251451 ], [ 104.0298819, 1.4256522 ], [ 104.030549, 1.4252483 ] ] ] } },
{ "type": "Feature", "properties": { "id": 1390261363, "name": null, "forest_area_ha": 1.4645081255836063, "source_layer": "natural", "source": "OSM" }, "geometry": { "type": "Polygon", "coordinates": [ [ [ 103.7462679, 1.3668222 ], [ 103.7463437, 1.3667921 ], [ 103.7464785, 1.3668934 ], [ 103.746468, 1.366969 ], [ 103.7471787, 1.3676194 ], [ 103.7472606, 1.367596 ], [ 103.7472859, 1.3675576 ], [ 103.7472478, 1.3675175 ], [ 103.7472504, 1.3674264 ], [ 103.7473178, 1.3673992 ], [ 103.747451400000017, 1.3675155 ], [ 103.7475374, 1.3675186 ], [ 103.7475857, 1.3674693 ], [ 103.7476318, 1.3674376 ], [ 103.7476484, 1.3673753 ], [ 103.7474332, 1.3672266 ], [ 103.7474364, 1.3671894 ], [ 103.7475064, 1.3671811 ], [ 103.7475947, 1.3672251 ], [ 103.7476569, 1.3672991 ], [ 103.7477027, 1.3672773 ], [ 103.7477095, 1.3672299 ], [ 103.7475297, 1.3671099 ], [ 103.7475741, 1.3669063 ], [ 103.747306, 1.3669027 ], [ 103.7473077, 1.3666923 ], [ 103.7474169, 1.3666952 ], [ 103.7474215, 1.3660901 ], [ 103.7472172, 1.3660721 ], [ 103.7471329, 1.3661175 ], [ 103.7471024, 1.3661638 ], [ 103.7472004, 1.3662573 ], [ 103.7472305, 1.3663703 ], [ 103.7471407, 1.366422 ], [ 103.7471375, 1.3667579 ], [ 103.7470438, 1.3669067 ], [ 103.7468667, 1.3667424 ], [ 103.7467919, 1.3668045 ], [ 103.7467494, 1.3667557 ], [ 103.7467161, 1.3667055 ], [ 103.7466041, 1.3666015 ], [ 103.746508, 1.3666625 ], [ 103.7464261, 1.3665556 ], [ 103.7464078, 1.3663997 ], [ 103.7463319, 1.3663472 ], [ 103.746441100000013, 1.3661011 ], [ 103.7462163, 1.36602 ], [ 103.746034, 1.3658763 ], [ 103.7459098, 1.3660074 ], [ 103.7459258, 1.3660894 ], [ 103.7458268, 1.3662271 ], [ 103.7458393, 1.3663483 ], [ 103.7460286, 1.3665811 ], [ 103.746122312917905, 1.366675517829038 ], [ 103.74616217693378, 1.3667086778547 ], [ 103.746122312970044, 1.366675517881558 ], [ 103.7462679, 1.3668222 ] ] ] } },
{ "type": "Feature", "properties": { "id": 1390261365, "name": null, "forest_area_ha": 1.2238236026781952, "source_layer": "natural", "source": "OSM" }, "geometry": { "type": "Polygon", "coordinates": [ [ [ 103.7480597, 1.3676809 ], [ 103.7480678, 1.3674624 ], [ 103.7479614, 1.3674152 ], [ 103.7479198, 1.3674455 ], [ 103.7478944, 1.3676262 ], [ 103.7475631, 1.3679515 ], [ 103.7481246, 1.3684569 ], [ 103.7482258, 1.3685211 ], [ 103.7483563, 1.368667 ], [ 103.7485095, 1.3687156 ], [ 103.7486587, 1.3686537 ], [ 103.7489453, 1.3684658 ], [ 103.7492122, 1.3682336 ], [ 103.7491458, 1.368153 ], [ 103.7490083, 1.3681712 ], [ 103.7488609, 1.3683926 ], [ 103.7486611, 1.3684362 ], [ 103.7486052, 1.3683908 ], [ 103.7485438, 1.3682819 ], [ 103.7484877, 1.3681585 ], [ 103.7485696, 1.367987 ], [ 103.748811, 1.3679419 ], [ 103.7489872, 1.3680364 ], [ 103.749038700000014, 1.3680917 ], [ 103.7491096, 1.3680417 ], [ 103.749274600000021, 1.3680412 ], [ 103.749299, 1.3679723 ], [ 103.7490359, 1.3677175 ], [ 103.7480597, 1.3676809 ] ] ] } },
{ "type": "Feature", "properties": { "id": 1390261366, "name": null, "forest_area_ha": 2.2117961041557468, "source_layer": "natural", "source": "OSM" }, "geometry": { "type": "Polygon", "coordinates": [ [ [ 103.7666404, 1.3613204 ], [ 103.766637, 1.361117 ], [ 103.7666857, 1.3609463 ], [ 103.7666568, 1.3608366 ], [ 103.7667165, 1.3606176 ], [ 103.7667817, 1.3604767 ], [ 103.7666461, 1.3603447 ], [ 103.7666805, 1.3602072 ], [ 103.7667859, 1.3601166 ], [ 103.7668191, 1.359667 ], [ 103.7670956, 1.3588518 ], [ 103.7667957, 1.3587614 ], [ 103.7668329, 1.3586314 ], [ 103.7672248, 1.358475 ], [ 103.767313900000019, 1.358203 ], [ 103.7673299, 1.3579461 ], [ 103.767060300000011, 1.3577063 ], [ 103.7667214, 1.3578456 ], [ 103.7662271, 1.3603459 ], [ 103.7662149, 1.3605781 ], [ 103.7663425, 1.3605812 ], [ 103.7663515, 1.3612038 ], [ 103.7664214, 1.3612829 ], [ 103.766365100000016, 1.3613323 ], [ 103.7664139, 1.3616278 ], [ 103.7666315, 1.3616975 ], [ 103.7667016, 1.3618729 ], [ 103.766819200000015, 1.3618235 ], [ 103.7666404, 1.3613204 ] ] ] } },
{ "type": "Feature", "properties": { "id": 1395128510, "name": null, "forest_area_ha": 0.17539791578882283, "source_layer": "natural", "source": "OSM" }, "geometry": { "type": "Polygon", "coordinates": [ [ [ 103.7632169, 1.3708742 ], [ 103.7632742, 1.3708296 ], [ 103.7633608, 1.370736 ], [ 103.7635942, 1.3702582 ], [ 103.763415, 1.370173 ], [ 103.7633596, 1.370266 ], [ 103.7631973, 1.3706036 ], [ 103.763092, 1.3708629 ], [ 103.7632169, 1.3708742 ] ] ] } },
{ "type": "Feature", "properties": { "id": 1412101157, "name": null, "forest_area_ha": 1.6514709924561546, "source_layer": "natural", "source": "OSM" }, "geometry": { "type": "Polygon", "coordinates": [ [ [ 103.7610362, 1.3754025 ], [ 103.7606278, 1.3762707 ], [ 103.760908, 1.3764398 ], [ 103.760344500000016, 1.3774406 ], [ 103.7603795, 1.3775324 ], [ 103.7606357, 1.3776383 ], [ 103.761184400000019, 1.3765741 ], [ 103.7611292, 1.3763608 ], [ 103.7612065, 1.3762042 ], [ 103.761331, 1.3761961 ], [ 103.7614911, 1.3758808 ], [ 103.761642, 1.3749917 ], [ 103.7618306, 1.374164 ], [ 103.7610362, 1.3754025 ] ] ] } },
{ "type": "Feature", "properties": { "id": 1418016724, "name": null, "forest_area_ha": 74.971483554271998, "source_layer": "natural", "source": "OSM" }, "geometry": { "type": "Polygon", "coordinates": [ [ [ 103.8472584, 1.4044308 ], [ 103.8470964, 1.4042769 ], [ 103.847011800000018, 1.4041033 ], [ 103.8469569, 1.4039336 ], [ 103.8468515, 1.4033967 ], [ 103.846669, 1.4029702 ], [ 103.8460749, 1.4023956 ], [ 103.845800600000018, 1.4020421 ], [ 103.8457684, 1.4016104 ], [ 103.8457909, 1.4007856 ], [ 103.8510875, 1.4008234 ], [ 103.8510395, 1.4024988 ], [ 103.8513621, 1.4025036 ], [ 103.8514926, 1.4026826 ], [ 103.8536163, 1.4027928 ], [ 103.8539242, 1.3982793 ], [ 103.8522965, 1.3973221 ], [ 103.8501302, 1.3967568 ], [ 103.8472, 1.3968378 ], [ 103.8445125, 1.3968572 ], [ 103.841122200000015, 1.3963802 ], [ 103.8400804, 1.3961581 ], [ 103.8394657, 1.3977046 ], [ 103.8400066, 1.3979199 ], [ 103.8404903, 1.3983168 ], [ 103.8406953, 1.3988714 ], [ 103.8413058, 1.3994982 ], [ 103.8411238, 1.3998546 ], [ 103.8410976, 1.4000639 ], [ 103.8414447, 1.4003677 ], [ 103.8414462, 1.4008694 ], [ 103.8415782, 1.4008723 ], [ 103.841732600000014, 1.4016002 ], [ 103.8416666, 1.4016707 ], [ 103.8415042, 1.4016922 ], [ 103.8416527, 1.4018438 ], [ 103.841738, 1.4020171 ], [ 103.8419691, 1.4020411 ], [ 103.8423952, 1.402183 ], [ 103.8423842, 1.4018848 ], [ 103.8426351, 1.4016392 ], [ 103.8427602, 1.4009615 ], [ 103.8435, 1.4005243 ], [ 103.8443185, 1.3997469 ], [ 103.8445724, 1.3997496 ], [ 103.845042, 1.4001073 ], [ 103.8452598, 1.400467 ], [ 103.8451288, 1.4009501 ], [ 103.8451642, 1.401098 ], [ 103.8448338, 1.4014855 ], [ 103.8451154, 1.4019377 ], [ 103.8449983, 1.4024829 ], [ 103.844855, 1.4034396 ], [ 103.8449377, 1.4036207 ], [ 103.8450898, 1.4036919 ], [ 103.845303900000019, 1.4036455 ], [ 103.8455397, 1.4035511 ], [ 103.845703, 1.4038742 ], [ 103.84590590000002, 1.4039604 ], [ 103.8461355, 1.4039083 ], [ 103.8465031, 1.4040501 ], [ 103.8466651, 1.4042745 ], [ 103.8470074, 1.4043916 ], [ 103.8472584, 1.4044308 ] ], [ [ 103.849973682665109, 1.396769760260856 ], [ 103.850012484678501, 1.396772111354456 ], [ 103.850051273206958, 1.396774677958023 ], [ 103.850012484678501, 1.396772111354457 ], [ 103.849973682665109, 1.396769760260856 ], [ 103.849934868348868, 1.396767624748848 ], [ 103.849973682665109, 1.396769760260856 ] ] ] } },
{ "type": "Feature", "properties": { "id": 1422844264, "name": null, "forest_area_ha": 5.7566208479744869, "source_layer": "natural", "source": "OSM" }, "geometry": { "type": "Polygon", "coordinates": [ [ [ 103.6393574, 1.3450518 ], [ 103.6395471, 1.3450898 ], [ 103.640745, 1.3440872 ], [ 103.6420514, 1.3429546 ], [ 103.6435041, 1.3415619 ], [ 103.6429729, 1.3409712 ], [ 103.6403547, 1.3433828 ], [ 103.6398723, 1.3437296 ], [ 103.6391297, 1.3440222 ], [ 103.6386364, 1.3441848 ], [ 103.6393574, 1.3450518 ] ] ] } },
{ "type": "Feature", "properties": { "id": 1427691470, "name": null, "forest_area_ha": 1.0365249048577361, "source_layer": "natural", "source": "OSM" }, "geometry": { "type": "Polygon", "coordinates": [ [ [ 103.9642777, 1.3742049 ], [ 103.964462, 1.3744541 ], [ 103.9648849, 1.3755109 ], [ 103.965015, 1.3756626 ], [ 103.9651803, 1.3757114 ], [ 103.965305, 1.3756816 ], [ 103.9642126, 1.3730586 ], [ 103.9641161, 1.3732948 ], [ 103.9642126, 1.3735268 ], [ 103.9640853, 1.3740342 ], [ 103.9642777, 1.3742049 ] ] ] } },
{ "type": "Feature", "properties": { "id": 1433618475, "name": null, "forest_area_ha": 0.13064481202814851, "source_layer": "natural", "source": "OSM" }, "geometry": { "type": "Polygon", "coordinates": [ [ [ 103.8321257, 1.2403651 ], [ 103.8322851, 1.2402001 ], [ 103.832418800000013, 1.2401196 ], [ 103.8323407, 1.2400592 ], [ 103.8318712, 1.2402291 ], [ 103.8318414, 1.2404456 ], [ 103.8319026, 1.2404931 ], [ 103.8321257, 1.2403651 ] ] ] } },
{ "type": "Feature", "properties": { "id": 1434020947, "name": null, "forest_area_ha": 0.83095107834164539, "source_layer": "natural", "source": "OSM" }, "geometry": { "type": "Polygon", "coordinates": [ [ [ 103.767889, 1.4406936 ], [ 103.7676736, 1.4407108 ], [ 103.7673567, 1.4405157 ], [ 103.76723, 1.4405199 ], [ 103.7671032, 1.4405887 ], [ 103.766924, 1.4408107 ], [ 103.7678404, 1.4418525 ], [ 103.767889, 1.4406936 ] ] ] } },
{ "type": "Feature", "properties": { "id": 1434020948, "name": null, "forest_area_ha": 0.16712955206533855, "source_layer": "natural", "source": "OSM" }, "geometry": { "type": "Polygon", "coordinates": [ [ [ 103.7673883, 1.4400209 ], [ 103.7669746, 1.4404101 ], [ 103.7672732, 1.4403094 ], [ 103.7677548, 1.440478 ], [ 103.76783, 1.4404661 ], [ 103.7673883, 1.4400209 ] ] ] } },
{ "type": "Feature", "properties": { "id": 1444088316, "name": null, "forest_area_ha": 0.24248770209208692, "source_layer": "natural", "source": "OSM" }, "geometry": { "type": "Polygon", "coordinates": [ [ [ 103.9640705, 1.3254685 ], [ 103.9642129, 1.3255984 ], [ 103.9643196, 1.3255671 ], [ 103.9644012, 1.3254893 ], [ 103.9644664, 1.3254065 ], [ 103.96440130000002, 1.3253145 ], [ 103.9643249, 1.3252993 ], [ 103.9643188, 1.325247 ], [ 103.9642893, 1.325206 ], [ 103.964206, 1.3251273 ], [ 103.9641633, 1.3250805 ], [ 103.9641038, 1.3250298 ], [ 103.9640144, 1.3249914 ], [ 103.963925500000016, 1.3249976 ], [ 103.9638694, 1.3250829 ], [ 103.9638634, 1.3251413 ], [ 103.9639137, 1.3252163 ], [ 103.9639671, 1.3253452 ], [ 103.9639806, 1.3253768 ], [ 103.9640705, 1.3254685 ] ] ] } },
{ "type": "Feature", "properties": { "id": 1444088317, "name": null, "forest_area_ha": 0.13887159358184761, "source_layer": "natural", "source": "OSM" }, "geometry": { "type": "Polygon", "coordinates": [ [ [ 103.9644187, 1.3258201 ], [ 103.9645082, 1.3258774 ], [ 103.9645925, 1.3259061 ], [ 103.964717, 1.3259286 ], [ 103.9647426, 1.3259118 ], [ 103.9646794, 1.3258113 ], [ 103.9646928, 1.3257654 ], [ 103.9646928, 1.3257005 ], [ 103.9646553, 1.3256478 ], [ 103.9646478, 1.3255952 ], [ 103.9646096, 1.3255585 ], [ 103.9645451, 1.325524 ], [ 103.9644481, 1.3255249 ], [ 103.9643818, 1.3255513 ], [ 103.9643348, 1.3256072 ], [ 103.9643252, 1.3256587 ], [ 103.9643187, 1.3257142 ], [ 103.9643206, 1.3257625 ], [ 103.9644187, 1.3258201 ] ] ] } },
{ "type": "Feature", "properties": { "id": 1444091312, "name": null, "forest_area_ha": 0.17200559045139627, "source_layer": "natural", "source": "OSM" }, "geometry": { "type": "Polygon", "coordinates": [ [ [ 103.9647159, 1.3273338 ], [ 103.964663, 1.3273444 ], [ 103.9646221, 1.3273799 ], [ 103.9646208, 1.3274226 ], [ 103.9646208, 1.327501 ], [ 103.9646453, 1.3276186 ], [ 103.9646793, 1.3277338 ], [ 103.964739, 1.3278029 ], [ 103.964785, 1.3278427 ], [ 103.9648698, 1.3278922 ], [ 103.9649242, 1.3279222 ], [ 103.9649803, 1.3279014 ], [ 103.9649983, 1.3278865 ], [ 103.9650343, 1.3278261 ], [ 103.9650227, 1.3277812 ], [ 103.965006500000015, 1.3277564 ], [ 103.965025400000016, 1.3277017 ], [ 103.9649936, 1.327621 ], [ 103.9649292, 1.3275455 ], [ 103.964853, 1.3275105 ], [ 103.964770200000018, 1.3275086 ], [ 103.9647618, 1.3273517 ], [ 103.9647159, 1.3273338 ] ] ] } },
{ "type": "Feature", "properties": { "id": 1444091313, "name": null, "forest_area_ha": 0.12127239897423588, "source_layer": "natural", "source": "OSM" }, "geometry": { "type": "Polygon", "coordinates": [ [ [ 103.9651772, 1.3282231 ], [ 103.9653236, 1.3281975 ], [ 103.9653803, 1.328144 ], [ 103.9654155, 1.3280827 ], [ 103.9654155, 1.3280205 ], [ 103.9654832, 1.3279806 ], [ 103.9655441, 1.3279248 ], [ 103.9655323, 1.3278355 ], [ 103.9654549, 1.327823 ], [ 103.9653576, 1.3278368 ], [ 103.965270500000017, 1.3278898 ], [ 103.9652692, 1.327954 ], [ 103.9652108, 1.3279571 ], [ 103.9651699, 1.3280106 ], [ 103.9651089, 1.3280621 ], [ 103.9651061, 1.3281423 ], [ 103.9651772, 1.3282231 ] ] ] } },
{ "type": "Feature", "properties": { "id": 1444091314, "name": null, "forest_area_ha": 0.19844262321455552, "source_layer": "natural", "source": "OSM" }, "geometry": { "type": "Polygon", "coordinates": [ [ [ 103.965185, 1.3269773 ], [ 103.9652071, 1.3270499 ], [ 103.9651613, 1.3271137 ], [ 103.9651792, 1.3271676 ], [ 103.9652093, 1.3272522 ], [ 103.9652708, 1.3274267 ], [ 103.9653201, 1.3275091 ], [ 103.9653797, 1.3275243 ], [ 103.9654422, 1.3274914 ], [ 103.9654689, 1.3274457 ], [ 103.9655162, 1.3273865 ], [ 103.9655843, 1.3273767 ], [ 103.9656045, 1.327309 ], [ 103.9655101, 1.3272251 ], [ 103.9654386, 1.3271622 ], [ 103.965379, 1.3270585 ], [ 103.9653252, 1.3269697 ], [ 103.9652803, 1.3269025 ], [ 103.9652173, 1.3268375 ], [ 103.965129, 1.3268329 ], [ 103.9650616, 1.3268993 ], [ 103.9650729, 1.326956 ], [ 103.9651291, 1.3269773 ], [ 103.965185, 1.3269773 ] ] ] } },
{ "type": "Feature", "properties": { "id": 1447384210, "name": null, "forest_area_ha": 2.6924158006472863, "source_layer": "natural", "source": "OSM" }, "geometry": { "type": "Polygon", "coordinates": [ [ [ 103.8279176, 1.2466449 ], [ 103.8280072, 1.2465858 ], [ 103.828116, 1.2466657 ], [ 103.8281046, 1.2469929 ], [ 103.8278933, 1.2472796 ], [ 103.8277671, 1.2479467 ], [ 103.828069, 1.2479453 ], [ 103.8280222, 1.2475925 ], [ 103.8280602, 1.2475829 ], [ 103.8281654, 1.2476595 ], [ 103.8283369, 1.2476243 ], [ 103.8283566, 1.2473807 ], [ 103.8287984, 1.2471021 ], [ 103.8292329, 1.246799 ], [ 103.8292865, 1.2461367 ], [ 103.8290446, 1.2460198 ], [ 103.828822, 1.2456846 ], [ 103.8290264, 1.2456486 ], [ 103.8288917, 1.2454668 ], [ 103.8286581, 1.2451422 ], [ 103.8285072, 1.2446953 ], [ 103.8284237, 1.2445408 ], [ 103.828322700000015, 1.2445921 ], [ 103.8280268, 1.2448804 ], [ 103.8280502, 1.2449238 ], [ 103.8280899, 1.2449384 ], [ 103.8281624, 1.2448639 ], [ 103.8286339, 1.2452413 ], [ 103.8286463, 1.2453538 ], [ 103.8282533, 1.2456923 ], [ 103.8282713, 1.2459046 ], [ 103.8282574, 1.2460071 ], [ 103.8278084, 1.2465625 ], [ 103.8279176, 1.2466449 ] ] ] } },
{ "type": "Feature", "properties": { "id": 1450413411, "name": null, "forest_area_ha": 0.19843582233938345, "source_layer": "natural", "source": "OSM" }, "geometry": { "type": "Polygon", "coordinates": [ [ [ 103.9653348, 1.3259612 ], [ 103.9653517, 1.3259996 ], [ 103.9654161, 1.3260153 ], [ 103.9654301, 1.3260786 ], [ 103.9654221, 1.3261177 ], [ 103.9653559, 1.3261077 ], [ 103.9653786, 1.3261424 ], [ 103.96543, 1.3261925 ], [ 103.965461800000014, 1.3262393 ], [ 103.9654928, 1.3263288 ], [ 103.9654548, 1.3264116 ], [ 103.9654728, 1.3264664 ], [ 103.9655817, 1.3264877 ], [ 103.9655781, 1.3265675 ], [ 103.9656221, 1.3265916 ], [ 103.9657285, 1.3266588 ], [ 103.965784900000017, 1.3266588 ], [ 103.9657963, 1.3267152 ], [ 103.965874, 1.3267496 ], [ 103.9659122, 1.3267011 ], [ 103.9659122, 1.3266468 ], [ 103.9658664, 1.3265813 ], [ 103.9658344, 1.3265657 ], [ 103.9657676, 1.3265588 ], [ 103.9657939, 1.3264942 ], [ 103.9658101, 1.3264592 ], [ 103.9657769, 1.3264233 ], [ 103.9657233, 1.3264078 ], [ 103.9656641, 1.3263833 ], [ 103.965634600000016, 1.3263434 ], [ 103.9656991, 1.32631 ], [ 103.9657022, 1.3262547 ], [ 103.9656637, 1.3262345 ], [ 103.96561890000001, 1.3261917 ], [ 103.9655713, 1.3261531 ], [ 103.9655368, 1.3260974 ], [ 103.9655358, 1.3260305 ], [ 103.9655226, 1.32601 ], [ 103.9655006, 1.3259872 ], [ 103.9655073, 1.3259279 ], [ 103.9654768, 1.3258826 ], [ 103.9654245, 1.3258784 ], [ 103.965369800000019, 1.3258824 ], [ 103.965327200000019, 1.3259042 ], [ 103.9653348, 1.3259612 ] ] ] } },
{ "type": "Feature", "properties": { "id": 1450413412, "name": null, "forest_area_ha": 0.11124622148270155, "source_layer": "natural", "source": "OSM" }, "geometry": { "type": "Polygon", "coordinates": [ [ [ 103.9650646, 1.3264843 ], [ 103.965025, 1.3265391 ], [ 103.965025, 1.3265669 ], [ 103.9650239, 1.3266381 ], [ 103.9649815, 1.3266802 ], [ 103.9650104, 1.3267959 ], [ 103.9651015, 1.3267959 ], [ 103.965135500000017, 1.3268108 ], [ 103.9651635, 1.3268108 ], [ 103.9652522, 1.3267965 ], [ 103.9652997, 1.3267458 ], [ 103.9653353, 1.3266769 ], [ 103.9653244, 1.3265921 ], [ 103.9653048, 1.3265619 ], [ 103.9652397, 1.3265414 ], [ 103.9652222, 1.3264855 ], [ 103.9651866, 1.326472 ], [ 103.965115800000021, 1.3264679 ], [ 103.9650646, 1.3264843 ] ] ] } },
{ "type": "Feature", "properties": { "id": 1451256454, "name": null, "forest_area_ha": 0.17162708561471995, "source_layer": "natural", "source": "OSM" }, "geometry": { "type": "Polygon", "coordinates": [ [ [ 103.9678675, 1.3227093 ], [ 103.9678667, 1.3227522 ], [ 103.9679294, 1.3227873 ], [ 103.9678622, 1.3228035 ], [ 103.9678622, 1.3228904 ], [ 103.9679348, 1.3229511 ], [ 103.9679392, 1.3230153 ], [ 103.9679179, 1.3231378 ], [ 103.9678288, 1.3231936 ], [ 103.967793, 1.3232656 ], [ 103.9677906, 1.3233484 ], [ 103.9678898, 1.3233266 ], [ 103.968024, 1.323241 ], [ 103.9681019, 1.3231792 ], [ 103.9681711, 1.323098 ], [ 103.9681259, 1.3230708 ], [ 103.9681282, 1.3230133 ], [ 103.9681782, 1.3230057 ], [ 103.9681713, 1.3229584 ], [ 103.968212900000012, 1.3229181 ], [ 103.9681583, 1.3228641 ], [ 103.9680955, 1.3228251 ], [ 103.9680493, 1.3227842 ], [ 103.9680428, 1.3227198 ], [ 103.968006, 1.3226791 ], [ 103.9679278, 1.322703 ], [ 103.9678675, 1.3227093 ] ] ] } },
{ "type": "Feature", "properties": { "id": 1451504969, "name": null, "forest_area_ha": 0.10817809436305881, "source_layer": "natural", "source": "OSM" }, "geometry": { "type": "Polygon", "coordinates": [ [ [ 103.9660566, 1.3274274 ], [ 103.9662293, 1.3273944 ], [ 103.966304500000021, 1.3273105 ], [ 103.966368, 1.3272427 ], [ 103.9663977, 1.3271741 ], [ 103.9663001, 1.3271224 ], [ 103.9662122, 1.3272295 ], [ 103.9661636, 1.3272464 ], [ 103.9660372, 1.3272118 ], [ 103.965956500000019, 1.3272536 ], [ 103.9659169, 1.3273104 ], [ 103.9658964, 1.3273965 ], [ 103.9659232, 1.3274697 ], [ 103.965980200000018, 1.327495 ], [ 103.9660566, 1.3274274 ] ] ] } },
{ "type": "Feature", "properties": { "id": 1451505517, "name": null, "forest_area_ha": 0.22800359344338744, "source_layer": "natural", "source": "OSM" }, "geometry": { "type": "Polygon", "coordinates": [ [ [ 103.968716, 1.3221913 ], [ 103.9686968, 1.3222263 ], [ 103.9687341, 1.3223234 ], [ 103.9687625, 1.3223426 ], [ 103.9688071, 1.3223698 ], [ 103.9688471, 1.322373 ], [ 103.9688662, 1.3223217 ], [ 103.9689251, 1.3223246 ], [ 103.9689307, 1.3222802 ], [ 103.9689729, 1.322262 ], [ 103.9690389, 1.3222584 ], [ 103.9691386, 1.3222554 ], [ 103.9691494, 1.3222 ], [ 103.9690893, 1.322183 ], [ 103.9689761, 1.3221548 ], [ 103.9689356, 1.3221297 ], [ 103.9689497, 1.3220794 ], [ 103.9689209, 1.3220313 ], [ 103.9689268, 1.321975 ], [ 103.9689809, 1.3219455 ], [ 103.9690158, 1.3218928 ], [ 103.9689567, 1.3218847 ], [ 103.968885, 1.3218872 ], [ 103.96869310000001, 1.3218925 ], [ 103.9685903, 1.3218925 ], [ 103.9685264, 1.3218868 ], [ 103.9684888, 1.3218538 ], [ 103.968416, 1.3217984 ], [ 103.9683559, 1.3218087 ], [ 103.9683178, 1.32183 ], [ 103.968336, 1.3218632 ], [ 103.9684143, 1.3218971 ], [ 103.9684678, 1.3219622 ], [ 103.9684306, 1.3219862 ], [ 103.9683691, 1.3220356 ], [ 103.968395, 1.3220794 ], [ 103.9684697, 1.322117 ], [ 103.9685375, 1.3221272 ], [ 103.968603900000019, 1.3220955 ], [ 103.9686849, 1.3220645 ], [ 103.9687608, 1.3220645 ], [ 103.9687938, 1.3220168 ], [ 103.9688481, 1.3220019 ], [ 103.9688697, 1.3220479 ], [ 103.9688345, 1.3220793 ], [ 103.9688738, 1.3221602 ], [ 103.9688346, 1.3221666 ], [ 103.968802, 1.322132 ], [ 103.9687115, 1.3220951 ], [ 103.9686752, 1.3221467 ], [ 103.968716, 1.3221913 ] ] ] } },
{ "type": "Feature", "properties": { "id": 1452564899, "name": null, "forest_area_ha": 0.20975576168808421, "source_layer": "natural", "source": "OSM" }, "geometry": { "type": "Polygon", "coordinates": [ [ [ 103.9648266, 1.323572 ], [ 103.9648737, 1.3236091 ], [ 103.9649727, 1.3236426 ], [ 103.964987, 1.3235468 ], [ 103.9650291, 1.3234365 ], [ 103.9650534, 1.3233798 ], [ 103.9651152, 1.3234287 ], [ 103.9651439, 1.323512 ], [ 103.9651953, 1.3234597 ], [ 103.9652709, 1.3233884 ], [ 103.9652771, 1.3233065 ], [ 103.9653128, 1.3232121 ], [ 103.9653276, 1.3231244 ], [ 103.9653366, 1.3230509 ], [ 103.9651718, 1.3230392 ], [ 103.9650891, 1.3230833 ], [ 103.9650262, 1.3231664 ], [ 103.9649399, 1.323258 ], [ 103.9648923, 1.3233249 ], [ 103.9647977, 1.3233893 ], [ 103.9647794, 1.3235347 ], [ 103.9648266, 1.323572 ] ] ] } },
{ "type": "Feature", "properties": { "id": 1452570310, "name": null, "forest_area_ha": 0.12032406083234687, "source_layer": "natural", "source": "OSM" }, "geometry": { "type": "Polygon", "coordinates": [ [ [ 103.9658167, 1.3201 ], [ 103.965853600000017, 1.3201 ], [ 103.9658785, 1.3201661 ], [ 103.9659338, 1.3202616 ], [ 103.9659928, 1.3203138 ], [ 103.9660747, 1.3204027 ], [ 103.9661945, 1.3204512 ], [ 103.9663234, 1.3204388 ], [ 103.9663768, 1.3203561 ], [ 103.9662972, 1.320307 ], [ 103.966181100000014, 1.320267 ], [ 103.9661641, 1.3201972 ], [ 103.9661089, 1.3201949 ], [ 103.966013, 1.3201981 ], [ 103.9659515, 1.3201065 ], [ 103.9659046, 1.3200484 ], [ 103.9658925, 1.3199819 ], [ 103.9658305, 1.3199552 ], [ 103.965745900000016, 1.3200179 ], [ 103.9657452, 1.3200644 ], [ 103.965771600000011, 1.3200907 ], [ 103.9658167, 1.3201 ] ] ] } },
{ "type": "Feature", "properties": { "id": 1452570311, "name": null, "forest_area_ha": 0.08552882576792642, "source_layer": "natural", "source": "OSM" }, "geometry": { "type": "Polygon", "coordinates": [ [ [ 103.9674238, 1.3208267 ], [ 103.9674706, 1.3208762 ], [ 103.9675259, 1.3209155 ], [ 103.9675963, 1.3209689 ], [ 103.9676751, 1.3209929 ], [ 103.967728, 1.3209862 ], [ 103.9677554, 1.3209465 ], [ 103.967717400000012, 1.3208992 ], [ 103.9676676, 1.3208579 ], [ 103.9676907, 1.320808 ], [ 103.9676684, 1.3207785 ], [ 103.9676171, 1.3207336 ], [ 103.9675475, 1.3206873 ], [ 103.9674827, 1.3206515 ], [ 103.9673943, 1.3206515 ], [ 103.9673885, 1.3207043 ], [ 103.9673885, 1.3207634 ], [ 103.9674238, 1.3208267 ] ] ] } },
{ "type": "Feature", "properties": { "id": 1452570312, "name": null, "forest_area_ha": 0.055235929219101601, "source_layer": "natural", "source": "OSM" }, "geometry": { "type": "Polygon", "coordinates": [ [ [ 103.9679968, 1.3212727 ], [ 103.9680222, 1.3212847 ], [ 103.968079, 1.3212847 ], [ 103.9681097, 1.3212436 ], [ 103.9681565, 1.3212201 ], [ 103.9682061, 1.3211558 ], [ 103.968126900000016, 1.3210971 ], [ 103.9680688, 1.321093 ], [ 103.9680637, 1.3210192 ], [ 103.9680101, 1.3210146 ], [ 103.9679446, 1.3210493 ], [ 103.9679446, 1.3211377 ], [ 103.9679593, 1.3212318 ], [ 103.9679968, 1.3212727 ] ] ] } },
{ "type": "Feature", "properties": { "id": 1454095288, "name": null, "forest_area_ha": 0.092081460340156004, "source_layer": "natural", "source": "OSM" }, "geometry": { "type": "Polygon", "coordinates": [ [ [ 103.959981700000014, 1.3206252 ], [ 103.960003, 1.3206546 ], [ 103.9600221, 1.3206736 ], [ 103.9600419, 1.3206817 ], [ 103.9600721, 1.3206912 ], [ 103.9601022, 1.3206912 ], [ 103.9601281, 1.3206568 ], [ 103.9601417, 1.3206077 ], [ 103.960178, 1.3205584 ], [ 103.9601954, 1.320518 ], [ 103.9602573, 1.3205006 ], [ 103.9603335, 1.320468 ], [ 103.9603598, 1.3204019 ], [ 103.9603548, 1.3203055 ], [ 103.9603274, 1.320268 ], [ 103.960267, 1.3202414 ], [ 103.9601923, 1.3202819 ], [ 103.960183, 1.3203304 ], [ 103.9601478, 1.3203787 ], [ 103.96010990000002, 1.3204438 ], [ 103.9600599, 1.3205068 ], [ 103.96003, 1.320555 ], [ 103.9599852, 1.3205905 ], [ 103.959981700000014, 1.3206252 ] ] ] } },
{ "type": "Feature", "properties": { "id": 1454095289, "name": null, "forest_area_ha": 0.015683869326411234, "source_layer": "natural", "source": "OSM" }, "geometry": { "type": "Polygon", "coordinates": [ [ [ 103.9604087, 1.3202661 ], [ 103.9604446, 1.320257 ], [ 103.9604906, 1.3202301 ], [ 103.9605006, 1.3202039 ], [ 103.9604942, 1.320176 ], [ 103.9604555, 1.3201704 ], [ 103.9604229, 1.3201688 ], [ 103.9603898, 1.3201688 ], [ 103.9603516, 1.3201796 ], [ 103.9603393, 1.3201982 ], [ 103.9603393, 1.3202287 ], [ 103.9603534, 1.3202461 ], [ 103.9603602, 1.3202661 ], [ 103.9604087, 1.3202661 ] ] ] } },
{ "type": "Feature", "properties": { "id": 1454095297, "name": null, "forest_area_ha": 0.10177088507890181, "source_layer": "natural", "source": "OSM" }, "geometry": { "type": "Polygon", "coordinates": [ [ [ 103.960875800000011, 1.3182518 ], [ 103.9609497, 1.3182635 ], [ 103.9610431, 1.3182654 ], [ 103.9611222, 1.3182251 ], [ 103.9611661, 1.3181761 ], [ 103.9611913, 1.3181002 ], [ 103.961173, 1.3180013 ], [ 103.961123, 1.3179485 ], [ 103.9610692, 1.3179324 ], [ 103.9610218, 1.3179418 ], [ 103.9609735, 1.3179826 ], [ 103.9609159, 1.3180628 ], [ 103.9609185, 1.3181197 ], [ 103.9609163, 1.3181443 ], [ 103.9608857, 1.3181443 ], [ 103.960827200000011, 1.3181586 ], [ 103.9608001, 1.318177 ], [ 103.9607972, 1.3181999 ], [ 103.9608077, 1.3182301 ], [ 103.960875800000011, 1.3182518 ] ] ] } },
{ "type": "Feature", "properties": { "id": 1454095298, "name": null, "forest_area_ha": 0.0075208750818102433, "source_layer": "natural", "source": "OSM" }, "geometry": { "type": "Polygon", "coordinates": [ [ [ 103.9608184, 1.31836 ], [ 103.9608337, 1.318363 ], [ 103.960869, 1.3183644 ], [ 103.9608816, 1.3183321 ], [ 103.9608787, 1.3182971 ], [ 103.9608421, 1.3182857 ], [ 103.960799, 1.3182857 ], [ 103.9607859, 1.3183041 ], [ 103.9607959, 1.3183408 ], [ 103.9608184, 1.31836 ] ] ] } },
{ "type": "Feature", "properties": { "id": 1454095299, "name": null, "forest_area_ha": 0.021254671290468995, "source_layer": "natural", "source": "OSM" }, "geometry": { "type": "Polygon", "coordinates": [ [ [ 103.9612693, 1.3180271 ], [ 103.96128490000001, 1.3179962 ], [ 103.9612867, 1.3179579 ], [ 103.9613285, 1.3179529 ], [ 103.9613449, 1.3179186 ], [ 103.9613176, 1.3178927 ], [ 103.9612654, 1.3178918 ], [ 103.9612308, 1.3179121 ], [ 103.9611779, 1.3179139 ], [ 103.9611564, 1.3179376 ], [ 103.9611546, 1.3179602 ], [ 103.961173, 1.3180013 ], [ 103.9612169, 1.318037 ], [ 103.9612693, 1.3180271 ] ] ] } },
{ "type": "Feature", "properties": { "id": 1454095314, "name": null, "forest_area_ha": 0.049797006961185518, "source_layer": "natural", "source": "OSM" }, "geometry": { "type": "Polygon", "coordinates": [ [ [ 103.959545, 1.3189132 ], [ 103.9595375, 1.3190015 ], [ 103.9595618, 1.3190598 ], [ 103.959587, 1.3190935 ], [ 103.9596436, 1.3191072 ], [ 103.9596919, 1.3191072 ], [ 103.9597326, 1.3190785 ], [ 103.9597408, 1.318999 ], [ 103.9597085, 1.318894 ], [ 103.9596544, 1.3188607 ], [ 103.9595856, 1.3188611 ], [ 103.959545, 1.3189132 ] ] ] } },
{ "type": "Feature", "properties": { "id": 1454128630, "name": null, "forest_area_ha": 0.039730349914179251, "source_layer": "natural", "source": "OSM" }, "geometry": { "type": "Polygon", "coordinates": [ [ [ 103.9594015, 1.3204538 ], [ 103.959384, 1.320477 ], [ 103.9593577, 1.3205081 ], [ 103.9593482, 1.3205513 ], [ 103.9593615, 1.3205885 ], [ 103.9593835, 1.3206178 ], [ 103.9594249, 1.3206222 ], [ 103.9594606, 1.3206405 ], [ 103.9594928, 1.3206638 ], [ 103.9595249, 1.3206931 ], [ 103.9595626, 1.3207152 ], [ 103.959611, 1.32073 ], [ 103.9596446, 1.3207416 ], [ 103.9596613, 1.3207665 ], [ 103.9597008, 1.3207956 ], [ 103.9597628, 1.3207988 ], [ 103.959803300000019, 1.3207988 ], [ 103.9598062, 1.3207349 ], [ 103.9597922, 1.3207124 ], [ 103.95976, 1.320712 ], [ 103.9597018, 1.3207033 ], [ 103.9596401, 1.3206899 ], [ 103.9596053, 1.3206691 ], [ 103.9595697, 1.320643 ], [ 103.9594761, 1.3206015 ], [ 103.9594418, 1.3205998 ], [ 103.9593979, 1.3205674 ], [ 103.9593848, 1.3205225 ], [ 103.9594009, 1.3204794 ], [ 103.9594317, 1.3204436 ], [ 103.9594015, 1.3204538 ] ] ] } },
{ "type": "Feature", "properties": { "id": 1454313044, "name": null, "forest_area_ha": 0.072179132166649243, "source_layer": "natural", "source": "OSM" }, "geometry": { "type": "Polygon", "coordinates": [ [ [ 103.964444700000016, 1.3214178 ], [ 103.964467, 1.3214268 ], [ 103.9644943, 1.3214361 ], [ 103.9645281, 1.3214353 ], [ 103.9645526, 1.3214209 ], [ 103.9645624, 1.3213868 ], [ 103.9645505, 1.3213611 ], [ 103.9645533, 1.3213332 ], [ 103.9645812, 1.321343 ], [ 103.9645983, 1.3213815 ], [ 103.9646612, 1.3214087 ], [ 103.9647165, 1.3213996 ], [ 103.964744, 1.3213702 ], [ 103.9647562, 1.3213197 ], [ 103.964751, 1.3212642 ], [ 103.9646946, 1.3212358 ], [ 103.9646585, 1.3212053 ], [ 103.964621, 1.3211883 ], [ 103.9645783, 1.3211808 ], [ 103.9645304, 1.3211846 ], [ 103.9644995, 1.3212126 ], [ 103.9644995, 1.3212558 ], [ 103.9645001, 1.3212934 ], [ 103.9644749, 1.321295 ], [ 103.964419800000016, 1.321301 ], [ 103.9643892, 1.3213467 ], [ 103.964413, 1.3213856 ], [ 103.964444700000016, 1.3214178 ] ] ] } },
{ "type": "Feature", "properties": { "id": 1454389969, "name": null, "forest_area_ha": 0.060564036139821732, "source_layer": "natural", "source": "OSM" }, "geometry": { "type": "Polygon", "coordinates": [ [ [ 103.9558064, 1.3144421 ], [ 103.9558947, 1.3144563 ], [ 103.9559529, 1.3144831 ], [ 103.9559909, 1.3144532 ], [ 103.9560709, 1.3145287 ], [ 103.9561214, 1.3144694 ], [ 103.9560507, 1.3143875 ], [ 103.9559158, 1.3143051 ], [ 103.9557418, 1.3142724 ], [ 103.9557466, 1.3144125 ], [ 103.9558064, 1.3144421 ] ] ] } },
{ "type": "Feature", "properties": { "id": 1454389970, "name": null, "forest_area_ha": 0.27259566657114398, "source_layer": "natural", "source": "OSM" }, "geometry": { "type": "Polygon", "coordinates": [ [ [ 103.9564642, 1.3147393 ], [ 103.956605700000011, 1.3148255 ], [ 103.9566578, 1.3148525 ], [ 103.9567996, 1.3148964 ], [ 103.9568737, 1.3149104 ], [ 103.9569606, 1.3149128 ], [ 103.9570146, 1.314952 ], [ 103.9570593, 1.3149467 ], [ 103.957099600000021, 1.3149985 ], [ 103.9571367, 1.3150428 ], [ 103.9571685, 1.3150668 ], [ 103.957231, 1.3150674 ], [ 103.957300100000012, 1.3150585 ], [ 103.9573536, 1.3150304 ], [ 103.957398600000019, 1.3150188 ], [ 103.9574486, 1.3150389 ], [ 103.9574928, 1.3151007 ], [ 103.9575236, 1.3151403 ], [ 103.9575747, 1.3151721 ], [ 103.9575856, 1.3150967 ], [ 103.95757380000002, 1.3150403 ], [ 103.9575293, 1.314968 ], [ 103.9567578, 1.3146624 ], [ 103.9564864, 1.3145585 ], [ 103.9563844, 1.3146038 ], [ 103.9563763, 1.3146982 ], [ 103.9564642, 1.3147393 ] ] ] } },
{ "type": "Feature", "properties": { "id": 1454389971, "name": null, "forest_area_ha": 0.047812285828958669, "source_layer": "natural", "source": "OSM" }, "geometry": { "type": "Polygon", "coordinates": [ [ [ 103.9578081, 1.3152558 ], [ 103.9578265, 1.3152643 ], [ 103.9578497, 1.3152835 ], [ 103.9578549, 1.315299 ], [ 103.9578572, 1.3153291 ], [ 103.9578584, 1.3153514 ], [ 103.9578672, 1.3153779 ], [ 103.9579027, 1.3153983 ], [ 103.9579279, 1.3153887 ], [ 103.9579121, 1.3153507 ], [ 103.9579058, 1.3153008 ], [ 103.9579336, 1.3152843 ], [ 103.9579576, 1.3152743 ], [ 103.9579725, 1.3152513 ], [ 103.957994500000012, 1.3152194 ], [ 103.9579919, 1.3151936 ], [ 103.9579707, 1.3151643 ], [ 103.9578773, 1.3151386 ], [ 103.9578286, 1.3151324 ], [ 103.9577906, 1.3151171 ], [ 103.9577388, 1.3151139 ], [ 103.9577169, 1.3151383 ], [ 103.9577169, 1.3151907 ], [ 103.9577582, 1.3152274 ], [ 103.9578081, 1.3152558 ] ] ] } },
{ "type": "Feature", "properties": { "id": 1454389972, "name": null, "forest_area_ha": 0.37676518683335375, "source_layer": "natural", "source": "OSM" }, "geometry": { "type": "Polygon", "coordinates": [ [ [ 103.9581266, 1.3152774 ], [ 103.9581266, 1.3153074 ], [ 103.9581298, 1.3153449 ], [ 103.9581293, 1.3153885 ], [ 103.9580919, 1.3153984 ], [ 103.9581174, 1.3154429 ], [ 103.9581537, 1.3154494 ], [ 103.9581867, 1.3154363 ], [ 103.958207, 1.3154461 ], [ 103.9582482, 1.3154803 ], [ 103.9582683, 1.3154973 ], [ 103.9583103, 1.3155032 ], [ 103.9583605, 1.3155027 ], [ 103.9584058, 1.3155327 ], [ 103.9584455, 1.3155377 ], [ 103.958467900000016, 1.3155377 ], [ 103.9585094, 1.3155377 ], [ 103.958551500000013, 1.3155667 ], [ 103.9585856, 1.3155831 ], [ 103.9586364, 1.3155984 ], [ 103.95868, 1.3155984 ], [ 103.9587251, 1.3155984 ], [ 103.9587748, 1.3156011 ], [ 103.9588112, 1.3156098 ], [ 103.9588469, 1.3156151 ], [ 103.9588844, 1.3156471 ], [ 103.9589328, 1.3156877 ], [ 103.9589463, 1.3157149 ], [ 103.95899, 1.3157506 ], [ 103.9590164, 1.3157645 ], [ 103.9590684, 1.3157739 ], [ 103.959124, 1.3157739 ], [ 103.9591855, 1.3157739 ], [ 103.9592533, 1.3157739 ], [ 103.9593219, 1.3158061 ], [ 103.9593597, 1.3158266 ], [ 103.9593983, 1.3158403 ], [ 103.959438, 1.3158584 ], [ 103.959474, 1.3158958 ], [ 103.9594991, 1.3159152 ], [ 103.9595671, 1.315931 ], [ 103.9596443, 1.3159537 ], [ 103.9596863, 1.3159537 ], [ 103.9597187, 1.3159494 ], [ 103.959765100000013, 1.3159494 ], [ 103.9598167, 1.3159652 ], [ 103.9598546, 1.3159966 ], [ 103.959896500000013, 1.3160292 ], [ 103.959942, 1.3160479 ], [ 103.9599972, 1.3160511 ], [ 103.9600711, 1.3160738 ], [ 103.960144, 1.3160986 ], [ 103.960218400000016, 1.3161464 ], [ 103.9602781, 1.3161476 ], [ 103.9603255, 1.3161384 ], [ 103.9603206, 1.3160654 ], [ 103.9601886, 1.3160111 ], [ 103.960094, 1.3159774 ], [ 103.9599014, 1.3159096 ], [ 103.9598299, 1.315901 ], [ 103.9597282, 1.3158283 ], [ 103.959605, 1.3157673 ], [ 103.9595191, 1.315702 ], [ 103.9594188, 1.315668 ], [ 103.9593243, 1.3156631 ], [ 103.9592481, 1.3156556 ], [ 103.9591974, 1.3156556 ], [ 103.9591476, 1.3156428 ], [ 103.9591105, 1.3156258 ], [ 103.9590667, 1.3156118 ], [ 103.959024, 1.315574 ], [ 103.958951, 1.3155359 ], [ 103.9588609, 1.3155171 ], [ 103.9587969, 1.3155135 ], [ 103.9586962, 1.3154805 ], [ 103.9581691, 1.3152792 ], [ 103.9581266, 1.3152774 ] ] ] } },
{ "type": "Feature", "properties": { "id": 1459978657, "name": null, "forest_area_ha": 0.3809269186739358, "source_layer": "natural", "source": "OSM" }, "geometry": { "type": "Polygon", "coordinates": [ [ [ 103.7512307, 1.3564931 ], [ 103.7516725, 1.3565129 ], [ 103.751746400000016, 1.3564264 ], [ 103.7517114, 1.3563736 ], [ 103.7516843, 1.3563154 ], [ 103.7516741, 1.3562619 ], [ 103.7516863, 1.3558941 ], [ 103.7516646, 1.3558405 ], [ 103.75161180000002, 1.3558121 ], [ 103.7512557, 1.3557974 ], [ 103.7512307, 1.3564931 ] ] ] } },
{ "type": "Feature", "properties": { "id": 1467955690, "name": null, "forest_area_ha": 0.26365704960298531, "source_layer": "natural", "source": "OSM" }, "geometry": { "type": "Polygon", "coordinates": [ [ [ 103.7194319, 1.3278298 ], [ 103.7196454, 1.3278759 ], [ 103.7202484, 1.3282105 ], [ 103.7198183, 1.3275149 ], [ 103.7196154, 1.327627 ], [ 103.7193452, 1.3277461 ], [ 103.7192024, 1.3277744 ], [ 103.7194319, 1.3278298 ] ] ] } },
{ "type": "Feature", "properties": { "id": 1469011527, "name": null, "forest_area_ha": 0.082442991944640512, "source_layer": "natural", "source": "OSM" }, "geometry": { "type": "Polygon", "coordinates": [ [ [ 103.9656313, 1.3270928 ], [ 103.9656211, 1.3271286 ], [ 103.9656072, 1.3271744 ], [ 103.9655653, 1.3272119 ], [ 103.9655887, 1.3272406 ], [ 103.965635, 1.3272406 ], [ 103.9656629, 1.3271991 ], [ 103.9656789, 1.3271726 ], [ 103.9657796, 1.3271983 ], [ 103.9657992, 1.3271613 ], [ 103.965849, 1.3271438 ], [ 103.9658604, 1.3270825 ], [ 103.965915100000018, 1.3270615 ], [ 103.965952, 1.3270306 ], [ 103.966005, 1.3269728 ], [ 103.9659855, 1.3269141 ], [ 103.9659381, 1.3268892 ], [ 103.965919900000017, 1.3268621 ], [ 103.9658722, 1.326882 ], [ 103.9658413, 1.3269105 ], [ 103.965814200000011, 1.3269503 ], [ 103.9657851, 1.3269503 ], [ 103.9657653, 1.3269747 ], [ 103.9657511, 1.3270113 ], [ 103.9657022, 1.3270309 ], [ 103.9656785, 1.3270554 ], [ 103.9656465, 1.3270804 ], [ 103.9656313, 1.3270928 ] ] ] } },
{ "type": "Feature", "properties": { "id": 1469026815, "name": null, "forest_area_ha": 0.070226616939980502, "source_layer": "natural", "source": "OSM" }, "geometry": { "type": "Polygon", "coordinates": [ [ [ 103.9661002, 1.3239701 ], [ 103.966108, 1.32398 ], [ 103.9661333, 1.3239979 ], [ 103.9661333, 1.3240724 ], [ 103.9660897, 1.3240969 ], [ 103.9660409, 1.324106 ], [ 103.966025, 1.3241371 ], [ 103.9660501, 1.3241723 ], [ 103.9660839, 1.3241994 ], [ 103.9661432, 1.3241994 ], [ 103.9661701, 1.3241603 ], [ 103.9662325, 1.3241794 ], [ 103.9662743, 1.3241329 ], [ 103.9662618, 1.3240904 ], [ 103.9662242, 1.3240718 ], [ 103.96621, 1.3240061 ], [ 103.9662383, 1.3239619 ], [ 103.9662672, 1.3239181 ], [ 103.9662782, 1.3238761 ], [ 103.9662389, 1.3238228 ], [ 103.966205, 1.3238129 ], [ 103.9661624, 1.3238129 ], [ 103.9661053, 1.3238362 ], [ 103.9660912, 1.3238617 ], [ 103.9660856, 1.3238927 ], [ 103.9660802, 1.323944 ], [ 103.9661002, 1.3239701 ] ] ] } },
{ "type": "Feature", "properties": { "id": 1469026816, "name": null, "forest_area_ha": 0.033631027511989216, "source_layer": "natural", "source": "OSM" }, "geometry": { "type": "Polygon", "coordinates": [ [ [ 103.9656047, 1.3244011 ], [ 103.9656173, 1.3244167 ], [ 103.9656386, 1.3244167 ], [ 103.9656717, 1.3244176 ], [ 103.965702100000016, 1.324432 ], [ 103.9657307, 1.3244328 ], [ 103.9657533, 1.3244106 ], [ 103.9657821, 1.3244106 ], [ 103.9658065, 1.3244168 ], [ 103.9658246, 1.3244128 ], [ 103.9658249, 1.3243839 ], [ 103.9658135, 1.3243625 ], [ 103.9658251, 1.3243563 ], [ 103.9658403, 1.3243563 ], [ 103.9658693, 1.3243563 ], [ 103.9659098, 1.3243563 ], [ 103.9659361, 1.3243414 ], [ 103.9659255, 1.3242985 ], [ 103.965875700000012, 1.3242975 ], [ 103.9658511, 1.324299 ], [ 103.9658159, 1.3243 ], [ 103.9657902, 1.3243245 ], [ 103.9657686, 1.3243435 ], [ 103.965741100000017, 1.3243544 ], [ 103.9657288, 1.3243474 ], [ 103.9657092, 1.3243335 ], [ 103.9656577, 1.3243168 ], [ 103.9656285, 1.3243154 ], [ 103.9655988, 1.324319 ], [ 103.965586, 1.3243435 ], [ 103.9655842, 1.3243689 ], [ 103.9655885, 1.324394 ], [ 103.9656047, 1.3244011 ] ] ] } },
{ "type": "Feature", "properties": { "id": 1471966589, "name": null, "forest_area_ha": 1.5771399892060378, "source_layer": "natural", "source": "OSM" }, "geometry": { "type": "Polygon", "coordinates": [ [ [ 103.9654114, 1.3434094 ], [ 103.9652738, 1.3435599 ], [ 103.9653236, 1.3436208 ], [ 103.9655086, 1.3435898 ], [ 103.9656842, 1.3436188 ], [ 103.9658063, 1.3438674 ], [ 103.9661953, 1.3437575 ], [ 103.9668444, 1.3445137 ], [ 103.9667451, 1.3447845 ], [ 103.9669689, 1.3451446 ], [ 103.9671662, 1.3452616 ], [ 103.9672279, 1.3451946 ], [ 103.9671833, 1.3444986 ], [ 103.9662368, 1.3433983 ], [ 103.9661808, 1.3432816 ], [ 103.9660924, 1.3423607 ], [ 103.9660712, 1.3423526 ], [ 103.9654114, 1.3434094 ] ] ] } },
{ "type": "Feature", "properties": { "id": 1482713046, "name": null, "forest_area_ha": 0.083311828484052303, "source_layer": "natural", "source": "OSM" }, "geometry": { "type": "Polygon", "coordinates": [ [ [ 103.8131363, 1.3413324 ], [ 103.8131836, 1.3413543 ], [ 103.8132986, 1.3414242 ], [ 103.8133784, 1.3414502 ], [ 103.81343, 1.3414383 ], [ 103.8134753, 1.34146 ], [ 103.8135168, 1.3414927 ], [ 103.8135718, 1.3415017 ], [ 103.8135996, 1.3414771 ], [ 103.8136205, 1.3414594 ], [ 103.813628, 1.3414084 ], [ 103.8135952, 1.3413703 ], [ 103.8135432, 1.3413664 ], [ 103.8134772, 1.3413592 ], [ 103.8134061, 1.3413225 ], [ 103.813353, 1.3412993 ], [ 103.8133068, 1.341277 ], [ 103.813248, 1.341251 ], [ 103.8131831, 1.3412163 ], [ 103.8131174, 1.3412074 ], [ 103.8130866, 1.3412232 ], [ 103.8130808, 1.3412492 ], [ 103.813083, 1.3412947 ], [ 103.8131363, 1.3413324 ] ] ] } },
{ "type": "Feature", "properties": { "id": 1482715163, "name": null, "forest_area_ha": 0.37710588750419005, "source_layer": "natural", "source": "OSM" }, "geometry": { "type": "Polygon", "coordinates": [ [ [ 103.81294410000001, 1.3388113 ], [ 103.813108900000017, 1.3387491 ], [ 103.8132263, 1.3386901 ], [ 103.8132646, 1.3385653 ], [ 103.813301, 1.3384792 ], [ 103.8134046, 1.3384356 ], [ 103.8134835, 1.3384557 ], [ 103.8135853, 1.338485 ], [ 103.8137148, 1.3384563 ], [ 103.8138111, 1.3384398 ], [ 103.8138221, 1.3384827 ], [ 103.8139009, 1.3385005 ], [ 103.8139641, 1.3384891 ], [ 103.8139902, 1.3384589 ], [ 103.814045, 1.338451 ], [ 103.8141104, 1.3384629 ], [ 103.8141824, 1.3384902 ], [ 103.8142439, 1.3384857 ], [ 103.8143965, 1.3384857 ], [ 103.8144907, 1.3385077 ], [ 103.814542700000018, 1.3385108 ], [ 103.8146272, 1.3384631 ], [ 103.8146315, 1.338401 ], [ 103.8145705, 1.3383741 ], [ 103.8144383, 1.3383709 ], [ 103.814324, 1.3383632 ], [ 103.8141759, 1.3383564 ], [ 103.8140358, 1.3383322 ], [ 103.8138229, 1.3383018 ], [ 103.8136187, 1.3382823 ], [ 103.8135211, 1.3383169 ], [ 103.813372, 1.3383594 ], [ 103.8132573, 1.3384295 ], [ 103.8131628, 1.3384941 ], [ 103.8130655, 1.3385517 ], [ 103.8129657, 1.3386221 ], [ 103.8128681, 1.3386854 ], [ 103.8127567, 1.3387336 ], [ 103.8125711, 1.3389287 ], [ 103.8125711, 1.3390005 ], [ 103.8126632, 1.3389833 ], [ 103.8127217, 1.3389257 ], [ 103.8127682, 1.3388754 ], [ 103.81294410000001, 1.3388113 ] ] ] } },
{ "type": "Feature", "properties": { "id": 1482715164, "name": null, "forest_area_ha": 0.20311483459235335, "source_layer": "natural", "source": "OSM" }, "geometry": { "type": "Polygon", "coordinates": [ [ [ 103.8138725, 1.3390664 ], [ 103.8139208, 1.33908 ], [ 103.8140544, 1.3390835 ], [ 103.8141315, 1.3390761 ], [ 103.8141941, 1.3390524 ], [ 103.814268, 1.3390381 ], [ 103.8143824, 1.3390363 ], [ 103.8144082, 1.3390905 ], [ 103.8144999, 1.3391053 ], [ 103.8145734, 1.3391007 ], [ 103.8146307, 1.3390641 ], [ 103.8146931, 1.3390641 ], [ 103.8147756, 1.3390628 ], [ 103.8148494, 1.339048 ], [ 103.8148781, 1.3390027 ], [ 103.8148523, 1.3389377 ], [ 103.8148018, 1.3389069 ], [ 103.8147304, 1.3389084 ], [ 103.8146863, 1.3389303 ], [ 103.8146244, 1.3389501 ], [ 103.8145782, 1.3389623 ], [ 103.8144898, 1.3389662 ], [ 103.8144597, 1.3389284 ], [ 103.8143789, 1.3388984 ], [ 103.814192300000016, 1.3388914 ], [ 103.8140203, 1.3388769 ], [ 103.8138756, 1.3388769 ], [ 103.8138179, 1.3389271 ], [ 103.8138451, 1.3390232 ], [ 103.8138725, 1.3390664 ] ] ] } },
{ "type": "Feature", "properties": { "id": 1482719782, "name": null, "forest_area_ha": 0.10124209958085642, "source_layer": "natural", "source": "OSM" }, "geometry": { "type": "Polygon", "coordinates": [ [ [ 103.8131816, 1.3393002 ], [ 103.8132399, 1.3392926 ], [ 103.8133518, 1.3392638 ], [ 103.8134088, 1.3392394 ], [ 103.8134359, 1.3391665 ], [ 103.8134347, 1.3390561 ], [ 103.8133779, 1.3390428 ], [ 103.8133169, 1.3390793 ], [ 103.8132286, 1.3390793 ], [ 103.8131247, 1.3390887 ], [ 103.8130455, 1.3391189 ], [ 103.8130021, 1.3391628 ], [ 103.8129959, 1.3392276 ], [ 103.8130039, 1.3392844 ], [ 103.8130606, 1.3392666 ], [ 103.8131816, 1.3393002 ] ] ] } },
{ "type": "Feature", "properties": { "id": 1482719783, "name": null, "forest_area_ha": 0.68160383484685672, "source_layer": "natural", "source": "OSM" }, "geometry": { "type": "Polygon", "coordinates": [ [ [ 103.8130324, 1.3404508 ], [ 103.813068, 1.3404527 ], [ 103.8131061, 1.3404193 ], [ 103.8131282, 1.3403906 ], [ 103.8131582, 1.3403379 ], [ 103.8132028, 1.3402548 ], [ 103.813278, 1.3401843 ], [ 103.813329, 1.340133 ], [ 103.8133919, 1.3400688 ], [ 103.813457700000015, 1.3399978 ], [ 103.8135245, 1.3399444 ], [ 103.8136345, 1.339887 ], [ 103.813662, 1.3398268 ], [ 103.8136721, 1.3397754 ], [ 103.8138003, 1.3397528 ], [ 103.813889, 1.3397017 ], [ 103.8139755, 1.3396434 ], [ 103.8140928, 1.3396035 ], [ 103.8141579, 1.339531 ], [ 103.8142304, 1.3394902 ], [ 103.8143536, 1.3395008 ], [ 103.8144417, 1.3395309 ], [ 103.814526, 1.3395322 ], [ 103.814568, 1.3395355 ], [ 103.8146543, 1.3395795 ], [ 103.8147173, 1.3395795 ], [ 103.814811, 1.3395615 ], [ 103.8148385, 1.339514 ], [ 103.8149477, 1.3395226 ], [ 103.8149701, 1.3395408 ], [ 103.8150378, 1.3395445 ], [ 103.8150853, 1.33952 ], [ 103.8151593, 1.3394612 ], [ 103.8151854, 1.3394342 ], [ 103.8152759, 1.3394342 ], [ 103.8153288, 1.3394775 ], [ 103.8154041, 1.3394801 ], [ 103.8154809, 1.3394762 ], [ 103.8155489, 1.3394908 ], [ 103.8156431, 1.3394908 ], [ 103.8156484, 1.3394355 ], [ 103.8155869, 1.3393667 ], [ 103.8155183, 1.3393379 ], [ 103.8154436, 1.3393354 ], [ 103.8153686, 1.3393354 ], [ 103.8153015, 1.3393354 ], [ 103.815158, 1.3393206 ], [ 103.8150742, 1.3393206 ], [ 103.8149533, 1.3393338 ], [ 103.8148539, 1.339349 ], [ 103.8148009, 1.3393353 ], [ 103.8147775, 1.339298 ], [ 103.8147081, 1.3392879 ], [ 103.814578, 1.3392917 ], [ 103.8144731, 1.3393595 ], [ 103.8144014, 1.3393749 ], [ 103.814259800000016, 1.3393749 ], [ 103.8141375, 1.3393762 ], [ 103.8140404, 1.3393762 ], [ 103.8139432, 1.3394036 ], [ 103.8138409, 1.3394626 ], [ 103.813707, 1.3395199 ], [ 103.8136427, 1.3395673 ], [ 103.8135868, 1.3396204 ], [ 103.8135583, 1.3396595 ], [ 103.813507500000014, 1.3396778 ], [ 103.8134629, 1.3397286 ], [ 103.8134379, 1.3397685 ], [ 103.813391, 1.3397875 ], [ 103.81339, 1.3398207 ], [ 103.8133676, 1.3398464 ], [ 103.8133361, 1.3398641 ], [ 103.8132634, 1.339935 ], [ 103.8132208, 1.3399722 ], [ 103.8131494, 1.3399952 ], [ 103.8131403, 1.3400563 ], [ 103.813076700000011, 1.3401244 ], [ 103.8130481, 1.3402319 ], [ 103.813046200000016, 1.340288 ], [ 103.8130147, 1.3404052 ], [ 103.8130324, 1.3404508 ] ] ] } },
{ "type": "Feature", "properties": { "id": 1482731933, "name": null, "forest_area_ha": 0.19832950630961807, "source_layer": "natural", "source": "OSM" }, "geometry": { "type": "Polygon", "coordinates": [ [ [ 103.8084556, 1.3425368 ], [ 103.8085933, 1.3425843 ], [ 103.8086775, 1.3425428 ], [ 103.8087522, 1.3425418 ], [ 103.8088229, 1.3425097 ], [ 103.8088823, 1.3424862 ], [ 103.8088952, 1.342469 ], [ 103.8089077, 1.3424215 ], [ 103.8089597, 1.3424496 ], [ 103.809009, 1.342432 ], [ 103.8090343, 1.3423992 ], [ 103.8090332, 1.3423656 ], [ 103.809017200000014, 1.3423155 ], [ 103.8089771, 1.342304 ], [ 103.8089248, 1.3423222 ], [ 103.8089045, 1.342343 ], [ 103.8088706, 1.3423419 ], [ 103.8088365, 1.342347 ], [ 103.8088203, 1.3423663 ], [ 103.8087964, 1.3423789 ], [ 103.8087746, 1.3423599 ], [ 103.808774, 1.3423217 ], [ 103.8088079, 1.3422933 ], [ 103.808802, 1.3422407 ], [ 103.8087667, 1.3422269 ], [ 103.8087104, 1.3422269 ], [ 103.8086358, 1.3422269 ], [ 103.8086167, 1.3422648 ], [ 103.8086007, 1.3423125 ], [ 103.8085047, 1.3423125 ], [ 103.8084088, 1.3423111 ], [ 103.808302, 1.3423111 ], [ 103.8082413, 1.3423603 ], [ 103.8082413, 1.3423829 ], [ 103.8082684, 1.3424118 ], [ 103.8083072, 1.3424389 ], [ 103.8083277, 1.3424795 ], [ 103.808369, 1.3425075 ], [ 103.8084556, 1.3425368 ] ] ] } },
{ "type": "Feature", "properties": { "id": 1482732411, "name": null, "forest_area_ha": 0.19458690632948744, "source_layer": "natural", "source": "OSM" }, "geometry": { "type": "Polygon", "coordinates": [ [ [ 103.8059426, 1.3433653 ], [ 103.8059594, 1.3433923 ], [ 103.8059839, 1.3434797 ], [ 103.8060047, 1.3435437 ], [ 103.8060439, 1.3435797 ], [ 103.8061028, 1.3436262 ], [ 103.8061536, 1.3436862 ], [ 103.8061768, 1.3437317 ], [ 103.806219, 1.3437811 ], [ 103.8062617, 1.3438191 ], [ 103.8063504, 1.3438495 ], [ 103.8063601, 1.3438067 ], [ 103.8062502, 1.3437594 ], [ 103.8062638, 1.3437215 ], [ 103.8062623, 1.3436559 ], [ 103.806295, 1.3436444 ], [ 103.8063088, 1.3435902 ], [ 103.8062322, 1.3435154 ], [ 103.8062719, 1.3434349 ], [ 103.806289400000011, 1.3433741 ], [ 103.8062297, 1.3432235 ], [ 103.8061603, 1.3431408 ], [ 103.8060649, 1.343138 ], [ 103.8060084, 1.3431842 ], [ 103.805937, 1.3432443 ], [ 103.8058831, 1.3432817 ], [ 103.8058888, 1.3433486 ], [ 103.8059426, 1.3433653 ] ] ] } },
{ "type": "Feature", "properties": { "id": 1482732414, "name": null, "forest_area_ha": 0.027191805325166053, "source_layer": "natural", "source": "OSM" }, "geometry": { "type": "Polygon", "coordinates": [ [ [ 103.8056349, 1.3479397 ], [ 103.805659300000016, 1.3479433 ], [ 103.805681800000016, 1.3479397 ], [ 103.805706300000011, 1.3479195 ], [ 103.8057236, 1.3478937 ], [ 103.8057246, 1.3478369 ], [ 103.8057325, 1.3477716 ], [ 103.8057325, 1.3477245 ], [ 103.805758, 1.3476647 ], [ 103.805705100000011, 1.3476506 ], [ 103.8056762, 1.347699 ], [ 103.8056538, 1.3477507 ], [ 103.8056521, 1.3477987 ], [ 103.8056393, 1.3478543 ], [ 103.8056141, 1.3479248 ], [ 103.8056349, 1.3479397 ] ] ] } },
{ "type": "Feature", "properties": { "id": 1482732415, "name": null, "forest_area_ha": 0.26454157792886679, "source_layer": "natural", "source": "OSM" }, "geometry": { "type": "Polygon", "coordinates": [ [ [ 103.8057865, 1.3463214 ], [ 103.8058113, 1.3463499 ], [ 103.8058441, 1.3463876 ], [ 103.8058727, 1.3464718 ], [ 103.8059543, 1.3465447 ], [ 103.8060076, 1.3465646 ], [ 103.806077, 1.3465378 ], [ 103.8060857, 1.3464448 ], [ 103.8060697, 1.3463523 ], [ 103.8060924, 1.3463397 ], [ 103.8060924, 1.3462719 ], [ 103.8060924, 1.3462202 ], [ 103.8060789, 1.3461215 ], [ 103.8060167, 1.3460758 ], [ 103.8059604, 1.3460939 ], [ 103.8058658, 1.3461511 ], [ 103.8059099, 1.3460428 ], [ 103.8060033, 1.3459134 ], [ 103.8060761, 1.3458889 ], [ 103.8061857, 1.3458765 ], [ 103.8062935, 1.3459297 ], [ 103.8063161, 1.3458434 ], [ 103.806228, 1.3457739 ], [ 103.8061485, 1.3457258 ], [ 103.80606640000002, 1.3457199 ], [ 103.8060051, 1.3457776 ], [ 103.805926, 1.3458355 ], [ 103.8058979, 1.3458724 ], [ 103.8058533, 1.3458941 ], [ 103.8058078, 1.3459458 ], [ 103.8057573, 1.3460031 ], [ 103.8057185, 1.3460732 ], [ 103.8057152, 1.3461421 ], [ 103.8057338, 1.3462935 ], [ 103.8057865, 1.3463214 ] ] ] } },
{ "type": "Feature", "properties": { "id": 1482732416, "name": null, "forest_area_ha": 0.033722541973496979, "source_layer": "natural", "source": "OSM" }, "geometry": { "type": "Polygon", "coordinates": [ [ [ 103.8057259, 1.3459518 ], [ 103.8057556, 1.345951 ], [ 103.8058078, 1.3459458 ], [ 103.8058102, 1.3459013 ], [ 103.8058102, 1.345826 ], [ 103.8058102, 1.3457629 ], [ 103.8057779, 1.3457203 ], [ 103.805754, 1.3457318 ], [ 103.8056674, 1.3457691 ], [ 103.8056674, 1.3458257 ], [ 103.8056882, 1.3459296 ], [ 103.8057259, 1.3459518 ] ] ] } },
{ "type": "Feature", "properties": { "id": 1482733072, "name": null, "forest_area_ha": 0.077874094009151559, "source_layer": "natural", "source": "OSM" }, "geometry": { "type": "Polygon", "coordinates": [ [ [ 103.80858760000001, 1.3467155 ], [ 103.80864870000002, 1.3466885 ], [ 103.8087315, 1.3466869 ], [ 103.808769, 1.346607 ], [ 103.8087728, 1.3465516 ], [ 103.8087866, 1.3464761 ], [ 103.8088037, 1.3464408 ], [ 103.8088037, 1.346391 ], [ 103.808737900000011, 1.346391 ], [ 103.8086616, 1.3463933 ], [ 103.8085983, 1.3463991 ], [ 103.8085931, 1.3464787 ], [ 103.8085931, 1.346533 ], [ 103.80856350000002, 1.3465889 ], [ 103.8085429, 1.3466119 ], [ 103.808515, 1.3466597 ], [ 103.808502, 1.3467009 ], [ 103.80858760000001, 1.3467155 ] ] ] } },
{ "type": "Feature", "properties": { "id": 1483839267, "name": null, "forest_area_ha": 0.024192997970025332, "source_layer": "natural", "source": "OSM" }, "geometry": { "type": "Polygon", "coordinates": [ [ [ 103.7659052, 1.3518624 ], [ 103.765907, 1.3518416 ], [ 103.7659011, 1.35182 ], [ 103.7659064, 1.3517905 ], [ 103.7658957, 1.3517714 ], [ 103.7658784, 1.3517626 ], [ 103.7658561, 1.3517621 ], [ 103.7658613, 1.3517443 ], [ 103.7658522, 1.3517275 ], [ 103.7658411, 1.3517143 ], [ 103.7658179, 1.3517091 ], [ 103.7658069, 1.3516792 ], [ 103.7657899, 1.3516759 ], [ 103.765779, 1.3516902 ], [ 103.765779600000016, 1.3517203 ], [ 103.76576270000001, 1.3517204 ], [ 103.765752, 1.3517328 ], [ 103.7657467, 1.3517494 ], [ 103.7657483, 1.3517698 ], [ 103.7657582, 1.3517868 ], [ 103.7657766, 1.3517896 ], [ 103.7657745, 1.3518276 ], [ 103.7657939, 1.3518538 ], [ 103.7658227, 1.3518588 ], [ 103.7658457, 1.3518724 ], [ 103.7658653, 1.3518787 ], [ 103.7658858, 1.3518819 ], [ 103.7659052, 1.3518624 ] ] ] } },
{ "type": "Feature", "properties": { "id": 1492117764, "name": null, "forest_area_ha": 0.19348725845230386, "source_layer": "natural", "source": "OSM" }, "geometry": { "type": "Polygon", "coordinates": [ [ [ 103.871467100000018, 1.4018251 ], [ 103.8716292, 1.4018984 ], [ 103.8717964, 1.4019061 ], [ 103.8719109, 1.4019202 ], [ 103.8720125, 1.4019177 ], [ 103.8720447, 1.4019035 ], [ 103.8721, 1.4018148 ], [ 103.8721296, 1.4017248 ], [ 103.8721296, 1.4016759 ], [ 103.8713835, 1.4016579 ], [ 103.8713873, 1.4017788 ], [ 103.871467100000018, 1.4018251 ] ] ] } },
{ "type": "Feature", "properties": { "id": 1492121281, "name": null, "forest_area_ha": 0.13728300714495362, "source_layer": "natural", "source": "OSM" }, "geometry": { "type": "Polygon", "coordinates": [ [ [ 103.8716667, 1.4023345 ], [ 103.8716912, 1.4023233 ], [ 103.8717303, 1.4022965 ], [ 103.8717851, 1.4022496 ], [ 103.8718632, 1.4021871 ], [ 103.8719537, 1.402119 ], [ 103.8720319, 1.4020799 ], [ 103.8720174, 1.4020341 ], [ 103.8719492, 1.4020297 ], [ 103.8718387, 1.4020107 ], [ 103.8717013, 1.4019872 ], [ 103.8716466, 1.4019883 ], [ 103.8716108, 1.4020017 ], [ 103.8715695, 1.402023 ], [ 103.8715416, 1.4020542 ], [ 103.8715282, 1.4020888 ], [ 103.8715215, 1.4021234 ], [ 103.8715181, 1.4021603 ], [ 103.8715215, 1.4022027 ], [ 103.8715304, 1.4022451 ], [ 103.8715416, 1.4022742 ], [ 103.8715628, 1.4023043 ], [ 103.871599700000019, 1.4023278 ], [ 103.8716332, 1.4023378 ], [ 103.8716667, 1.4023345 ] ] ] } },
{ "type": "Feature", "properties": { "id": 1495774301, "name": null, "forest_area_ha": 1.9874665085355412, "source_layer": "natural", "source": "OSM" }, "geometry": { "type": "Polygon", "coordinates": [ [ [ 103.8745273, 1.4024802 ], [ 103.874429, 1.4024813 ], [ 103.8742383, 1.4024887 ], [ 103.8736918, 1.4024714 ], [ 103.8732848, 1.4024503 ], [ 103.8728649, 1.4024269 ], [ 103.8727643, 1.4023937 ], [ 103.8726769, 1.4023479 ], [ 103.8724025, 1.4021319 ], [ 103.8721701, 1.4024071 ], [ 103.8721164, 1.4024903 ], [ 103.872061800000012, 1.4026424 ], [ 103.872042, 1.4027704 ], [ 103.8720571, 1.4029261 ], [ 103.8720778, 1.4030437 ], [ 103.8720838, 1.4031519 ], [ 103.8740075, 1.4031357 ], [ 103.8745273, 1.4024802 ] ] ] } },
{ "type": "Feature", "properties": { "id": 1498925328, "name": null, "forest_area_ha": 0.045872836849398739, "source_layer": "natural", "source": "OSM" }, "geometry": { "type": "Polygon", "coordinates": [ [ [ 103.8082719, 1.343322 ], [ 103.8083278, 1.3433658 ], [ 103.8083715, 1.343377 ], [ 103.8084261, 1.343377 ], [ 103.808473, 1.3433651 ], [ 103.8084823, 1.3433172 ], [ 103.8084859, 1.3432937 ], [ 103.8085038, 1.3432338 ], [ 103.8084893, 1.34321 ], [ 103.8084273, 1.3431863 ], [ 103.8083695, 1.3431738 ], [ 103.808301, 1.3431926 ], [ 103.808286200000012, 1.3432207 ], [ 103.8082765, 1.3432557 ], [ 103.8082719, 1.343322 ] ] ] } },
{ "type": "Feature", "properties": { "id": 1498925329, "name": null, "forest_area_ha": 0.19665039553929226, "source_layer": "natural", "source": "OSM" }, "geometry": { "type": "Polygon", "coordinates": [ [ [ 103.807957500000015, 1.3427666 ], [ 103.807899, 1.3427596 ], [ 103.8078049, 1.3427123 ], [ 103.807738, 1.3426238 ], [ 103.8076662, 1.3425914 ], [ 103.8075953, 1.342626 ], [ 103.8075461, 1.342677 ], [ 103.8076018, 1.3428011 ], [ 103.8076805, 1.3428551 ], [ 103.8077492, 1.3429237 ], [ 103.8078331, 1.3429359 ], [ 103.8078768, 1.3429545 ], [ 103.8078826, 1.3429972 ], [ 103.8078853, 1.34311 ], [ 103.8079148, 1.3431763 ], [ 103.8079229, 1.343235 ], [ 103.8079884, 1.3432301 ], [ 103.8080765, 1.3431411 ], [ 103.8080946, 1.3431052 ], [ 103.8081089, 1.3429211 ], [ 103.8081035, 1.3428492 ], [ 103.80804710000001, 1.3428048 ], [ 103.807984, 1.3427712 ], [ 103.807957500000015, 1.3427666 ] ] ] } },
{ "type": "Feature", "properties": { "id": 1498925330, "name": null, "forest_area_ha": 0.021911739565426181, "source_layer": "natural", "source": "OSM" }, "geometry": { "type": "Polygon", "coordinates": [ [ [ 103.808126, 1.3429686 ], [ 103.8081132, 1.343016 ], [ 103.8081132, 1.3430507 ], [ 103.8081223, 1.3430922 ], [ 103.8081731, 1.3431096 ], [ 103.8082511, 1.3431129 ], [ 103.808281800000017, 1.343035 ], [ 103.8082263, 1.3429971 ], [ 103.8081664, 1.342977 ], [ 103.808126, 1.3429686 ] ] ] } },
{ "type": "Feature", "properties": { "id": 1498979942, "name": null, "forest_area_ha": 16.321733224185497, "source_layer": "natural", "source": "OSM" }, "geometry": { "type": "Polygon", "coordinates": [ [ [ 103.8762778, 1.4065093 ], [ 103.8760677, 1.4063484 ], [ 103.8759838, 1.4060405 ], [ 103.8767435, 1.4041423 ], [ 103.8767018, 1.4038026 ], [ 103.87666950000002, 1.4036486 ], [ 103.8765929, 1.4033687 ], [ 103.8765469, 1.4033629 ], [ 103.8765159, 1.4032753 ], [ 103.8756932, 1.4030895 ], [ 103.8755653, 1.4030986 ], [ 103.8753885, 1.4031504 ], [ 103.8753306, 1.4031809 ], [ 103.8728381, 1.4032235 ], [ 103.8727985, 1.4032448 ], [ 103.8727924, 1.4032783 ], [ 103.8727833, 1.4033393 ], [ 103.8727437, 1.4034032 ], [ 103.8727284, 1.4036073 ], [ 103.8727437, 1.4036987 ], [ 103.8727924, 1.403787 ], [ 103.8728716, 1.4038327 ], [ 103.8729448, 1.4038419 ], [ 103.872990500000014, 1.4039089 ], [ 103.873027, 1.4040368 ], [ 103.8730301, 1.4044206 ], [ 103.8730392, 1.4045212 ], [ 103.8729752, 1.4048014 ], [ 103.872954, 1.4049867 ], [ 103.8729143, 1.4050664 ], [ 103.8729143, 1.4051852 ], [ 103.8729113, 1.4053467 ], [ 103.8729052, 1.4054868 ], [ 103.8729539, 1.4056391 ], [ 103.873027, 1.4057884 ], [ 103.8731124, 1.4059407 ], [ 103.8731611, 1.4060534 ], [ 103.873142800000011, 1.4062087 ], [ 103.8731063, 1.4063001 ], [ 103.8730453, 1.4063458 ], [ 103.8730149, 1.4064006 ], [ 103.8730301, 1.4064798 ], [ 103.8730788, 1.4065316 ], [ 103.8731063, 1.4065925 ], [ 103.8731093, 1.4066382 ], [ 103.8730728, 1.4066596 ], [ 103.8730362, 1.406687 ], [ 103.873011800000015, 1.4067388 ], [ 103.873011800000015, 1.4068393 ], [ 103.8730057, 1.4069063 ], [ 103.873024, 1.4069885 ], [ 103.8729996, 1.407083 ], [ 103.8729234, 1.4071256 ], [ 103.8728625, 1.4071774 ], [ 103.8728077, 1.4072018 ], [ 103.8727924, 1.4072505 ], [ 103.8728198, 1.407284 ], [ 103.8728716, 1.4073267 ], [ 103.8728508, 1.4073618 ], [ 103.8728635, 1.407395 ], [ 103.8729037, 1.4074127 ], [ 103.8728943, 1.407416 ], [ 103.8728745, 1.4074189 ], [ 103.8729003, 1.4075325 ], [ 103.8763035, 1.4065994 ], [ 103.8762778, 1.4065093 ] ] ] } },
{ "type": "Feature", "properties": { "id": 1501010914, "name": null, "forest_area_ha": 11.177752439442793, "source_layer": "natural", "source": "OSM" }, "geometry": { "type": "Polygon", "coordinates": [ [ [ 103.8768255, 1.4092905 ], [ 103.8778276, 1.4091624 ], [ 103.878532100000015, 1.4090586 ], [ 103.879195, 1.408934 ], [ 103.8796623, 1.4088389 ], [ 103.8797921, 1.4087991 ], [ 103.8799545, 1.4087087 ], [ 103.8801811, 1.4085631 ], [ 103.8803857, 1.4084155 ], [ 103.8799309, 1.4076081 ], [ 103.879574, 1.4069484 ], [ 103.8793846, 1.4066354 ], [ 103.8792769, 1.4065218 ], [ 103.8791852, 1.4064341 ], [ 103.8790437, 1.4063445 ], [ 103.8788922, 1.4062787 ], [ 103.8787685, 1.4062269 ], [ 103.878623, 1.406189 ], [ 103.8784276, 1.4061671 ], [ 103.8782961, 1.4061651 ], [ 103.8781186, 1.406187 ], [ 103.8778734, 1.4062448 ], [ 103.8772632, 1.4064004 ], [ 103.8775633, 1.407611 ], [ 103.8759603, 1.4080927 ], [ 103.8756782, 1.4088816 ], [ 103.8757379, 1.4091791 ], [ 103.8755009, 1.409221 ], [ 103.8755508, 1.4094746 ], [ 103.8768255, 1.4092905 ] ] ] } },
{ "type": "Feature", "properties": { "id": 1501036124, "name": null, "forest_area_ha": 0.33997395454869977, "source_layer": "natural", "source": "OSM" }, "geometry": { "type": "Polygon", "coordinates": [ [ [ 103.8726576, 1.4095012 ], [ 103.8727075, 1.4094891 ], [ 103.8727764, 1.4093824 ], [ 103.8727856, 1.4093887 ], [ 103.8730353, 1.4090386 ], [ 103.8730663, 1.4090565 ], [ 103.8730799, 1.4090317 ], [ 103.8730618, 1.4089366 ], [ 103.873175, 1.4087634 ], [ 103.87312270000001, 1.4087273 ], [ 103.8731411, 1.4086978 ], [ 103.873141600000011, 1.4086469 ], [ 103.8731062, 1.408613 ], [ 103.8730562, 1.4086096 ], [ 103.872983, 1.4085252 ], [ 103.8728904, 1.4085417 ], [ 103.8727541, 1.4087211 ], [ 103.8727626, 1.4088124 ], [ 103.8726004, 1.4089251 ], [ 103.8726269, 1.4091 ], [ 103.8726952, 1.4090522 ], [ 103.8727214, 1.409087 ], [ 103.8727797, 1.4091221 ], [ 103.8727732, 1.4091781 ], [ 103.8727236, 1.4092838 ], [ 103.8726936, 1.4092551 ], [ 103.8726402, 1.4092629 ], [ 103.8726363, 1.4093138 ], [ 103.8725676, 1.4094415 ], [ 103.8726576, 1.4095012 ] ] ] } },
{ "type": "Feature", "properties": { "id": 1501036127, "name": null, "forest_area_ha": 0.93731160281587522, "source_layer": "natural", "source": "OSM" }, "geometry": { "type": "Polygon", "coordinates": [ [ [ 103.8733552, 1.4093165 ], [ 103.8735381, 1.40946 ], [ 103.8736305, 1.409516 ], [ 103.8737583, 1.4096133 ], [ 103.873844, 1.4096385 ], [ 103.8739008, 1.4096339 ], [ 103.873947, 1.409573 ], [ 103.8741486, 1.4092968 ], [ 103.8741434, 1.4092455 ], [ 103.8740656, 1.4092609 ], [ 103.87405867518757, 1.409230701454568 ], [ 103.874010570184055, 1.409257981842046 ], [ 103.874058675187555, 1.409230701454568 ], [ 103.8738614, 1.4083704 ], [ 103.87334, 1.4084608 ], [ 103.8733591, 1.4084923 ], [ 103.8733708, 1.4085584 ], [ 103.8733679, 1.4086019 ], [ 103.8733451, 1.408658 ], [ 103.8733206, 1.4087009 ], [ 103.8733347, 1.4088661 ], [ 103.8733809, 1.4088942 ], [ 103.8734397, 1.4089214 ], [ 103.873463500000014, 1.4089531 ], [ 103.8734522, 1.4089882 ], [ 103.8734148, 1.4090006 ], [ 103.8733752, 1.4089814 ], [ 103.8733503, 1.4089655 ], [ 103.8732574, 1.408952 ], [ 103.8732155, 1.408952 ], [ 103.873177, 1.4089746 ], [ 103.8731521, 1.4090006 ], [ 103.8731419, 1.4090414 ], [ 103.8731532, 1.4091003 ], [ 103.8731951, 1.4091603 ], [ 103.8732302, 1.4091965 ], [ 103.8732382, 1.4092338 ], [ 103.873228, 1.4092474 ], [ 103.8732246, 1.4092893 ], [ 103.8732578, 1.4093126 ], [ 103.8733552, 1.4093165 ] ] ] } },
{ "type": "Feature", "properties": { "id": 1501036129, "name": null, "forest_area_ha": 1.1730738722777154, "source_layer": "natural", "source": "OSM" }, "geometry": { "type": "Polygon", "coordinates": [ [ [ 103.8740018, 1.4104317 ], [ 103.8741433, 1.4104062 ], [ 103.8742928, 1.4104199 ], [ 103.8743586, 1.410418 ], [ 103.8744481, 1.4103747 ], [ 103.8744678, 1.4103649 ], [ 103.8745218, 1.4103747 ], [ 103.8745228, 1.4103944 ], [ 103.8746554, 1.4105946 ], [ 103.8757244, 1.4097371 ], [ 103.875631500000011, 1.4096085 ], [ 103.8750044, 1.4096964 ], [ 103.8749996, 1.4097203 ], [ 103.8749763, 1.4097404 ], [ 103.8749305, 1.4097462 ], [ 103.8748685, 1.4097507 ], [ 103.87484790000002, 1.409745 ], [ 103.874841, 1.4097295 ], [ 103.874837, 1.4097227 ], [ 103.8748272, 1.4097226 ], [ 103.874789600000014, 1.4097336 ], [ 103.8747035, 1.4097478 ], [ 103.8746692, 1.4097332 ], [ 103.8746298, 1.4097236 ], [ 103.8746074, 1.4097259 ], [ 103.874537, 1.40973 ], [ 103.874472, 1.4097556 ], [ 103.8744153, 1.4097401 ], [ 103.8743636, 1.4097689 ], [ 103.8742699, 1.4097636 ], [ 103.8742, 1.4097643 ], [ 103.8741525, 1.4097748 ], [ 103.874077, 1.4098188 ], [ 103.8740521, 1.4099178 ], [ 103.8740067, 1.4099801 ], [ 103.8739982, 1.4100736 ], [ 103.8739784, 1.4101955 ], [ 103.87395, 1.4102876 ], [ 103.873938900000013, 1.410418 ], [ 103.8740018, 1.4104317 ] ] ] } },
{ "type": "Feature", "properties": { "id": 1501294991, "name": null, "forest_area_ha": 1.8692566645444735, "source_layer": "natural", "source": "OSM" }, "geometry": { "type": "Polygon", "coordinates": [ [ [ 103.7848221, 1.4072319 ], [ 103.7850498, 1.4071793 ], [ 103.785234200000019, 1.4071736 ], [ 103.7855404, 1.4065368 ], [ 103.7860395, 1.406549 ], [ 103.78649, 1.4062502 ], [ 103.7867259, 1.4058237 ], [ 103.7867367, 1.4054636 ], [ 103.7865873, 1.4048771 ], [ 103.7850885, 1.4066824 ], [ 103.78471, 1.4071006 ], [ 103.7844528, 1.4072549 ], [ 103.784376, 1.4073476 ], [ 103.7847609, 1.4073408 ], [ 103.7848221, 1.4072319 ] ] ] } },
{ "type": "Feature", "properties": { "id": 1501294994, "name": null, "forest_area_ha": 2.6647327438394326, "source_layer": "natural", "source": "OSM" }, "geometry": { "type": "Polygon", "coordinates": [ [ [ 103.788937300000015, 1.4056895 ], [ 103.7887915, 1.4056612 ], [ 103.7886396, 1.4057958 ], [ 103.7884495, 1.4060424 ], [ 103.7881294, 1.406035 ], [ 103.7877717, 1.4058641 ], [ 103.7876504, 1.4056843 ], [ 103.787653, 1.4054826 ], [ 103.7879728, 1.4044501 ], [ 103.787866, 1.4043418 ], [ 103.787519, 1.4043816 ], [ 103.7870673, 1.4045274 ], [ 103.7869204, 1.4046305 ], [ 103.7872458, 1.4059616 ], [ 103.7875635, 1.4065564 ], [ 103.7880381, 1.4068044 ], [ 103.7883839, 1.4067534 ], [ 103.7886999, 1.4066021 ], [ 103.7889288, 1.405884 ], [ 103.788937300000015, 1.4056895 ] ] ] } },
{ "type": "Feature", "properties": { "id": 1509686987, "name": null, "forest_area_ha": 0.68679314404170311, "source_layer": "natural", "source": "OSM" }, "geometry": { "type": "Polygon", "coordinates": [ [ [ 103.8331532, 1.2894658 ], [ 103.8330978, 1.2889377 ], [ 103.8332438, 1.2889534 ], [ 103.8332775, 1.2887278 ], [ 103.8323949, 1.2888749 ], [ 103.8323471, 1.2889245 ], [ 103.832279400000019, 1.2894873 ], [ 103.8331532, 1.2894658 ] ] ] } },
{ "type": "Feature", "properties": { "id": 1509693176, "name": null, "forest_area_ha": 0.61803983628268577, "source_layer": "natural", "source": "OSM" }, "geometry": { "type": "Polygon", "coordinates": [ [ [ 103.8408144, 1.2826279 ], [ 103.8406899, 1.2823751 ], [ 103.8400867, 1.2823676 ], [ 103.8400302, 1.2822662 ], [ 103.83915, 1.282324 ], [ 103.8390082, 1.2824451 ], [ 103.8390989, 1.2824848 ], [ 103.8397377, 1.2825144 ], [ 103.8404144, 1.2828079 ], [ 103.840458, 1.2829131 ], [ 103.8408144, 1.2826279 ] ] ] } },
{ "type": "Feature", "properties": { "id": 1524425937, "name": null, "forest_area_ha": 2.1596646211484383, "source_layer": "natural", "source": "OSM" }, "geometry": { "type": "Polygon", "coordinates": [ [ [ 103.7282714, 1.4012704 ], [ 103.7271108, 1.400622 ], [ 103.7269552, 1.4008085 ], [ 103.7270522, 1.4009175 ], [ 103.7272075, 1.401145 ], [ 103.7272651, 1.4013883 ], [ 103.7272192, 1.4015694 ], [ 103.7272703, 1.4017035 ], [ 103.7272964, 1.401836 ], [ 103.7274626, 1.4019573 ], [ 103.7275734, 1.4020014 ], [ 103.72761340000001, 1.402044 ], [ 103.727680100000015, 1.4022376 ], [ 103.727781, 1.4025139 ], [ 103.7278401, 1.4028193 ], [ 103.727893900000012, 1.4029539 ], [ 103.727936, 1.4029771 ], [ 103.7287336, 1.4015287 ], [ 103.7282714, 1.4012704 ] ] ] } },
{ "type": "Feature", "properties": { "id": 1530948609, "name": null, "forest_area_ha": 0.086438745008215911, "source_layer": "natural", "source": "OSM" }, "geometry": { "type": "Polygon", "coordinates": [ [ [ 103.8230767, 1.2568996 ], [ 103.8231655, 1.2568943 ], [ 103.8232201, 1.2568595 ], [ 103.8232796, 1.2567971 ], [ 103.823194, 1.2567376 ], [ 103.8232193, 1.2567126 ], [ 103.8231812, 1.2566826 ], [ 103.8232483, 1.256566 ], [ 103.8232364, 1.2565574 ], [ 103.8230282, 1.2566388 ], [ 103.8229673, 1.2567548 ], [ 103.8229404, 1.2568765 ], [ 103.8230767, 1.2568996 ] ] ] } },
{ "type": "Feature", "properties": { "id": 1536453104, "name": null, "forest_area_ha": 0.057557241035020003, "source_layer": "natural", "source": "OSM" }, "geometry": { "type": "Polygon", "coordinates": [ [ [ 103.8412374, 1.3565009 ], [ 103.8412065, 1.3564519 ], [ 103.8411035, 1.3563869 ], [ 103.8410528, 1.3562443 ], [ 103.8408765, 1.3563232 ], [ 103.8409509, 1.3564818 ], [ 103.8412374, 1.3565009 ] ] ] } },
{ "type": "Feature", "properties": { "id": 1547842010, "name": null, "forest_area_ha": 0.41965684027918976, "source_layer": "natural", "source": "OSM" }, "geometry": { "type": "Polygon", "coordinates": [ [ [ 103.8394431, 1.362717 ], [ 103.8392708, 1.3622537 ], [ 103.8402875, 1.3618321 ], [ 103.8406923, 1.361826 ], [ 103.8406988, 1.3616878 ], [ 103.8405409, 1.3616525 ], [ 103.8404886, 1.3615209 ], [ 103.8400957, 1.3616996 ], [ 103.8401261, 1.361772 ], [ 103.839909, 1.3618729 ], [ 103.839632, 1.3618939 ], [ 103.8391678, 1.3620973 ], [ 103.8391388, 1.3621779 ], [ 103.8393598, 1.3627532 ], [ 103.8394431, 1.362717 ] ], [ [ 103.839255463029104, 1.362201698706387 ], [ 103.839400282036934, 1.362139868814368 ], [ 103.839544383437072, 1.362076363279649 ], [ 103.839687748090029, 1.362011190537003 ], [ 103.839544383437072, 1.362076363279652 ], [ 103.839400282036934, 1.362139868814372 ], [ 103.839255463029104, 1.362201698706387 ] ] ] } }
]
}
